Order_ID,Customer_ID,Customer_Age,Category,Product_Name,Unit_Price,Quantity,Region,Payment_Method,Sales_Channel,Customer_Rating,Marketing_Spend,Order_Date,Total_Amount,Profit_Margin,Profit,Order_Year,Order_Month,Order_Quarter,Day_Of_Week,Age_Group
ORD-1227,CUST-176,44,Beauty & Care,Lipstick Matte,68.91,1,South,Credit Card,Website,3.1,70.4,2023-01-01,68.91,0.42,28.94,2023,2023-01,2023Q1,Sunday,Middle-Aged (35-49)
ORD-1854,CUST-334,65,Home & Kitchen,Blender 500W,193.11,2,North,Bank Transfer,Website,3.6,145.91,2023-01-01,386.22,0.28,108.14,2023,2023-01,2023Q1,Sunday,Seniors (50+)
ORD-1681,CUST-264,63,Fashion,Women Dress,20.77,3,North,Bank Transfer,Store Affiliate,3.2,149.71,2023-01-01,62.31,0.35,21.81,2023,2023-01,2023Q1,Sunday,Seniors (50+)
ORD-1621,CUST-139,29,Books,Atomic Habits,26.59,4,Central,COD (Cash on Delivery),Store Affiliate,4.9,112.29,2023-01-02,106.36,0.25,26.59,2023,2023-01,2023Q1,Monday,Young Adults (25-34)
ORD-1203,CUST-168,60,Electronics,Smartphone X,1070.37,2,North,COD (Cash on Delivery),Mobile App,3.9,85.27,2023-01-03,2140.74,0.18,385.33,2023,2023-01,2023Q1,Tuesday,Seniors (50+)
ORD-1256,CUST-114,44,Sports & Outdoors,Water Bottle,62.0,5,North,Bank Transfer,Social Media,4.0,138.29,2023-01-04,310.0,0.3,93.0,2023,2023-01,2023Q1,Wednesday,Middle-Aged (35-49)
ORD-1492,CUST-339,28,Electronics,Bluetooth Speaker,163.61,5,North,COD (Cash on Delivery),Social Media,3.8,101.85,2023-01-04,818.05,0.18,147.25,2023,2023-01,2023Q1,Wednesday,Young Adults (25-34)
ORD-1585,CUST-331,59,Home & Kitchen,Coffee Maker,244.77,2,South,Bank Transfer,Website,4.7,139.79,2023-01-04,489.54,0.28,137.07,2023,2023-01,2023Q1,Wednesday,Seniors (50+)
ORD-1795,CUST-172,31,Home & Kitchen,Air Fryer,38.62,5,Central,COD (Cash on Delivery),Website,3.5,78.58,2023-01-06,193.1,0.28,54.07,2023,2023-01,2023Q1,Friday,Young Adults (25-34)
ORD-2132,CUST-219,51,Books,Atomic Habits,30.54,5,South,Credit Card,Social Media,3.1,116.65,2023-01-06,152.7,0.25,38.17,2023,2023-01,2023Q1,Friday,Seniors (50+)
ORD-1845,CUST-145,37,Sports & Outdoors,Bicycle Helmet,90.26,1,Central,Bank Transfer,Store Affiliate,3.9,90.64,2023-01-06,90.26,0.3,27.08,2023,2023-01,2023Q1,Friday,Middle-Aged (35-49)
ORD-1143,CUST-283,59,Books,Atomic Habits,21.07,1,Central,Bank Transfer,Website,4.8,75.9,2023-01-07,21.07,0.25,5.27,2023,2023-01,2023Q1,Saturday,Seniors (50+)
ORD-2131,CUST-223,63,Electronics,Smart Watch,531.32,1,South,COD (Cash on Delivery),Website,3.5,144.43,2023-01-07,531.32,0.18,95.64,2023,2023-01,2023Q1,Saturday,Seniors (50+)
ORD-1098,CUST-141,37,Books,Atomic Habits,17.78,4,South,E-Wallet,Mobile App,4.6,95.45,2023-01-07,71.12,0.25,17.78,2023,2023-01,2023Q1,Saturday,Middle-Aged (35-49)
ORD-1666,CUST-323,49,Electronics,Smartphone X,497.39,2,International,E-Wallet,Website,3.3,127.58,2023-01-08,994.78,0.18,179.06,2023,2023-01,2023Q1,Sunday,Middle-Aged (35-49)
ORD-1739,CUST-269,45,Sports & Outdoors,Dumbbell Set,52.35,5,North,Credit Card,Store Affiliate,4.4,82.29,2023-01-08,261.75,0.3,78.52,2023,2023-01,2023Q1,Sunday,Middle-Aged (35-49)
ORD-2138,CUST-182,46,Home & Kitchen,Coffee Maker,175.64,4,North,Credit Card,Website,4.7,74.95,2023-01-08,702.56,0.28,196.72,2023,2023-01,2023Q1,Sunday,Middle-Aged (35-49)
ORD-1124,CUST-275,20,Books,Psychology Of Money,39.79,2,North,Credit Card,Social Media,4.8,110.56,2023-01-08,79.58,0.25,19.9,2023,2023-01,2023Q1,Sunday,Gen Z (<25)
ORD-1604,CUST-110,54,Sports & Outdoors,Water Bottle,109.16,1,South,COD (Cash on Delivery),Mobile App,4.7,59.06,2023-01-09,109.16,0.3,32.75,2023,2023-01,2023Q1,Monday,Seniors (50+)
ORD-1443,CUST-318,43,Electronics,Smart Watch,1180.4,1,North,Bank Transfer,Store Affiliate,3.1,37.78,2023-01-09,1180.4,0.18,212.47,2023,2023-01,2023Q1,Monday,Middle-Aged (35-49)
ORD-1584,CUST-276,52,Books,Data Science Handbook,34.6,5,North,E-Wallet,Social Media,3.9,141.07,2023-01-09,173.0,0.25,43.25,2023,2023-01,2023Q1,Monday,Seniors (50+)
ORD-1811,CUST-137,57,Home & Kitchen,Air Fryer,67.52,5,Central,COD (Cash on Delivery),Social Media,4.9,39.04,2023-01-09,337.6,0.28,94.53,2023,2023-01,2023Q1,Monday,Seniors (50+)
ORD-1495,CUST-217,36,Fashion,Men T-Shirt,144.95,2,North,Bank Transfer,Social Media,3.6,23.03,2023-01-10,289.9,0.35,101.46,2023,2023-01,2023Q1,Tuesday,Middle-Aged (35-49)
ORD-1333,CUST-339,24,Fashion,Men T-Shirt,159.11,1,Central,COD (Cash on Delivery),Mobile App,4.2,80.99,2023-01-10,159.11,0.35,55.69,2023,2023-01,2023Q1,Tuesday,Gen Z (<25)
ORD-1488,CUST-217,41,Sports & Outdoors,Water Bottle,144.59,1,North,COD (Cash on Delivery),Social Media,3.3,13.28,2023-01-11,144.59,0.3,43.38,2023,2023-01,2023Q1,Wednesday,Middle-Aged (35-49)
ORD-2134,CUST-311,36,Electronics,Smartphone X,584.69,1,Central,Credit Card,Website,4.0,84.99,2023-01-11,584.69,0.18,105.24,2023,2023-01,2023Q1,Wednesday,Middle-Aged (35-49)
ORD-1430,CUST-114,42,Beauty & Care,Lipstick Matte,67.5,4,North,Credit Card,Store Affiliate,3.2,56.16,2023-01-12,270.0,0.42,113.4,2023,2023-01,2023Q1,Thursday,Middle-Aged (35-49)
ORD-1408,CUST-100,34,Home & Kitchen,Coffee Maker,214.54,3,South,COD (Cash on Delivery),Mobile App,4.8,134.57,2023-01-12,643.62,0.28,180.21,2023,2023-01,2023Q1,Thursday,Young Adults (25-34)
ORD-2197,CUST-277,25,Home & Kitchen,Robot Vacuum,124.7,1,North,Bank Transfer,Website,4.1,10.96,2023-01-12,124.7,0.28,34.92,2023,2023-01,2023Q1,Thursday,Young Adults (25-34)
ORD-1304,CUST-116,52,Electronics,Laptop Pro,268.58,2,South,COD (Cash on Delivery),Social Media,4.8,136.36,2023-01-12,537.16,0.18,96.69,2023,2023-01,2023Q1,Thursday,Seniors (50+)
ORD-1011,CUST-289,40,Sports & Outdoors,Dumbbell Set,56.19,4,North,E-Wallet,Website,4.8,39.51,2023-01-13,224.76,0.3,67.43,2023,2023-01,2023Q1,Friday,Middle-Aged (35-49)
ORD-2013,CUST-120,58,Fashion,Leather Jacket,37.07,4,North,Credit Card,Website,3.1,125.58,2023-01-13,148.28,0.35,51.9,2023,2023-01,2023Q1,Friday,Seniors (50+)
ORD-1341,CUST-306,27,Fashion,Men T-Shirt,84.52,3,South,E-Wallet,Website,3.1,70.67,2023-01-13,253.56,0.35,88.75,2023,2023-01,2023Q1,Friday,Young Adults (25-34)
ORD-1521,CUST-267,55,Books,Psychology Of Money,15.38,3,South,Bank Transfer,Website,3.6,78.57,2023-01-14,46.14,0.25,11.54,2023,2023-01,2023Q1,Saturday,Seniors (50+)
ORD-1542,CUST-172,44,Books,Python Cookbook,22.63,2,Central,COD (Cash on Delivery),Social Media,4.8,53.82,2023-01-14,45.26,0.25,11.32,2023,2023-01,2023Q1,Saturday,Middle-Aged (35-49)
ORD-2120,CUST-145,42,Books,Python Cookbook,39.71,5,Central,Bank Transfer,Store Affiliate,4.8,118.85,2023-01-14,198.55,0.25,49.64,2023,2023-01,2023Q1,Saturday,Middle-Aged (35-49)
ORD-1785,CUST-230,60,Beauty & Care,Moisturizer Cream,51.11,3,Central,Bank Transfer,Social Media,3.4,34.92,2023-01-14,153.33,0.42,64.4,2023,2023-01,2023Q1,Saturday,Seniors (50+)
ORD-1651,CUST-127,57,Sports & Outdoors,Camping Tent,129.34,3,North,E-Wallet,Website,4.7,80.05,2023-01-14,388.02,0.3,116.41,2023,2023-01,2023Q1,Saturday,Seniors (50+)
ORD-1547,CUST-152,37,Sports & Outdoors,Yoga Mat,127.96,2,Central,COD (Cash on Delivery),Social Media,4.5,130.21,2023-01-14,255.92,0.3,76.78,2023,2023-01,2023Q1,Saturday,Middle-Aged (35-49)
ORD-2009,CUST-312,39,Electronics,Bluetooth Speaker,362.9,4,South,Bank Transfer,Mobile App,4.9,48.46,2023-01-14,1451.6,0.18,261.29,2023,2023-01,2023Q1,Saturday,Middle-Aged (35-49)
ORD-1067,CUST-336,34,Home & Kitchen,Blender 500W,172.42,3,Central,COD (Cash on Delivery),Website,3.4,139.45,2023-01-14,517.26,0.28,144.83,2023,2023-01,2023Q1,Saturday,Young Adults (25-34)
ORD-1092,CUST-197,42,Books,Business Strategy,23.59,2,North,Bank Transfer,Mobile App,4.3,77.23,2023-01-15,47.18,0.25,11.8,2023,2023-01,2023Q1,Sunday,Middle-Aged (35-49)
ORD-1650,CUST-279,32,Home & Kitchen,Air Fryer,78.57,4,North,Credit Card,Mobile App,4.1,55.79,2023-01-15,314.28,0.28,88.0,2023,2023-01,2023Q1,Sunday,Young Adults (25-34)
ORD-2019,CUST-343,53,Books,Psychology Of Money,28.95,1,North,Bank Transfer,Social Media,4.0,62.19,2023-01-15,28.95,0.25,7.24,2023,2023-01,2023Q1,Sunday,Seniors (50+)
ORD-1653,CUST-323,64,Electronics,Smartphone X,340.43,4,South,E-Wallet,Mobile App,3.6,88.42,2023-01-15,1361.72,0.18,245.11,2023,2023-01,2023Q1,Sunday,Seniors (50+)
ORD-1640,CUST-205,65,Beauty & Care,Moisturizer Cream,55.29,5,North,COD (Cash on Delivery),Social Media,4.0,122.47,2023-01-16,276.45,0.42,116.11,2023,2023-01,2023Q1,Monday,Seniors (50+)
ORD-1446,CUST-114,54,Home & Kitchen,Coffee Maker,140.86,3,North,COD (Cash on Delivery),Mobile App,4.4,130.36,2023-01-17,422.58,0.28,118.32,2023,2023-01,2023Q1,Tuesday,Seniors (50+)
ORD-1149,CUST-326,28,Beauty & Care,Perfume 50Ml,62.59,4,North,Bank Transfer,Store Affiliate,3.3,137.66,2023-01-17,250.36,0.42,105.15,2023,2023-01,2023Q1,Tuesday,Young Adults (25-34)
ORD-1742,CUST-284,36,Books,Psychology Of Money,22.93,5,Central,COD (Cash on Delivery),Store Affiliate,4.9,127.28,2023-01-18,114.65,0.25,28.66,2023,2023-01,2023Q1,Wednesday,Middle-Aged (35-49)
ORD-1733,CUST-342,39,Fashion,Women Dress,171.79,4,Central,Credit Card,Website,3.0,128.75,2023-01-18,687.16,0.35,240.51,2023,2023-01,2023Q1,Wednesday,Middle-Aged (35-49)
ORD-1655,CUST-319,51,Home & Kitchen,Air Fryer,217.5,4,North,Bank Transfer,Mobile App,3.3,63.97,2023-01-18,870.0,0.28,243.6,2023,2023-01,2023Q1,Wednesday,Seniors (50+)
ORD-1062,CUST-286,48,Fashion,Denim Jeans,36.37,1,North,Credit Card,Mobile App,5.0,89.56,2023-01-19,36.37,0.35,12.73,2023,2023-01,2023Q1,Thursday,Middle-Aged (35-49)
ORD-1620,CUST-291,34,Beauty & Care,Lipstick Matte,64.55,4,North,Bank Transfer,Mobile App,4.8,31.34,2023-01-20,258.2,0.42,108.44,2023,2023-01,2023Q1,Friday,Young Adults (25-34)
ORD-2004,CUST-325,41,Home & Kitchen,Non-Stick Pan,139.78,3,South,Bank Transfer,Mobile App,4.9,21.77,2023-01-20,419.34,0.28,117.42,2023,2023-01,2023Q1,Friday,Middle-Aged (35-49)
ORD-1997,CUST-197,63,Home & Kitchen,Air Fryer,134.84,4,North,Credit Card,Social Media,3.8,55.45,2023-01-21,539.36,0.28,151.02,2023,2023-01,2023Q1,Saturday,Seniors (50+)
ORD-1524,CUST-270,41,Books,Python Cookbook,42.63,3,North,E-Wallet,Mobile App,3.1,96.31,2023-01-21,127.89,0.25,31.97,2023,2023-01,2023Q1,Saturday,Middle-Aged (35-49)
ORD-1017,CUST-108,32,Books,Python Cookbook,27.68,5,North,Bank Transfer,Store Affiliate,4.4,100.99,2023-01-21,138.4,0.25,34.6,2023,2023-01,2023Q1,Saturday,Young Adults (25-34)
ORD-1176,CUST-128,23,Fashion,Leather Jacket,81.37,5,Central,Bank Transfer,Mobile App,3.1,76.13,2023-01-21,406.85,0.35,142.4,2023,2023-01,2023Q1,Saturday,Gen Z (<25)
ORD-2114,CUST-328,47,Fashion,Women Dress,43.18,3,North,COD (Cash on Delivery),Mobile App,4.8,23.58,2023-01-21,129.54,0.35,45.34,2023,2023-01,2023Q1,Saturday,Middle-Aged (35-49)
ORD-1918,CUST-116,59,Sports & Outdoors,Dumbbell Set,148.06,5,Central,Credit Card,Website,3.4,95.19,2023-01-21,740.3,0.3,222.09,2023,2023-01,2023Q1,Saturday,Seniors (50+)
ORD-1980,CUST-236,30,Fashion,Running Shoes,38.6,2,North,E-Wallet,Mobile App,5.0,111.87,2023-01-22,77.2,0.35,27.02,2023,2023-01,2023Q1,Sunday,Young Adults (25-34)
ORD-1608,CUST-274,31,Electronics,Laptop Pro,943.76,4,South,Credit Card,Website,4.9,139.9,2023-01-24,3775.04,0.18,679.51,2023,2023-01,2023Q1,Tuesday,Young Adults (25-34)
ORD-1658,CUST-151,59,Sports & Outdoors,Camping Tent,149.29,1,Central,Credit Card,Social Media,3.4,83.08,2023-01-24,149.29,0.3,44.79,2023,2023-01,2023Q1,Tuesday,Seniors (50+)
ORD-1362,CUST-186,42,Electronics,Bluetooth Speaker,1147.87,5,North,E-Wallet,Store Affiliate,4.7,143.12,2023-01-24,5739.35,0.18,1033.08,2023,2023-01,2023Q1,Tuesday,Middle-Aged (35-49)
ORD-1438,CUST-112,36,Sports & Outdoors,Water Bottle,50.11,1,North,Bank Transfer,Website,3.7,117.36,2023-01-25,50.11,0.3,15.03,2023,2023-01,2023Q1,Wednesday,Middle-Aged (35-49)
ORD-1736,CUST-184,44,Fashion,Women Dress,137.75,5,Central,COD (Cash on Delivery),Website,4.0,136.8,2023-01-25,688.75,0.35,241.06,2023,2023-01,2023Q1,Wednesday,Middle-Aged (35-49)
ORD-2029,CUST-107,23,Beauty & Care,Hair Dryer,83.7,4,Central,Credit Card,Social Media,4.0,69.15,2023-01-25,334.8,0.42,140.62,2023,2023-01,2023Q1,Wednesday,Gen Z (<25)
ORD-1820,CUST-216,42,Beauty & Care,Lipstick Matte,40.7,2,North,COD (Cash on Delivery),Mobile App,3.6,14.4,2023-01-25,81.4,0.42,34.19,2023,2023-01,2023Q1,Wednesday,Middle-Aged (35-49)
ORD-1551,CUST-167,33,Home & Kitchen,Air Fryer,128.05,2,Central,Bank Transfer,Mobile App,4.6,107.9,2023-01-26,256.1,0.28,71.71,2023,2023-01,2023Q1,Thursday,Young Adults (25-34)
ORD-1843,CUST-208,18,Books,Psychology Of Money,37.12,5,North,Credit Card,Mobile App,3.2,123.29,2023-01-26,185.6,0.25,46.4,2023,2023-01,2023Q1,Thursday,Gen Z (<25)
ORD-1197,CUST-284,23,Fashion,Men T-Shirt,137.45,3,South,COD (Cash on Delivery),Website,4.7,94.73,2023-01-27,412.35,0.35,144.32,2023,2023-01,2023Q1,Friday,Gen Z (<25)
ORD-2188,CUST-282,37,Electronics,Smart Watch,1006.15,4,North,Bank Transfer,Store Affiliate,4.5,146.19,2023-01-28,4024.6,0.18,724.43,2023,2023-01,2023Q1,Saturday,Middle-Aged (35-49)
ORD-1161,CUST-291,43,Fashion,Men T-Shirt,174.45,4,North,COD (Cash on Delivery),Website,4.9,111.68,2023-01-29,697.8,0.35,244.23,2023,2023-01,2023Q1,Sunday,Middle-Aged (35-49)
ORD-1326,CUST-171,20,Books,Data Science Handbook,29.54,3,North,COD (Cash on Delivery),Website,4.2,112.43,2023-01-29,88.62,0.25,22.16,2023,2023-01,2023Q1,Sunday,Gen Z (<25)
ORD-1375,CUST-218,46,Beauty & Care,Lipstick Matte,40.6,2,North,COD (Cash on Delivery),Social Media,4.9,77.79,2023-01-29,81.2,0.42,34.1,2023,2023-01,2023Q1,Sunday,Middle-Aged (35-49)
ORD-1944,CUST-190,38,Home & Kitchen,Non-Stick Pan,158.94,1,South,COD (Cash on Delivery),Store Affiliate,4.4,21.57,2023-01-30,158.94,0.28,44.5,2023,2023-01,2023Q1,Monday,Middle-Aged (35-49)
ORD-1865,CUST-181,42,Electronics,Bluetooth Speaker,348.47,3,Central,COD (Cash on Delivery),Website,4.1,139.13,2023-01-31,1045.41,0.18,188.17,2023,2023-01,2023Q1,Tuesday,Middle-Aged (35-49)
ORD-1014,CUST-122,35,Sports & Outdoors,Water Bottle,113.08,1,South,COD (Cash on Delivery),Website,3.1,29.87,2023-01-31,113.08,0.3,33.92,2023,2023-01,2023Q1,Tuesday,Middle-Aged (35-49)
ORD-1440,CUST-222,36,Sports & Outdoors,Water Bottle,61.32,5,International,E-Wallet,Mobile App,3.8,101.69,2023-01-31,306.6,0.3,91.98,2023,2023-01,2023Q1,Tuesday,Middle-Aged (35-49)
ORD-1373,CUST-146,63,Fashion,Men T-Shirt,141.49,5,Central,COD (Cash on Delivery),Store Affiliate,4.2,91.75,2023-01-31,707.45,0.35,247.61,2023,2023-01,2023Q1,Tuesday,Seniors (50+)
ORD-1187,CUST-252,48,Home & Kitchen,Blender 500W,105.4,4,North,COD (Cash on Delivery),Website,4.0,114.75,2023-02-01,421.6,0.28,118.05,2023,2023-02,2023Q1,Wednesday,Middle-Aged (35-49)
ORD-1781,CUST-213,18,Beauty & Care,Moisturizer Cream,23.87,3,North,Credit Card,Website,4.5,115.82,2023-02-02,71.61,0.42,30.08,2023,2023-02,2023Q1,Thursday,Gen Z (<25)
ORD-1183,CUST-252,35,Beauty & Care,Hair Dryer,59.73,2,North,Bank Transfer,Store Affiliate,4.7,44.03,2023-02-02,119.46,0.42,50.17,2023,2023-02,2023Q1,Thursday,Middle-Aged (35-49)
ORD-2195,CUST-156,47,Electronics,Laptop Pro,650.92,3,South,E-Wallet,Website,3.6,74.71,2023-02-03,1952.76,0.18,351.5,2023,2023-02,2023Q1,Friday,Middle-Aged (35-49)
ORD-1455,CUST-272,56,Sports & Outdoors,Yoga Mat,118.48,5,South,COD (Cash on Delivery),Mobile App,4.2,12.8,2023-02-04,592.4,0.3,177.72,2023,2023-02,2023Q1,Saturday,Seniors (50+)
ORD-2086,CUST-317,28,Sports & Outdoors,Camping Tent,111.32,2,North,E-Wallet,Mobile App,3.4,45.8,2023-02-04,222.64,0.3,66.79,2023,2023-02,2023Q1,Saturday,Young Adults (25-34)
ORD-1155,CUST-135,46,Home & Kitchen,Robot Vacuum,137.71,2,North,COD (Cash on Delivery),Store Affiliate,4.1,81.15,2023-02-04,275.42,0.28,77.12,2023,2023-02,2023Q1,Saturday,Middle-Aged (35-49)
ORD-1864,CUST-252,60,Fashion,Denim Jeans,85.38,5,North,Bank Transfer,Store Affiliate,3.2,81.71,2023-02-04,426.9,0.35,149.42,2023,2023-02,2023Q1,Saturday,Seniors (50+)
ORD-1528,CUST-338,48,Sports & Outdoors,Dumbbell Set,96.58,4,North,Bank Transfer,Social Media,3.2,42.54,2023-02-05,386.32,0.3,115.9,2023,2023-02,2023Q1,Sunday,Middle-Aged (35-49)
ORD-1881,CUST-140,44,Fashion,Leather Jacket,64.09,2,North,Credit Card,Mobile App,4.1,10.12,2023-02-06,128.18,0.35,44.86,2023,2023-02,2023Q1,Monday,Middle-Aged (35-49)
ORD-1915,CUST-139,40,Books,Data Science Handbook,12.8,5,North,E-Wallet,Website,3.3,113.66,2023-02-06,64.0,0.25,16.0,2023,2023-02,2023Q1,Monday,Middle-Aged (35-49)
ORD-1470,CUST-268,59,Home & Kitchen,Coffee Maker,181.93,3,North,Credit Card,Mobile App,4.7,113.67,2023-02-07,545.79,0.28,152.82,2023,2023-02,2023Q1,Tuesday,Seniors (50+)
ORD-1386,CUST-112,45,Fashion,Women Dress,37.11,5,Central,Credit Card,Social Media,5.0,23.51,2023-02-07,185.55,0.35,64.94,2023,2023-02,2023Q1,Tuesday,Middle-Aged (35-49)
ORD-1200,CUST-326,44,Fashion,Denim Jeans,78.65,5,North,E-Wallet,Social Media,3.8,89.71,2023-02-07,393.25,0.35,137.64,2023,2023-02,2023Q1,Tuesday,Middle-Aged (35-49)
ORD-1479,CUST-283,23,Home & Kitchen,Blender 500W,193.33,3,North,COD (Cash on Delivery),Store Affiliate,4.9,94.68,2023-02-07,579.99,0.28,162.4,2023,2023-02,2023Q1,Tuesday,Gen Z (<25)
ORD-1456,CUST-320,40,Home & Kitchen,Blender 500W,215.11,1,North,Bank Transfer,Website,3.1,141.65,2023-02-08,215.11,0.28,60.23,2023,2023-02,2023Q1,Wednesday,Middle-Aged (35-49)
ORD-2090,CUST-130,28,Home & Kitchen,Coffee Maker,168.57,5,South,Bank Transfer,Website,4.4,98.39,2023-02-08,842.85,0.28,236.0,2023,2023-02,2023Q1,Wednesday,Young Adults (25-34)
ORD-1355,CUST-272,42,Beauty & Care,Perfume 50Ml,21.82,4,North,E-Wallet,Website,4.5,47.14,2023-02-08,87.28,0.42,36.66,2023,2023-02,2023Q1,Wednesday,Middle-Aged (35-49)
ORD-1855,CUST-317,42,Fashion,Men T-Shirt,141.85,3,North,E-Wallet,Mobile App,4.1,132.84,2023-02-08,425.55,0.35,148.94,2023,2023-02,2023Q1,Wednesday,Middle-Aged (35-49)
ORD-2162,CUST-190,39,Fashion,Denim Jeans,126.17,1,North,Bank Transfer,Store Affiliate,3.5,44.99,2023-02-09,126.17,0.35,44.16,2023,2023-02,2023Q1,Thursday,Middle-Aged (35-49)
ORD-1202,CUST-292,38,Beauty & Care,Hair Dryer,17.8,1,South,Credit Card,Mobile App,3.8,27.54,2023-02-09,17.8,0.42,7.48,2023,2023-02,2023Q1,Thursday,Middle-Aged (35-49)
ORD-1160,CUST-167,62,Sports & Outdoors,Bicycle Helmet,75.42,3,North,Bank Transfer,Mobile App,3.6,14.56,2023-02-10,226.26,0.3,67.88,2023,2023-02,2023Q1,Friday,Seniors (50+)
ORD-1705,CUST-180,43,Home & Kitchen,Air Fryer,141.58,2,South,COD (Cash on Delivery),Mobile App,3.1,130.85,2023-02-12,283.16,0.28,79.28,2023,2023-02,2023Q1,Sunday,Middle-Aged (35-49)
ORD-1802,CUST-309,37,Beauty & Care,Face Sunscreen,57.27,5,Central,COD (Cash on Delivery),Website,3.1,15.14,2023-02-12,286.35,0.42,120.27,2023,2023-02,2023Q1,Sunday,Middle-Aged (35-49)
ORD-2110,CUST-210,41,Home & Kitchen,Blender 500W,225.72,4,Central,Bank Transfer,Website,4.5,138.96,2023-02-12,902.88,0.28,252.81,2023,2023-02,2023Q1,Sunday,Middle-Aged (35-49)
ORD-1599,CUST-330,19,Sports & Outdoors,Camping Tent,57.33,4,North,Bank Transfer,Social Media,4.8,85.28,2023-02-13,229.32,0.3,68.8,2023,2023-02,2023Q1,Monday,Gen Z (<25)
ORD-1464,CUST-248,60,Sports & Outdoors,Yoga Mat,49.99,5,South,COD (Cash on Delivery),Mobile App,4.9,44.62,2023-02-14,249.95,0.3,74.98,2023,2023-02,2023Q1,Tuesday,Seniors (50+)
ORD-2045,CUST-219,42,Fashion,Denim Jeans,21.89,1,South,COD (Cash on Delivery),Mobile App,3.5,62.39,2023-02-15,21.89,0.35,7.66,2023,2023-02,2023Q1,Wednesday,Middle-Aged (35-49)
ORD-1934,CUST-278,54,Beauty & Care,Hair Dryer,32.38,5,South,COD (Cash on Delivery),Website,4.7,49.89,2023-02-15,161.9,0.42,68.0,2023,2023-02,2023Q1,Wednesday,Seniors (50+)
ORD-1396,CUST-160,23,Books,Business Strategy,42.43,5,South,Credit Card,Social Media,4.7,54.65,2023-02-15,212.15,0.25,53.04,2023,2023-02,2023Q1,Wednesday,Gen Z (<25)
ORD-2054,CUST-291,23,Electronics,Smartphone X,793.74,4,South,Credit Card,Mobile App,4.3,137.36,2023-02-16,3174.96,0.18,571.49,2023,2023-02,2023Q1,Thursday,Gen Z (<25)
ORD-1181,CUST-274,19,Beauty & Care,Lipstick Matte,36.81,3,Central,COD (Cash on Delivery),Social Media,3.3,51.03,2023-02-16,110.43,0.42,46.38,2023,2023-02,2023Q1,Thursday,Gen Z (<25)
ORD-1576,CUST-280,31,Fashion,Men T-Shirt,21.17,1,North,Bank Transfer,Website,3.5,29.81,2023-02-16,21.17,0.35,7.41,2023,2023-02,2023Q1,Thursday,Young Adults (25-34)
ORD-2093,CUST-300,20,Books,Atomic Habits,22.63,4,North,COD (Cash on Delivery),Social Media,4.9,39.06,2023-02-16,90.52,0.25,22.63,2023,2023-02,2023Q1,Thursday,Gen Z (<25)
ORD-1560,CUST-262,52,Books,Data Science Handbook,23.51,1,North,E-Wallet,Website,3.6,69.39,2023-02-17,23.51,0.25,5.88,2023,2023-02,2023Q1,Friday,Seniors (50+)
ORD-2092,CUST-244,46,Sports & Outdoors,Bicycle Helmet,66.83,5,Central,Credit Card,Website,4.7,58.34,2023-02-17,334.15,0.3,100.24,2023,2023-02,2023Q1,Friday,Middle-Aged (35-49)
ORD-1458,CUST-203,58,Beauty & Care,Moisturizer Cream,78.55,5,North,COD (Cash on Delivery),Mobile App,5.0,65.71,2023-02-17,392.75,0.42,164.96,2023,2023-02,2023Q1,Friday,Seniors (50+)
ORD-1669,CUST-106,22,Books,Data Science Handbook,13.5,2,North,Credit Card,Social Media,4.0,120.46,2023-02-17,27.0,0.25,6.75,2023,2023-02,2023Q1,Friday,Gen Z (<25)
ORD-1788,CUST-330,27,Sports & Outdoors,Bicycle Helmet,45.16,4,North,Credit Card,Website,4.9,41.63,2023-02-18,180.64,0.3,54.19,2023,2023-02,2023Q1,Saturday,Young Adults (25-34)
ORD-1267,CUST-350,50,Electronics,Wireless Headphones,198.18,4,North,E-Wallet,Store Affiliate,3.2,142.27,2023-02-18,792.72,0.18,142.69,2023,2023-02,2023Q1,Saturday,Seniors (50+)
ORD-1987,CUST-106,46,Sports & Outdoors,Water Bottle,144.43,1,Central,E-Wallet,Store Affiliate,3.1,134.48,2023-02-18,144.43,0.3,43.33,2023,2023-02,2023Q1,Saturday,Middle-Aged (35-49)
ORD-1706,CUST-211,44,Sports & Outdoors,Yoga Mat,28.9,1,North,Bank Transfer,Store Affiliate,3.2,139.86,2023-02-18,28.9,0.3,8.67,2023,2023-02,2023Q1,Saturday,Middle-Aged (35-49)
ORD-1776,CUST-248,35,Beauty & Care,Perfume 50Ml,63.26,4,North,COD (Cash on Delivery),Mobile App,4.0,44.54,2023-02-19,253.04,0.42,106.28,2023,2023-02,2023Q1,Sunday,Middle-Aged (35-49)
ORD-2171,CUST-170,48,Beauty & Care,Moisturizer Cream,67.32,5,Central,E-Wallet,Mobile App,4.4,130.88,2023-02-19,336.6,0.42,141.37,2023,2023-02,2023Q1,Sunday,Middle-Aged (35-49)
ORD-1041,CUST-140,41,Fashion,Denim Jeans,23.21,5,Central,Bank Transfer,Website,4.6,135.04,2023-02-19,116.05,0.35,40.62,2023,2023-02,2023Q1,Sunday,Middle-Aged (35-49)
ORD-1985,CUST-244,27,Beauty & Care,Lipstick Matte,32.24,5,North,E-Wallet,Store Affiliate,4.4,78.55,2023-02-20,161.2,0.42,67.7,2023,2023-02,2023Q1,Monday,Young Adults (25-34)
ORD-1195,CUST-102,58,Fashion,Denim Jeans,136.35,3,South,Credit Card,Mobile App,4.6,138.05,2023-02-20,409.05,0.35,143.17,2023,2023-02,2023Q1,Monday,Seniors (50+)
ORD-2016,CUST-291,22,Sports & Outdoors,Bicycle Helmet,107.93,3,North,E-Wallet,Website,3.2,83.3,2023-02-20,323.79,0.3,97.14,2023,2023-02,2023Q1,Monday,Gen Z (<25)
ORD-1152,CUST-217,65,Electronics,Wireless Headphones,949.25,3,South,E-Wallet,Website,4.6,123.12,2023-02-20,2847.75,0.18,512.6,2023,2023-02,2023Q1,Monday,Seniors (50+)
ORD-1589,CUST-313,35,Fashion,Denim Jeans,139.5,1,Central,COD (Cash on Delivery),Store Affiliate,4.0,83.41,2023-02-21,139.5,0.35,48.82,2023,2023-02,2023Q1,Tuesday,Middle-Aged (35-49)
ORD-1830,CUST-202,36,Home & Kitchen,Robot Vacuum,62.9,1,North,Bank Transfer,Mobile App,3.0,108.18,2023-02-21,62.9,0.28,17.61,2023,2023-02,2023Q1,Tuesday,Middle-Aged (35-49)
ORD-1665,CUST-303,24,Fashion,Denim Jeans,97.95,1,South,Bank Transfer,Website,3.6,109.59,2023-02-21,97.95,0.35,34.28,2023,2023-02,2023Q1,Tuesday,Gen Z (<25)
ORD-1959,CUST-329,47,Sports & Outdoors,Bicycle Helmet,57.64,1,North,E-Wallet,Mobile App,4.0,46.21,2023-02-21,57.64,0.3,17.29,2023,2023-02,2023Q1,Tuesday,Middle-Aged (35-49)
ORD-2053,CUST-346,51,Sports & Outdoors,Water Bottle,83.92,4,Central,COD (Cash on Delivery),Store Affiliate,4.2,94.65,2023-02-21,335.68,0.3,100.7,2023,2023-02,2023Q1,Tuesday,Seniors (50+)
ORD-1208,CUST-175,62,Books,Python Cookbook,33.17,4,North,COD (Cash on Delivery),Social Media,3.9,46.44,2023-02-21,132.68,0.25,33.17,2023,2023-02,2023Q1,Tuesday,Seniors (50+)
ORD-1374,CUST-171,24,Fashion,Women Dress,55.48,1,Central,COD (Cash on Delivery),Website,3.7,99.28,2023-02-21,55.48,0.35,19.42,2023,2023-02,2023Q1,Tuesday,Gen Z (<25)
ORD-1520,CUST-306,34,Beauty & Care,Moisturizer Cream,26.61,5,North,Bank Transfer,Social Media,3.4,131.08,2023-02-21,133.05,0.42,55.88,2023,2023-02,2023Q1,Tuesday,Young Adults (25-34)
ORD-1933,CUST-342,42,Fashion,Running Shoes,102.53,4,North,Credit Card,Website,3.9,69.6,2023-02-22,410.12,0.35,143.54,2023,2023-02,2023Q1,Wednesday,Middle-Aged (35-49)
ORD-1902,CUST-173,42,Home & Kitchen,Blender 500W,104.46,3,North,E-Wallet,Store Affiliate,4.7,116.83,2023-02-22,313.38,0.28,87.75,2023,2023-02,2023Q1,Wednesday,Middle-Aged (35-49)
ORD-1284,CUST-154,35,Home & Kitchen,Blender 500W,172.75,5,North,Credit Card,Mobile App,3.0,82.68,2023-02-22,863.75,0.28,241.85,2023,2023-02,2023Q1,Wednesday,Middle-Aged (35-49)
ORD-1969,CUST-271,56,Beauty & Care,Lipstick Matte,58.12,1,North,Bank Transfer,Store Affiliate,3.0,119.97,2023-02-23,58.12,0.42,24.41,2023,2023-02,2023Q1,Thursday,Seniors (50+)
ORD-1946,CUST-292,46,Home & Kitchen,Blender 500W,192.12,3,North,Credit Card,Website,4.2,24.2,2023-02-23,576.36,0.28,161.38,2023,2023-02,2023Q1,Thursday,Middle-Aged (35-49)
ORD-2177,CUST-121,34,Fashion,Denim Jeans,103.75,4,South,Bank Transfer,Store Affiliate,3.7,141.2,2023-02-23,415.0,0.35,145.25,2023,2023-02,2023Q1,Thursday,Young Adults (25-34)
ORD-1710,CUST-198,45,Home & Kitchen,Non-Stick Pan,229.39,4,South,COD (Cash on Delivery),Mobile App,3.8,76.28,2023-02-23,917.56,0.28,256.92,2023,2023-02,2023Q1,Thursday,Middle-Aged (35-49)
ORD-2106,CUST-207,33,Home & Kitchen,Robot Vacuum,108.12,3,North,Bank Transfer,Social Media,3.1,146.27,2023-02-23,324.36,0.28,90.82,2023,2023-02,2023Q1,Thursday,Young Adults (25-34)
ORD-1026,CUST-150,29,Sports & Outdoors,Water Bottle,68.72,2,South,Bank Transfer,Store Affiliate,4.7,49.07,2023-02-23,137.44,0.3,41.23,2023,2023-02,2023Q1,Thursday,Young Adults (25-34)
ORD-1354,CUST-113,42,Fashion,Women Dress,20.03,1,South,COD (Cash on Delivery),Social Media,4.0,104.27,2023-02-24,20.03,0.35,7.01,2023,2023-02,2023Q1,Friday,Middle-Aged (35-49)
ORD-1275,CUST-342,53,Fashion,Running Shoes,34.87,3,South,E-Wallet,Website,4.0,69.74,2023-02-25,104.61,0.35,36.61,2023,2023-02,2023Q1,Saturday,Seniors (50+)
ORD-1982,CUST-332,56,Sports & Outdoors,Bicycle Helmet,104.21,3,North,COD (Cash on Delivery),Store Affiliate,4.7,16.8,2023-02-25,312.63,0.3,93.79,2023,2023-02,2023Q1,Saturday,Seniors (50+)
ORD-1383,CUST-319,36,Beauty & Care,Moisturizer Cream,25.53,4,South,Credit Card,Website,4.2,64.91,2023-02-26,102.12,0.42,42.89,2023,2023-02,2023Q1,Sunday,Middle-Aged (35-49)
ORD-1638,CUST-300,51,Electronics,Laptop Pro,155.28,2,Central,Credit Card,Store Affiliate,4.5,148.47,2023-02-26,310.56,0.18,55.9,2023,2023-02,2023Q1,Sunday,Seniors (50+)
ORD-1791,CUST-288,19,Home & Kitchen,Robot Vacuum,39.49,2,South,COD (Cash on Delivery),Mobile App,4.8,34.8,2023-02-26,78.98,0.28,22.11,2023,2023-02,2023Q1,Sunday,Gen Z (<25)
ORD-1030,CUST-239,48,Beauty & Care,Face Sunscreen,66.66,4,Central,COD (Cash on Delivery),Store Affiliate,3.2,63.85,2023-02-27,266.64,0.42,111.99,2023,2023-02,2023Q1,Monday,Middle-Aged (35-49)
ORD-1672,CUST-202,56,Home & Kitchen,Non-Stick Pan,99.91,3,South,COD (Cash on Delivery),Social Media,4.5,70.96,2023-02-27,299.73,0.28,83.92,2023,2023-02,2023Q1,Monday,Seniors (50+)
ORD-1921,CUST-184,24,Beauty & Care,Hair Dryer,68.37,3,North,Credit Card,Mobile App,4.0,57.58,2023-02-27,205.11,0.42,86.15,2023,2023-02,2023Q1,Monday,Gen Z (<25)
ORD-1219,CUST-228,38,Fashion,Running Shoes,68.18,1,Central,Bank Transfer,Store Affiliate,4.4,12.17,2023-02-27,68.18,0.35,23.86,2023,2023-02,2023Q1,Monday,Middle-Aged (35-49)
ORD-2075,CUST-150,52,Sports & Outdoors,Water Bottle,47.08,1,North,COD (Cash on Delivery),Website,3.1,64.47,2023-02-27,47.08,0.3,14.12,2023,2023-02,2023Q1,Monday,Seniors (50+)
ORD-1253,CUST-306,53,Beauty & Care,Perfume 50Ml,34.19,5,North,Credit Card,Social Media,4.5,28.84,2023-02-27,170.95,0.42,71.8,2023,2023-02,2023Q1,Monday,Seniors (50+)
ORD-1460,CUST-341,57,Books,Psychology Of Money,28.3,5,Central,Credit Card,Store Affiliate,4.2,31.97,2023-02-27,141.5,0.25,35.38,2023,2023-02,2023Q1,Monday,Seniors (50+)
ORD-1582,CUST-341,61,Home & Kitchen,Air Fryer,52.86,5,South,Bank Transfer,Mobile App,3.8,45.17,2023-02-27,264.3,0.28,74.0,2023,2023-02,2023Q1,Monday,Seniors (50+)
ORD-1324,CUST-231,27,Beauty & Care,Perfume 50Ml,43.87,2,Central,Credit Card,Store Affiliate,3.9,131.03,2023-03-01,87.74,0.42,36.85,2023,2023-03,2023Q1,Wednesday,Young Adults (25-34)
ORD-1988,CUST-121,42,Home & Kitchen,Robot Vacuum,143.63,2,South,COD (Cash on Delivery),Store Affiliate,4.3,106.09,2023-03-02,287.26,0.28,80.43,2023,2023-03,2023Q1,Thursday,Middle-Aged (35-49)
ORD-1126,CUST-315,36,Home & Kitchen,Air Fryer,220.61,1,North,Bank Transfer,Website,4.4,58.96,2023-03-02,220.61,0.28,61.77,2023,2023-03,2023Q1,Thursday,Middle-Aged (35-49)
ORD-1898,CUST-170,43,Sports & Outdoors,Yoga Mat,112.41,4,North,E-Wallet,Mobile App,4.7,137.8,2023-03-02,449.64,0.3,134.89,2023,2023-03,2023Q1,Thursday,Middle-Aged (35-49)
ORD-1671,CUST-149,38,Books,Python Cookbook,41.5,4,Central,E-Wallet,Social Media,4.8,88.11,2023-03-02,166.0,0.25,41.5,2023,2023-03,2023Q1,Thursday,Middle-Aged (35-49)
ORD-1593,CUST-137,23,Books,Python Cookbook,13.06,5,North,COD (Cash on Delivery),Mobile App,3.2,31.05,2023-03-02,65.3,0.25,16.32,2023,2023-03,2023Q1,Thursday,Gen Z (<25)
ORD-1263,CUST-287,42,Fashion,Men T-Shirt,70.03,1,North,Credit Card,Mobile App,3.8,63.11,2023-03-02,70.03,0.35,24.51,2023,2023-03,2023Q1,Thursday,Middle-Aged (35-49)
ORD-1763,CUST-144,53,Fashion,Men T-Shirt,102.67,5,North,Bank Transfer,Social Media,3.0,74.82,2023-03-02,513.35,0.35,179.67,2023,2023-03,2023Q1,Thursday,Seniors (50+)
ORD-1568,CUST-133,24,Home & Kitchen,Air Fryer,39.65,3,North,Bank Transfer,Website,4.8,70.97,2023-03-03,118.95,0.28,33.31,2023,2023-03,2023Q1,Friday,Gen Z (<25)
ORD-1432,CUST-288,24,Home & Kitchen,Air Fryer,95.76,2,North,COD (Cash on Delivery),Mobile App,4.2,12.79,2023-03-03,191.52,0.28,53.63,2023,2023-03,2023Q1,Friday,Gen Z (<25)
ORD-1135,CUST-202,58,Electronics,Laptop Pro,206.77,2,South,Bank Transfer,Social Media,4.3,99.86,2023-03-03,413.54,0.18,74.44,2023,2023-03,2023Q1,Friday,Seniors (50+)
ORD-1007,CUST-135,45,Fashion,Running Shoes,24.63,4,North,Bank Transfer,Website,3.6,29.2,2023-03-03,98.52,0.35,34.48,2023,2023-03,2023Q1,Friday,Middle-Aged (35-49)
ORD-1792,CUST-143,23,Books,Atomic Habits,30.07,5,South,Credit Card,Store Affiliate,3.9,51.29,2023-03-03,150.35,0.25,37.59,2023,2023-03,2023Q1,Friday,Gen Z (<25)
ORD-1565,CUST-100,27,Sports & Outdoors,Water Bottle,71.87,3,South,Credit Card,Social Media,3.6,86.59,2023-03-04,215.61,0.3,64.68,2023,2023-03,2023Q1,Saturday,Young Adults (25-34)
ORD-2012,CUST-313,21,Books,Atomic Habits,15.46,1,South,Bank Transfer,Social Media,3.8,44.17,2023-03-04,15.46,0.25,3.86,2023,2023-03,2023Q1,Saturday,Gen Z (<25)
ORD-1886,CUST-166,38,Fashion,Denim Jeans,97.19,5,North,COD (Cash on Delivery),Website,3.6,43.07,2023-03-05,485.95,0.35,170.08,2023,2023-03,2023Q1,Sunday,Middle-Aged (35-49)
ORD-1559,CUST-123,62,Books,Psychology Of Money,43.07,5,North,E-Wallet,Store Affiliate,4.2,15.47,2023-03-05,215.35,0.25,53.84,2023,2023-03,2023Q1,Sunday,Seniors (50+)
ORD-1910,CUST-135,58,Beauty & Care,Moisturizer Cream,25.9,3,North,COD (Cash on Delivery),Social Media,4.5,112.25,2023-03-05,77.7,0.42,32.63,2023,2023-03,2023Q1,Sunday,Seniors (50+)
ORD-1545,CUST-283,20,Books,Data Science Handbook,28.57,5,South,Credit Card,Website,4.8,109.24,2023-03-05,142.85,0.25,35.71,2023,2023-03,2023Q1,Sunday,Gen Z (<25)
ORD-1796,CUST-231,42,Electronics,Smartphone X,750.88,5,North,Bank Transfer,Store Affiliate,4.4,91.02,2023-03-06,3754.4,0.18,675.79,2023,2023-03,2023Q1,Monday,Middle-Aged (35-49)
ORD-1787,CUST-303,22,Electronics,Wireless Headphones,371.24,5,South,COD (Cash on Delivery),Social Media,4.3,54.18,2023-03-06,1856.2,0.18,334.12,2023,2023-03,2023Q1,Monday,Gen Z (<25)
ORD-1698,CUST-109,31,Electronics,Bluetooth Speaker,297.0,1,North,E-Wallet,Store Affiliate,4.0,77.02,2023-03-06,297.0,0.18,53.46,2023,2023-03,2023Q1,Monday,Young Adults (25-34)
ORD-1084,CUST-158,25,Electronics,Smart Watch,780.03,4,Central,COD (Cash on Delivery),Website,3.1,89.58,2023-03-07,3120.12,0.18,561.62,2023,2023-03,2023Q1,Tuesday,Young Adults (25-34)
ORD-1614,CUST-243,56,Electronics,Smartphone X,976.24,4,North,COD (Cash on Delivery),Website,3.3,97.43,2023-03-07,3904.96,0.18,702.89,2023,2023-03,2023Q1,Tuesday,Seniors (50+)
ORD-1525,CUST-309,24,Fashion,Running Shoes,118.5,4,South,E-Wallet,Mobile App,4.3,76.29,2023-03-07,474.0,0.35,165.9,2023,2023-03,2023Q1,Tuesday,Gen Z (<25)
ORD-2170,CUST-325,63,Sports & Outdoors,Water Bottle,146.19,4,Central,COD (Cash on Delivery),Social Media,3.0,87.29,2023-03-07,584.76,0.3,175.43,2023,2023-03,2023Q1,Tuesday,Seniors (50+)
ORD-1686,CUST-237,36,Beauty & Care,Lipstick Matte,78.01,1,South,COD (Cash on Delivery),Store Affiliate,3.1,11.49,2023-03-07,78.01,0.42,32.76,2023,2023-03,2023Q1,Tuesday,Middle-Aged (35-49)
ORD-1630,CUST-145,38,Electronics,Bluetooth Speaker,1109.88,5,South,Credit Card,Mobile App,4.5,92.9,2023-03-08,5549.4,0.18,998.89,2023,2023-03,2023Q1,Wednesday,Middle-Aged (35-49)
ORD-1701,CUST-211,32,Fashion,Running Shoes,161.81,5,South,Credit Card,Social Media,3.4,45.43,2023-03-08,809.05,0.35,283.17,2023,2023-03,2023Q1,Wednesday,Young Adults (25-34)
ORD-1726,CUST-289,41,Books,Business Strategy,39.68,4,North,Bank Transfer,Website,4.8,23.65,2023-03-09,158.72,0.25,39.68,2023,2023-03,2023Q1,Thursday,Middle-Aged (35-49)
ORD-1184,CUST-116,54,Sports & Outdoors,Bicycle Helmet,67.23,3,North,Bank Transfer,Website,4.9,117.47,2023-03-09,201.69,0.3,60.51,2023,2023-03,2023Q1,Thursday,Seniors (50+)
ORD-2104,CUST-103,32,Sports & Outdoors,Camping Tent,46.82,4,North,COD (Cash on Delivery),Mobile App,4.8,149.42,2023-03-10,187.28,0.3,56.18,2023,2023-03,2023Q1,Friday,Young Adults (25-34)
ORD-2085,CUST-177,27,Electronics,Laptop Pro,568.32,4,North,E-Wallet,Mobile App,3.7,104.22,2023-03-10,2273.28,0.18,409.19,2023,2023-03,2023Q1,Friday,Young Adults (25-34)
ORD-1678,CUST-297,58,Home & Kitchen,Non-Stick Pan,110.19,2,Central,COD (Cash on Delivery),Website,3.9,111.99,2023-03-10,220.38,0.28,61.71,2023,2023-03,2023Q1,Friday,Seniors (50+)
ORD-1379,CUST-119,19,Home & Kitchen,Blender 500W,144.84,2,Central,Credit Card,Store Affiliate,3.4,42.47,2023-03-10,289.68,0.28,81.11,2023,2023-03,2023Q1,Friday,Gen Z (<25)
ORD-1936,CUST-319,46,Sports & Outdoors,Camping Tent,29.51,1,North,Credit Card,Mobile App,3.1,124.98,2023-03-11,29.51,0.3,8.85,2023,2023-03,2023Q1,Saturday,Middle-Aged (35-49)
ORD-1852,CUST-242,18,Home & Kitchen,Coffee Maker,113.87,1,North,Bank Transfer,Mobile App,3.5,105.0,2023-03-11,113.87,0.28,31.88,2023,2023-03,2023Q1,Saturday,Gen Z (<25)
ORD-1212,CUST-100,43,Home & Kitchen,Robot Vacuum,121.69,5,North,E-Wallet,Store Affiliate,4.8,68.94,2023-03-11,608.45,0.28,170.37,2023,2023-03,2023Q1,Saturday,Middle-Aged (35-49)
ORD-1543,CUST-254,25,Books,Psychology Of Money,17.65,2,North,Credit Card,Store Affiliate,4.7,101.28,2023-03-12,35.3,0.25,8.82,2023,2023-03,2023Q1,Sunday,Young Adults (25-34)
ORD-1617,CUST-204,27,Electronics,Bluetooth Speaker,953.54,3,South,Bank Transfer,Website,3.3,85.74,2023-03-13,2860.62,0.18,514.91,2023,2023-03,2023Q1,Monday,Young Adults (25-34)
ORD-1330,CUST-238,39,Electronics,Bluetooth Speaker,314.77,4,North,Bank Transfer,Mobile App,4.6,121.06,2023-03-13,1259.08,0.18,226.63,2023,2023-03,2023Q1,Monday,Middle-Aged (35-49)
ORD-1884,CUST-221,43,Sports & Outdoors,Camping Tent,76.65,3,Central,COD (Cash on Delivery),Mobile App,4.5,52.18,2023-03-13,229.95,0.3,68.98,2023,2023-03,2023Q1,Monday,Middle-Aged (35-49)
ORD-1063,CUST-217,46,Electronics,Smart Watch,687.09,3,North,E-Wallet,Mobile App,3.3,82.65,2023-03-13,2061.27,0.18,371.03,2023,2023-03,2023Q1,Monday,Middle-Aged (35-49)
ORD-1431,CUST-248,48,Home & Kitchen,Coffee Maker,194.65,1,North,Credit Card,Social Media,3.9,94.69,2023-03-13,194.65,0.28,54.5,2023,2023-03,2023Q1,Monday,Middle-Aged (35-49)
ORD-1867,CUST-293,43,Sports & Outdoors,Dumbbell Set,123.68,4,North,Credit Card,Mobile App,4.1,145.13,2023-03-13,494.72,0.3,148.42,2023,2023-03,2023Q1,Monday,Middle-Aged (35-49)
ORD-1409,CUST-199,47,Electronics,Wireless Headphones,657.08,4,North,COD (Cash on Delivery),Mobile App,4.0,119.6,2023-03-13,2628.32,0.18,473.1,2023,2023-03,2023Q1,Monday,Middle-Aged (35-49)
ORD-1036,CUST-307,36,Books,Atomic Habits,999.99,2,North,Credit Card,Social Media,4.5,52.72,2023-03-14,1999.98,0.25,500.0,2023,2023-03,2023Q1,Tuesday,Middle-Aged (35-49)
ORD-1808,CUST-157,21,Electronics,Laptop Pro,621.66,3,Central,E-Wallet,Store Affiliate,4.9,58.57,2023-03-14,1864.98,0.18,335.7,2023,2023-03,2023Q1,Tuesday,Gen Z (<25)
ORD-1609,CUST-163,42,Electronics,Smart Watch,764.89,2,Central,COD (Cash on Delivery),Website,4.0,48.44,2023-03-14,1529.78,0.18,275.36,2023,2023-03,2023Q1,Tuesday,Middle-Aged (35-49)
ORD-1892,CUST-296,23,Books,Psychology Of Money,34.69,5,North,COD (Cash on Delivery),Mobile App,3.6,62.4,2023-03-14,173.45,0.25,43.36,2023,2023-03,2023Q1,Tuesday,Gen Z (<25)
ORD-1868,CUST-328,65,Electronics,Smartphone X,756.89,1,South,Credit Card,Mobile App,3.8,142.0,2023-03-15,756.89,0.18,136.24,2023,2023-03,2023Q1,Wednesday,Seniors (50+)
ORD-1740,CUST-317,64,Home & Kitchen,Air Fryer,137.28,3,North,Credit Card,Store Affiliate,4.7,141.68,2023-03-15,411.84,0.28,115.32,2023,2023-03,2023Q1,Wednesday,Seniors (50+)
ORD-1656,CUST-220,37,Beauty & Care,Moisturizer Cream,78.85,3,North,Credit Card,Store Affiliate,4.0,76.43,2023-03-15,236.55,0.42,99.35,2023,2023-03,2023Q1,Wednesday,Middle-Aged (35-49)
ORD-1702,CUST-188,44,Beauty & Care,Face Sunscreen,20.73,2,Central,Bank Transfer,Website,3.1,97.54,2023-03-15,41.46,0.42,17.41,2023,2023-03,2023Q1,Wednesday,Middle-Aged (35-49)
ORD-1731,CUST-210,53,Sports & Outdoors,Bicycle Helmet,80.78,4,Central,Credit Card,Mobile App,4.8,12.33,2023-03-16,323.12,0.3,96.94,2023,2023-03,2023Q1,Thursday,Seniors (50+)
ORD-1313,CUST-118,32,Sports & Outdoors,Dumbbell Set,95.63,5,South,Bank Transfer,Website,4.0,89.96,2023-03-16,478.15,0.3,143.44,2023,2023-03,2023Q1,Thursday,Young Adults (25-34)
ORD-1027,CUST-283,30,Sports & Outdoors,Water Bottle,45.44,2,South,E-Wallet,Social Media,3.1,95.36,2023-03-16,90.88,0.3,27.26,2023,2023-03,2023Q1,Thursday,Young Adults (25-34)
ORD-2099,CUST-194,46,Sports & Outdoors,Yoga Mat,133.42,2,South,Bank Transfer,Mobile App,3.8,14.14,2023-03-16,266.84,0.3,80.05,2023,2023-03,2023Q1,Thursday,Middle-Aged (35-49)
ORD-2130,CUST-298,24,Books,Business Strategy,40.2,1,North,Bank Transfer,Mobile App,4.9,133.87,2023-03-16,40.2,0.25,10.05,2023,2023-03,2023Q1,Thursday,Gen Z (<25)
ORD-1516,CUST-239,41,Fashion,Women Dress,113.44,1,North,Bank Transfer,Mobile App,4.3,123.36,2023-03-17,113.44,0.35,39.7,2023,2023-03,2023Q1,Friday,Middle-Aged (35-49)
ORD-1064,CUST-237,39,Books,Psychology Of Money,33.18,1,Central,COD (Cash on Delivery),Website,3.4,32.76,2023-03-17,33.18,0.25,8.3,2023,2023-03,2023Q1,Friday,Middle-Aged (35-49)
ORD-1085,CUST-297,53,Books,Data Science Handbook,33.12,1,North,COD (Cash on Delivery),Website,3.6,54.94,2023-03-17,33.12,0.25,8.28,2023,2023-03,2023Q1,Friday,Seniors (50+)
ORD-1096,CUST-313,55,Fashion,Denim Jeans,50.39,1,South,Credit Card,Social Media,4.1,141.44,2023-03-17,50.39,0.35,17.64,2023,2023-03,2023Q1,Friday,Seniors (50+)
ORD-1132,CUST-108,61,Beauty & Care,Hair Dryer,80.06,2,North,Credit Card,Mobile App,4.9,61.99,2023-03-18,160.12,0.42,67.25,2023,2023-03,2023Q1,Saturday,Seniors (50+)
ORD-1634,CUST-145,21,Fashion,Women Dress,171.91,1,North,E-Wallet,Mobile App,3.2,103.59,2023-03-19,171.91,0.35,60.17,2023,2023-03,2023Q1,Sunday,Gen Z (<25)
ORD-1389,CUST-314,51,Home & Kitchen,Coffee Maker,234.65,1,South,Credit Card,Store Affiliate,4.0,115.69,2023-03-19,234.65,0.28,65.7,2023,2023-03,2023Q1,Sunday,Seniors (50+)
ORD-1889,CUST-315,47,Home & Kitchen,Blender 500W,85.83,5,North,E-Wallet,Mobile App,3.3,44.26,2023-03-19,429.15,0.28,120.16,2023,2023-03,2023Q1,Sunday,Middle-Aged (35-49)
ORD-1500,CUST-237,22,Beauty & Care,Lipstick Matte,63.57,1,Central,COD (Cash on Delivery),Mobile App,3.8,84.65,2023-03-19,63.57,0.42,26.7,2023,2023-03,2023Q1,Sunday,Gen Z (<25)
ORD-1837,CUST-292,37,Books,Psychology Of Money,14.11,3,Central,Bank Transfer,Store Affiliate,3.3,24.03,2023-03-19,42.33,0.25,10.58,2023,2023-03,2023Q1,Sunday,Middle-Aged (35-49)
ORD-1816,CUST-256,46,Books,Python Cookbook,16.37,2,Central,Bank Transfer,Website,4.9,22.71,2023-03-19,32.74,0.25,8.18,2023,2023-03,2023Q1,Sunday,Middle-Aged (35-49)
ORD-1390,CUST-103,42,Electronics,Laptop Pro,562.54,4,Central,E-Wallet,Mobile App,3.9,50.22,2023-03-19,2250.16,0.18,405.03,2023,2023-03,2023Q1,Sunday,Middle-Aged (35-49)
ORD-1514,CUST-212,25,Beauty & Care,Face Sunscreen,56.74,5,Central,Credit Card,Social Media,3.6,99.99,2023-03-20,283.7,0.42,119.15,2023,2023-03,2023Q1,Monday,Young Adults (25-34)
ORD-1914,CUST-277,30,Home & Kitchen,Air Fryer,78.79,4,North,COD (Cash on Delivery),Social Media,3.4,78.36,2023-03-20,315.16,0.28,88.24,2023,2023-03,2023Q1,Monday,Young Adults (25-34)
ORD-1616,CUST-323,35,Fashion,Running Shoes,33.84,4,North,E-Wallet,Social Media,3.9,45.66,2023-03-21,135.36,0.35,47.38,2023,2023-03,2023Q1,Tuesday,Middle-Aged (35-49)
ORD-1082,CUST-111,23,Home & Kitchen,Air Fryer,207.19,1,North,Bank Transfer,Website,4.2,95.12,2023-03-21,207.19,0.28,58.01,2023,2023-03,2023Q1,Tuesday,Gen Z (<25)
ORD-1109,CUST-255,42,Fashion,Denim Jeans,40.47,2,North,COD (Cash on Delivery),Website,4.9,16.94,2023-03-21,80.94,0.35,28.33,2023,2023-03,2023Q1,Tuesday,Middle-Aged (35-49)
ORD-1291,CUST-282,64,Sports & Outdoors,Water Bottle,77.0,4,North,Credit Card,Mobile App,3.4,71.45,2023-03-21,308.0,0.3,92.4,2023,2023-03,2023Q1,Tuesday,Seniors (50+)
ORD-2117,CUST-281,50,Home & Kitchen,Air Fryer,104.23,4,North,E-Wallet,Website,3.5,89.9,2023-03-21,416.92,0.28,116.74,2023,2023-03,2023Q1,Tuesday,Seniors (50+)
ORD-1629,CUST-307,55,Books,Python Cookbook,33.71,5,South,COD (Cash on Delivery),Mobile App,3.6,118.08,2023-03-22,168.55,0.25,42.14,2023,2023-03,2023Q1,Wednesday,Seniors (50+)
ORD-1664,CUST-310,61,Home & Kitchen,Non-Stick Pan,189.63,5,South,Credit Card,Social Media,3.4,126.7,2023-03-22,948.15,0.28,265.48,2023,2023-03,2023Q1,Wednesday,Seniors (50+)
ORD-1300,CUST-215,48,Books,Psychology Of Money,39.35,2,North,Credit Card,Website,4.2,38.96,2023-03-22,78.7,0.25,19.68,2023,2023-03,2023Q1,Wednesday,Middle-Aged (35-49)
ORD-1293,CUST-202,55,Fashion,Leather Jacket,148.36,4,North,E-Wallet,Mobile App,3.8,50.39,2023-03-22,593.44,0.35,207.7,2023,2023-03,2023Q1,Wednesday,Seniors (50+)
ORD-1297,CUST-212,27,Fashion,Running Shoes,77.38,5,North,Credit Card,Store Affiliate,3.7,139.43,2023-03-22,386.9,0.35,135.42,2023,2023-03,2023Q1,Wednesday,Young Adults (25-34)
ORD-1873,CUST-328,22,Electronics,Smartphone X,481.7,5,North,COD (Cash on Delivery),Social Media,3.6,56.64,2023-03-23,2408.5,0.18,433.53,2023,2023-03,2023Q1,Thursday,Gen Z (<25)
ORD-2071,CUST-196,22,Electronics,Smartphone X,303.14,3,North,E-Wallet,Store Affiliate,3.7,125.78,2023-03-23,909.42,0.18,163.7,2023,2023-03,2023Q1,Thursday,Gen Z (<25)
ORD-1074,CUST-258,54,Sports & Outdoors,Water Bottle,132.69,3,North,COD (Cash on Delivery),Website,4.3,85.99,2023-03-23,398.07,0.3,119.42,2023,2023-03,2023Q1,Thursday,Seniors (50+)
ORD-1462,CUST-245,61,Sports & Outdoors,Yoga Mat,43.17,1,South,Bank Transfer,Social Media,3.3,42.2,2023-03-23,43.17,0.3,12.95,2023,2023-03,2023Q1,Thursday,Seniors (50+)
ORD-1829,CUST-226,25,Books,Psychology Of Money,24.69,4,South,Credit Card,Website,4.3,14.74,2023-03-23,98.76,0.25,24.69,2023,2023-03,2023Q1,Thursday,Young Adults (25-34)
ORD-2035,CUST-259,59,Beauty & Care,Lipstick Matte,50.87,3,South,Bank Transfer,Website,4.5,127.16,2023-03-24,152.61,0.42,64.1,2023,2023-03,2023Q1,Friday,Seniors (50+)
ORD-1744,CUST-176,37,Beauty & Care,Hair Dryer,30.51,1,North,Bank Transfer,Mobile App,4.0,19.09,2023-03-24,30.51,0.42,12.81,2023,2023-03,2023Q1,Friday,Middle-Aged (35-49)
ORD-1870,CUST-256,45,Sports & Outdoors,Dumbbell Set,25.9,3,North,Credit Card,Mobile App,3.9,146.14,2023-03-24,77.7,0.3,23.31,2023,2023-03,2023Q1,Friday,Middle-Aged (35-49)
ORD-1536,CUST-327,22,Beauty & Care,Moisturizer Cream,46.19,4,North,COD (Cash on Delivery),Mobile App,3.8,66.91,2023-03-25,184.76,0.42,77.6,2023,2023-03,2023Q1,Saturday,Gen Z (<25)
ORD-1261,CUST-120,25,Sports & Outdoors,Camping Tent,61.32,4,North,Bank Transfer,Store Affiliate,3.7,61.78,2023-03-25,245.28,0.3,73.58,2023,2023-03,2023Q1,Saturday,Young Adults (25-34)
ORD-1566,CUST-185,44,Books,Data Science Handbook,38.1,4,Central,Credit Card,Website,4.7,65.92,2023-03-25,152.4,0.25,38.1,2023,2023-03,2023Q1,Saturday,Middle-Aged (35-49)
ORD-1832,CUST-137,61,Fashion,Men T-Shirt,96.14,3,North,Bank Transfer,Store Affiliate,3.7,131.71,2023-03-26,288.42,0.35,100.95,2023,2023-03,2023Q1,Sunday,Seniors (50+)
ORD-2072,CUST-201,36,Sports & Outdoors,Water Bottle,144.89,5,North,E-Wallet,Mobile App,4.2,92.31,2023-03-28,724.45,0.3,217.34,2023,2023-03,2023Q1,Tuesday,Middle-Aged (35-49)
ORD-1926,CUST-152,56,Fashion,Men T-Shirt,90.24,2,North,E-Wallet,Store Affiliate,4.4,100.38,2023-03-28,180.48,0.35,63.17,2023,2023-03,2023Q1,Tuesday,Seniors (50+)
ORD-1031,CUST-207,35,Electronics,Wireless Headphones,449.32,5,North,E-Wallet,Website,4.1,16.22,2023-03-28,2246.6,0.18,404.39,2023,2023-03,2023Q1,Tuesday,Middle-Aged (35-49)
ORD-1118,CUST-169,44,Home & Kitchen,Robot Vacuum,193.73,4,South,E-Wallet,Social Media,3.8,110.04,2023-03-28,774.92,0.28,216.98,2023,2023-03,2023Q1,Tuesday,Middle-Aged (35-49)
ORD-1663,CUST-178,45,Beauty & Care,Hair Dryer,22.37,1,North,Bank Transfer,Website,4.6,142.37,2023-03-28,22.37,0.42,9.4,2023,2023-03,2023Q1,Tuesday,Middle-Aged (35-49)
ORD-1106,CUST-274,58,Electronics,Laptop Pro,1070.32,4,Central,Bank Transfer,Social Media,3.4,98.25,2023-03-29,4281.28,0.18,770.63,2023,2023-03,2023Q1,Wednesday,Seniors (50+)
ORD-2196,CUST-203,22,Books,Psychology Of Money,10.32,1,Central,Bank Transfer,Mobile App,4.3,144.75,2023-03-29,10.32,0.25,2.58,2023,2023-03,2023Q1,Wednesday,Gen Z (<25)
ORD-1296,CUST-195,49,Fashion,Men T-Shirt,80.76,3,Central,Bank Transfer,Social Media,3.8,115.49,2023-03-29,242.28,0.35,84.8,2023,2023-03,2023Q1,Wednesday,Middle-Aged (35-49)
ORD-1631,CUST-325,19,Electronics,Smartphone X,984.77,5,North,E-Wallet,Social Media,4.0,48.81,2023-03-30,4923.85,0.18,886.29,2023,2023-03,2023Q1,Thursday,Gen Z (<25)
ORD-2043,CUST-342,37,Home & Kitchen,Coffee Maker,131.22,2,South,Bank Transfer,Mobile App,4.1,44.13,2023-03-30,262.44,0.28,73.48,2023,2023-03,2023Q1,Thursday,Middle-Aged (35-49)
ORD-1632,CUST-205,29,Books,Data Science Handbook,35.53,1,North,COD (Cash on Delivery),Mobile App,3.5,123.02,2023-03-31,35.53,0.25,8.88,2023,2023-03,2023Q1,Friday,Young Adults (25-34)
ORD-1121,CUST-276,56,Books,Data Science Handbook,21.6,3,North,E-Wallet,Website,3.6,104.97,2023-03-31,64.8,0.25,16.2,2023,2023-03,2023Q1,Friday,Seniors (50+)
ORD-1561,CUST-208,44,Beauty & Care,Perfume 50Ml,55.52,2,South,Bank Transfer,Store Affiliate,4.3,33.9,2023-03-31,111.04,0.42,46.64,2023,2023-03,2023Q1,Friday,Middle-Aged (35-49)
ORD-1611,CUST-126,32,Home & Kitchen,Air Fryer,45.97,2,North,Credit Card,Social Media,4.2,131.53,2023-04-01,91.94,0.28,25.74,2023,2023-04,2023Q2,Saturday,Young Adults (25-34)
ORD-1234,CUST-195,58,Sports & Outdoors,Water Bottle,90.39,1,South,Credit Card,Social Media,3.1,59.61,2023-04-01,90.39,0.3,27.12,2023,2023-04,2023Q2,Saturday,Seniors (50+)
ORD-1175,CUST-320,19,Home & Kitchen,Coffee Maker,58.36,1,North,Bank Transfer,Mobile App,4.1,17.2,2023-04-01,58.36,0.28,16.34,2023,2023-04,2023Q2,Saturday,Gen Z (<25)
ORD-1262,CUST-121,59,Fashion,Leather Jacket,148.26,4,Central,COD (Cash on Delivery),Mobile App,4.0,100.92,2023-04-02,593.04,0.35,207.56,2023,2023-04,2023Q2,Sunday,Seniors (50+)
ORD-1410,CUST-167,34,Beauty & Care,Lipstick Matte,53.12,3,North,E-Wallet,Website,3.8,18.51,2023-04-02,159.36,0.42,66.93,2023,2023-04,2023Q2,Sunday,Young Adults (25-34)
ORD-1636,CUST-336,65,Books,Psychology Of Money,29.43,4,North,COD (Cash on Delivery),Social Media,4.0,33.53,2023-04-03,117.72,0.25,29.43,2023,2023-04,2023Q2,Monday,Seniors (50+)
ORD-1519,CUST-256,61,Sports & Outdoors,Camping Tent,113.71,1,Central,Bank Transfer,Mobile App,3.1,33.7,2023-04-03,113.71,0.3,34.11,2023,2023-04,2023Q2,Monday,Seniors (50+)
ORD-1273,CUST-268,33,Home & Kitchen,Robot Vacuum,166.8,4,North,Bank Transfer,Mobile App,4.5,91.18,2023-04-04,667.2,0.28,186.82,2023,2023-04,2023Q2,Tuesday,Young Adults (25-34)
ORD-1804,CUST-292,38,Books,Psychology Of Money,35.18,3,North,Credit Card,Website,3.7,64.0,2023-04-04,105.54,0.25,26.38,2023,2023-04,2023Q2,Tuesday,Middle-Aged (35-49)
ORD-1480,CUST-180,36,Books,Python Cookbook,29.64,3,North,COD (Cash on Delivery),Store Affiliate,3.7,31.26,2023-04-04,88.92,0.25,22.23,2023,2023-04,2023Q2,Tuesday,Middle-Aged (35-49)
ORD-1168,CUST-156,56,Sports & Outdoors,Camping Tent,129.15,2,North,E-Wallet,Website,3.5,80.49,2023-04-04,258.3,0.3,77.49,2023,2023-04,2023Q2,Tuesday,Seniors (50+)
ORD-1738,CUST-180,60,Books,Data Science Handbook,22.56,2,North,E-Wallet,Mobile App,3.2,142.2,2023-04-04,45.12,0.25,11.28,2023,2023-04,2023Q2,Tuesday,Seniors (50+)
ORD-1254,CUST-178,42,Beauty & Care,Face Sunscreen,32.34,2,South,E-Wallet,Store Affiliate,3.3,35.68,2023-04-04,64.68,0.42,27.17,2023,2023-04,2023Q2,Tuesday,Middle-Aged (35-49)
ORD-1417,CUST-278,28,Home & Kitchen,Robot Vacuum,162.12,3,North,E-Wallet,Store Affiliate,4.8,137.73,2023-04-05,486.36,0.28,136.18,2023,2023-04,2023Q2,Wednesday,Young Adults (25-34)
ORD-1714,CUST-165,42,Fashion,Men T-Shirt,95.54,2,North,COD (Cash on Delivery),Store Affiliate,3.5,15.35,2023-04-05,191.08,0.35,66.88,2023,2023-04,2023Q2,Wednesday,Middle-Aged (35-49)
ORD-2061,CUST-179,41,Books,Business Strategy,19.79,2,Central,Credit Card,Social Media,4.1,47.39,2023-04-06,39.58,0.25,9.9,2023,2023-04,2023Q2,Thursday,Middle-Aged (35-49)
ORD-1769,CUST-313,19,Sports & Outdoors,Water Bottle,85.86,5,North,E-Wallet,Social Media,4.8,145.21,2023-04-06,429.3,0.3,128.79,2023,2023-04,2023Q2,Thursday,Gen Z (<25)
ORD-2144,CUST-171,46,Fashion,Leather Jacket,30.21,4,North,E-Wallet,Mobile App,4.1,84.57,2023-04-06,120.84,0.35,42.29,2023,2023-04,2023Q2,Thursday,Middle-Aged (35-49)
ORD-1515,CUST-313,47,Books,Business Strategy,14.55,3,Central,COD (Cash on Delivery),Social Media,4.7,56.54,2023-04-07,43.65,0.25,10.91,2023,2023-04,2023Q2,Friday,Middle-Aged (35-49)
ORD-1414,CUST-216,36,Fashion,Denim Jeans,136.88,4,North,Bank Transfer,Social Media,4.3,64.79,2023-04-07,547.52,0.35,191.63,2023,2023-04,2023Q2,Friday,Middle-Aged (35-49)
ORD-1578,CUST-243,46,Electronics,Laptop Pro,853.85,5,North,Bank Transfer,Store Affiliate,3.8,38.62,2023-04-07,4269.25,0.18,768.46,2023,2023-04,2023Q2,Friday,Middle-Aged (35-49)
ORD-1752,CUST-175,48,Sports & Outdoors,Bicycle Helmet,112.97,5,South,COD (Cash on Delivery),Mobile App,3.3,80.77,2023-04-07,564.85,0.3,169.46,2023,2023-04,2023Q2,Friday,Middle-Aged (35-49)
ORD-1182,CUST-208,61,Sports & Outdoors,Yoga Mat,115.98,5,South,E-Wallet,Mobile App,3.7,44.16,2023-04-08,579.9,0.3,173.97,2023,2023-04,2023Q2,Saturday,Seniors (50+)
ORD-1469,CUST-207,58,Sports & Outdoors,Dumbbell Set,129.92,1,North,E-Wallet,Mobile App,3.3,28.37,2023-04-08,129.92,0.3,38.98,2023,2023-04,2023Q2,Saturday,Seniors (50+)
ORD-2076,CUST-119,65,Beauty & Care,Moisturizer Cream,52.47,5,North,COD (Cash on Delivery),Mobile App,3.9,140.18,2023-04-08,262.35,0.42,110.19,2023,2023-04,2023Q2,Saturday,Seniors (50+)
ORD-1574,CUST-213,62,Beauty & Care,Lipstick Matte,86.72,2,Central,E-Wallet,Store Affiliate,4.6,62.03,2023-04-08,173.44,0.42,72.84,2023,2023-04,2023Q2,Saturday,Seniors (50+)
ORD-1013,CUST-239,47,Fashion,Men T-Shirt,166.88,3,North,E-Wallet,Website,4.7,124.29,2023-04-09,500.64,0.35,175.22,2023,2023-04,2023Q2,Sunday,Middle-Aged (35-49)
ORD-2142,CUST-339,23,Electronics,Wireless Headphones,325.26,4,South,Bank Transfer,Store Affiliate,4.5,34.87,2023-04-09,1301.04,0.18,234.19,2023,2023-04,2023Q2,Sunday,Gen Z (<25)
ORD-1120,CUST-263,62,Sports & Outdoors,Camping Tent,123.51,2,Central,E-Wallet,Website,4.7,46.04,2023-04-09,247.02,0.3,74.11,2023,2023-04,2023Q2,Sunday,Seniors (50+)
ORD-1294,CUST-271,55,Sports & Outdoors,Yoga Mat,109.8,1,North,E-Wallet,Store Affiliate,4.1,138.48,2023-04-09,109.8,0.3,32.94,2023,2023-04,2023Q2,Sunday,Seniors (50+)
ORD-1274,CUST-221,47,Books,Psychology Of Money,40.75,3,Central,E-Wallet,Store Affiliate,4.5,128.17,2023-04-10,122.25,0.25,30.56,2023,2023-04,2023Q2,Monday,Middle-Aged (35-49)
ORD-1878,CUST-240,43,Beauty & Care,Moisturizer Cream,79.12,3,North,E-Wallet,Website,3.8,122.21,2023-04-10,237.36,0.42,99.69,2023,2023-04,2023Q2,Monday,Middle-Aged (35-49)
ORD-1823,CUST-261,35,Beauty & Care,Perfume 50Ml,32.24,1,Central,Bank Transfer,Website,3.1,36.1,2023-04-10,32.24,0.42,13.54,2023,2023-04,2023Q2,Monday,Middle-Aged (35-49)
ORD-1201,CUST-237,39,Books,Data Science Handbook,32.77,1,South,Bank Transfer,Mobile App,3.1,125.75,2023-04-11,32.77,0.25,8.19,2023,2023-04,2023Q2,Tuesday,Middle-Aged (35-49)
ORD-1697,CUST-167,64,Fashion,Women Dress,157.39,4,Central,Credit Card,Social Media,3.9,48.49,2023-04-11,629.56,0.35,220.35,2023,2023-04,2023Q2,Tuesday,Seniors (50+)
ORD-1137,CUST-116,60,Books,Psychology Of Money,14.81,2,North,Credit Card,Website,3.7,30.03,2023-04-11,29.62,0.25,7.4,2023,2023-04,2023Q2,Tuesday,Seniors (50+)
ORD-1737,CUST-259,42,Beauty & Care,Perfume 50Ml,51.26,1,North,Bank Transfer,Store Affiliate,3.5,92.16,2023-04-12,51.26,0.42,21.53,2023,2023-04,2023Q2,Wednesday,Middle-Aged (35-49)
ORD-1555,CUST-331,47,Home & Kitchen,Non-Stick Pan,240.96,2,Central,Bank Transfer,Store Affiliate,3.2,114.74,2023-04-12,481.92,0.28,134.94,2023,2023-04,2023Q2,Wednesday,Middle-Aged (35-49)
ORD-1424,CUST-224,45,Sports & Outdoors,Yoga Mat,59.2,2,North,Bank Transfer,Website,4.3,90.15,2023-04-12,118.4,0.3,35.52,2023,2023-04,2023Q2,Wednesday,Middle-Aged (35-49)
ORD-1207,CUST-128,44,Home & Kitchen,Air Fryer,248.83,1,North,Bank Transfer,Social Media,4.8,29.34,2023-04-12,248.83,0.28,69.67,2023,2023-04,2023Q2,Wednesday,Middle-Aged (35-49)
ORD-2091,CUST-303,64,Electronics,Bluetooth Speaker,622.35,1,North,COD (Cash on Delivery),Website,4.0,88.59,2023-04-12,622.35,0.18,112.02,2023,2023-04,2023Q2,Wednesday,Seniors (50+)
ORD-1812,CUST-106,21,Beauty & Care,Lipstick Matte,77.28,4,South,COD (Cash on Delivery),Social Media,4.0,107.95,2023-04-12,309.12,0.42,129.83,2023,2023-04,2023Q2,Wednesday,Gen Z (<25)
ORD-1715,CUST-111,27,Electronics,Bluetooth Speaker,963.96,2,Central,COD (Cash on Delivery),Social Media,3.4,14.04,2023-04-12,1927.92,0.18,347.03,2023,2023-04,2023Q2,Wednesday,Young Adults (25-34)
ORD-1348,CUST-190,43,Fashion,Women Dress,38.99,3,North,E-Wallet,Mobile App,3.9,14.99,2023-04-13,116.97,0.35,40.94,2023,2023-04,2023Q2,Thursday,Middle-Aged (35-49)
ORD-1510,CUST-162,43,Beauty & Care,Perfume 50Ml,28.03,3,South,E-Wallet,Social Media,3.3,65.63,2023-04-13,84.09,0.42,35.32,2023,2023-04,2023Q2,Thursday,Middle-Aged (35-49)
ORD-1394,CUST-292,28,Sports & Outdoors,Bicycle Helmet,38.47,2,North,Bank Transfer,Social Media,4.3,26.21,2023-04-13,76.94,0.3,23.08,2023,2023-04,2023Q2,Thursday,Young Adults (25-34)
ORD-1841,CUST-127,56,Home & Kitchen,Robot Vacuum,212.05,3,Central,Credit Card,Store Affiliate,4.0,36.06,2023-04-14,636.15,0.28,178.12,2023,2023-04,2023Q2,Friday,Seniors (50+)
ORD-1534,CUST-167,32,Home & Kitchen,Non-Stick Pan,45.0,5,North,Credit Card,Social Media,4.8,55.0,2023-04-14,225.0,0.28,63.0,2023,2023-04,2023Q2,Friday,Young Adults (25-34)
ORD-1146,CUST-267,27,Fashion,Men T-Shirt,98.01,2,North,Credit Card,Website,3.4,32.44,2023-04-14,196.02,0.35,68.61,2023,2023-04,2023Q2,Friday,Young Adults (25-34)
ORD-2063,CUST-248,29,Electronics,Bluetooth Speaker,287.7,4,Central,Credit Card,Social Media,3.4,146.63,2023-04-14,1150.8,0.18,207.14,2023,2023-04,2023Q2,Friday,Young Adults (25-34)
ORD-1642,CUST-271,48,Electronics,Bluetooth Speaker,469.93,1,North,Credit Card,Store Affiliate,3.1,33.07,2023-04-15,469.93,0.18,84.59,2023,2023-04,2023Q2,Saturday,Middle-Aged (35-49)
ORD-1890,CUST-263,62,Sports & Outdoors,Camping Tent,63.33,4,North,Bank Transfer,Store Affiliate,4.1,105.86,2023-04-16,253.32,0.3,76.0,2023,2023-04,2023Q2,Sunday,Seniors (50+)
ORD-1556,CUST-332,41,Home & Kitchen,Robot Vacuum,180.16,3,Central,Credit Card,Store Affiliate,3.3,33.27,2023-04-16,540.48,0.28,151.33,2023,2023-04,2023Q2,Sunday,Middle-Aged (35-49)
ORD-1517,CUST-280,61,Beauty & Care,Perfume 50Ml,34.13,3,South,Bank Transfer,Store Affiliate,4.9,146.61,2023-04-16,102.39,0.42,43.0,2023,2023-04,2023Q2,Sunday,Seniors (50+)
ORD-1130,CUST-158,47,Home & Kitchen,Non-Stick Pan,225.67,1,North,Credit Card,Social Media,4.5,43.18,2023-04-16,225.67,0.28,63.19,2023,2023-04,2023Q2,Sunday,Middle-Aged (35-49)
ORD-1533,CUST-134,57,Beauty & Care,Face Sunscreen,28.79,2,South,Bank Transfer,Website,4.6,31.09,2023-04-17,57.58,0.42,24.18,2023,2023-04,2023Q2,Monday,Seniors (50+)
ORD-1188,CUST-219,51,Books,Business Strategy,41.55,2,North,Bank Transfer,Mobile App,3.5,26.16,2023-04-17,83.1,0.25,20.78,2023,2023-04,2023Q2,Monday,Seniors (50+)
ORD-1861,CUST-270,32,Sports & Outdoors,Yoga Mat,132.38,4,South,Credit Card,Store Affiliate,3.3,143.56,2023-04-17,529.52,0.3,158.86,2023,2023-04,2023Q2,Monday,Young Adults (25-34)
ORD-1549,CUST-262,25,Fashion,Denim Jeans,21.41,3,South,COD (Cash on Delivery),Mobile App,3.6,21.4,2023-04-17,64.23,0.35,22.48,2023,2023-04,2023Q2,Monday,Young Adults (25-34)
ORD-1336,CUST-247,18,Beauty & Care,Moisturizer Cream,33.07,2,South,COD (Cash on Delivery),Store Affiliate,4.5,81.8,2023-04-17,66.14,0.42,27.78,2023,2023-04,2023Q2,Monday,Gen Z (<25)
ORD-1039,CUST-294,36,Electronics,Smartphone X,432.54,2,South,E-Wallet,Store Affiliate,3.8,13.64,2023-04-18,865.08,0.18,155.71,2023,2023-04,2023Q2,Tuesday,Middle-Aged (35-49)
ORD-2036,CUST-139,62,Books,Atomic Habits,28.93,4,North,COD (Cash on Delivery),Store Affiliate,4.2,70.68,2023-04-18,115.72,0.25,28.93,2023,2023-04,2023Q2,Tuesday,Seniors (50+)
ORD-1288,CUST-286,35,Sports & Outdoors,Water Bottle,32.33,5,North,Bank Transfer,Store Affiliate,3.9,49.87,2023-04-18,161.65,0.3,48.5,2023,2023-04,2023Q2,Tuesday,Middle-Aged (35-49)
ORD-1575,CUST-241,41,Home & Kitchen,Robot Vacuum,148.35,2,South,E-Wallet,Social Media,4.4,101.03,2023-04-18,296.7,0.28,83.08,2023,2023-04,2023Q2,Tuesday,Middle-Aged (35-49)
ORD-1623,CUST-338,60,Beauty & Care,Hair Dryer,25.23,5,South,Credit Card,Social Media,3.9,46.81,2023-04-18,126.15,0.42,52.98,2023,2023-04,2023Q2,Tuesday,Seniors (50+)
ORD-1093,CUST-171,46,Beauty & Care,Lipstick Matte,17.65,1,South,Credit Card,Website,3.1,128.21,2023-04-19,17.65,0.42,7.41,2023,2023-04,2023Q2,Wednesday,Middle-Aged (35-49)
ORD-1416,CUST-208,52,Sports & Outdoors,Water Bottle,73.43,3,Central,E-Wallet,Mobile App,3.5,65.82,2023-04-20,220.29,0.3,66.09,2023,2023-04,2023Q2,Thursday,Seniors (50+)
ORD-1757,CUST-270,41,Electronics,Smart Watch,721.57,1,Central,Credit Card,Social Media,3.9,48.33,2023-04-20,721.57,0.18,129.88,2023,2023-04,2023Q2,Thursday,Middle-Aged (35-49)
ORD-1277,CUST-142,42,Sports & Outdoors,Dumbbell Set,47.86,3,North,E-Wallet,Website,3.9,54.6,2023-04-20,143.58,0.3,43.07,2023,2023-04,2023Q2,Thursday,Middle-Aged (35-49)
ORD-1349,CUST-208,59,Home & Kitchen,Blender 500W,139.42,4,North,E-Wallet,Store Affiliate,3.2,98.83,2023-04-21,557.68,0.28,156.15,2023,2023-04,2023Q2,Friday,Seniors (50+)
ORD-1211,CUST-216,60,Sports & Outdoors,Dumbbell Set,111.22,1,South,COD (Cash on Delivery),Social Media,4.8,21.41,2023-04-21,111.22,0.3,33.37,2023,2023-04,2023Q2,Friday,Seniors (50+)
ORD-2129,CUST-237,42,Electronics,Bluetooth Speaker,617.14,5,North,COD (Cash on Delivery),Website,4.1,24.79,2023-04-21,3085.7,0.18,555.43,2023,2023-04,2023Q2,Friday,Middle-Aged (35-49)
ORD-2010,CUST-207,61,Sports & Outdoors,Yoga Mat,56.21,5,North,Bank Transfer,Social Media,3.7,146.06,2023-04-21,281.05,0.3,84.32,2023,2023-04,2023Q2,Friday,Seniors (50+)
ORD-1540,CUST-139,37,Home & Kitchen,Non-Stick Pan,76.94,4,Central,Credit Card,Website,3.6,121.26,2023-04-22,307.76,0.28,86.17,2023,2023-04,2023Q2,Saturday,Middle-Aged (35-49)
ORD-2124,CUST-266,34,Beauty & Care,Face Sunscreen,38.77,4,South,Credit Card,Mobile App,5.0,115.18,2023-04-23,155.08,0.42,65.13,2023,2023-04,2023Q2,Sunday,Young Adults (25-34)
ORD-1699,CUST-127,45,Home & Kitchen,Blender 500W,148.5,2,North,Credit Card,Store Affiliate,4.3,16.15,2023-04-23,297.0,0.28,83.16,2023,2023-04,2023Q2,Sunday,Middle-Aged (35-49)
ORD-1810,CUST-150,28,Electronics,Laptop Pro,1060.67,5,North,E-Wallet,Social Media,3.6,121.48,2023-04-24,5303.35,0.18,954.6,2023,2023-04,2023Q2,Monday,Young Adults (25-34)
ORD-1068,CUST-196,48,Fashion,Running Shoes,999.99,2,South,Bank Transfer,Website,4.5,28.46,2023-04-24,1999.98,0.35,699.99,2023,2023-04,2023Q2,Monday,Middle-Aged (35-49)
ORD-1964,CUST-211,36,Sports & Outdoors,Water Bottle,143.38,1,South,Bank Transfer,Social Media,3.8,62.2,2023-04-24,143.38,0.3,43.01,2023,2023-04,2023Q2,Monday,Middle-Aged (35-49)
ORD-2122,CUST-233,56,Electronics,Smart Watch,320.1,5,North,E-Wallet,Social Media,4.5,66.16,2023-04-25,1600.5,0.18,288.09,2023,2023-04,2023Q2,Tuesday,Seniors (50+)
ORD-1502,CUST-229,32,Books,Psychology Of Money,29.13,5,North,Credit Card,Store Affiliate,4.6,12.41,2023-04-25,145.65,0.25,36.41,2023,2023-04,2023Q2,Tuesday,Young Adults (25-34)
ORD-2184,CUST-161,45,Electronics,Wireless Headphones,534.07,4,South,Bank Transfer,Store Affiliate,3.2,44.31,2023-04-25,2136.28,0.18,384.53,2023,2023-04,2023Q2,Tuesday,Middle-Aged (35-49)
ORD-1131,CUST-310,22,Sports & Outdoors,Dumbbell Set,87.56,3,Central,COD (Cash on Delivery),Store Affiliate,3.3,55.61,2023-04-25,262.68,0.3,78.8,2023,2023-04,2023Q2,Tuesday,Gen Z (<25)
ORD-1668,CUST-157,46,Fashion,Running Shoes,124.88,5,Central,COD (Cash on Delivery),Website,4.7,78.61,2023-04-25,624.4,0.35,218.54,2023,2023-04,2023Q2,Tuesday,Middle-Aged (35-49)
ORD-1497,CUST-244,39,Books,Python Cookbook,39.05,4,North,Credit Card,Mobile App,4.9,88.54,2023-04-26,156.2,0.25,39.05,2023,2023-04,2023Q2,Wednesday,Middle-Aged (35-49)
ORD-1836,CUST-328,60,Fashion,Women Dress,100.53,2,North,Credit Card,Mobile App,4.5,100.7,2023-04-26,201.06,0.35,70.37,2023,2023-04,2023Q2,Wednesday,Seniors (50+)
ORD-1703,CUST-286,39,Home & Kitchen,Blender 500W,46.59,2,North,Credit Card,Mobile App,3.1,145.96,2023-04-26,93.18,0.28,26.09,2023,2023-04,2023Q2,Wednesday,Middle-Aged (35-49)
ORD-1882,CUST-290,36,Electronics,Smart Watch,864.64,3,North,Credit Card,Mobile App,4.9,30.65,2023-04-26,2593.92,0.18,466.91,2023,2023-04,2023Q2,Wednesday,Middle-Aged (35-49)
ORD-2112,CUST-192,54,Beauty & Care,Moisturizer Cream,36.49,2,Central,Bank Transfer,Website,4.1,95.0,2023-04-26,72.98,0.42,30.65,2023,2023-04,2023Q2,Wednesday,Seniors (50+)
ORD-1931,CUST-297,58,Home & Kitchen,Blender 500W,37.39,1,Central,Bank Transfer,Social Media,4.0,57.54,2023-04-26,37.39,0.28,10.47,2023,2023-04,2023Q2,Wednesday,Seniors (50+)
ORD-2126,CUST-257,59,Beauty & Care,Lipstick Matte,35.06,3,Central,E-Wallet,Website,4.2,93.89,2023-04-26,105.18,0.42,44.18,2023,2023-04,2023Q2,Wednesday,Seniors (50+)
ORD-1128,CUST-298,36,Electronics,Laptop Pro,1141.52,3,North,E-Wallet,Social Media,4.6,72.13,2023-04-26,3424.56,0.18,616.42,2023,2023-04,2023Q2,Wednesday,Middle-Aged (35-49)
ORD-1712,CUST-247,60,Home & Kitchen,Air Fryer,149.56,2,Central,COD (Cash on Delivery),Store Affiliate,4.5,115.08,2023-04-26,299.12,0.28,83.75,2023,2023-04,2023Q2,Wednesday,Seniors (50+)
ORD-2179,CUST-284,27,Books,Business Strategy,20.84,4,South,Bank Transfer,Store Affiliate,3.5,55.18,2023-04-27,83.36,0.25,20.84,2023,2023-04,2023Q2,Thursday,Young Adults (25-34)
ORD-1172,CUST-123,38,Beauty & Care,Lipstick Matte,33.66,5,South,E-Wallet,Mobile App,4.3,112.63,2023-04-27,168.3,0.42,70.69,2023,2023-04,2023Q2,Thursday,Middle-Aged (35-49)
ORD-1420,CUST-300,40,Sports & Outdoors,Camping Tent,73.08,3,North,E-Wallet,Mobile App,3.5,57.58,2023-04-27,219.24,0.3,65.77,2023,2023-04,2023Q2,Thursday,Middle-Aged (35-49)
ORD-1789,CUST-345,65,Beauty & Care,Hair Dryer,77.5,5,North,Bank Transfer,Website,4.8,36.35,2023-04-27,387.5,0.42,162.75,2023,2023-04,2023Q2,Thursday,Seniors (50+)
ORD-1145,CUST-154,35,Electronics,Bluetooth Speaker,967.89,3,South,COD (Cash on Delivery),Website,3.8,97.07,2023-04-27,2903.67,0.18,522.66,2023,2023-04,2023Q2,Thursday,Middle-Aged (35-49)
ORD-1091,CUST-125,51,Beauty & Care,Lipstick Matte,46.39,3,North,E-Wallet,Mobile App,4.1,145.22,2023-04-27,139.17,0.42,58.45,2023,2023-04,2023Q2,Thursday,Seniors (50+)
ORD-2050,CUST-142,62,Sports & Outdoors,Yoga Mat,57.46,1,Central,E-Wallet,Mobile App,4.6,118.96,2023-04-27,57.46,0.3,17.24,2023,2023-04,2023Q2,Thursday,Seniors (50+)
ORD-1189,CUST-235,59,Beauty & Care,Hair Dryer,41.94,5,North,Credit Card,Website,4.0,43.75,2023-04-27,209.7,0.42,88.07,2023,2023-04,2023Q2,Thursday,Seniors (50+)
ORD-1824,CUST-247,31,Electronics,Bluetooth Speaker,554.73,4,International,E-Wallet,Social Media,3.6,29.57,2023-04-28,2218.92,0.18,399.41,2023,2023-04,2023Q2,Friday,Young Adults (25-34)
ORD-1597,CUST-178,58,Sports & Outdoors,Water Bottle,96.87,4,South,Credit Card,Website,3.3,36.27,2023-04-28,387.48,0.3,116.24,2023,2023-04,2023Q2,Friday,Seniors (50+)
ORD-1531,CUST-340,53,Beauty & Care,Face Sunscreen,38.84,2,North,E-Wallet,Mobile App,3.7,53.6,2023-04-28,77.68,0.42,32.63,2023,2023-04,2023Q2,Friday,Seniors (50+)
ORD-1308,CUST-241,30,Books,Psychology Of Money,21.0,3,Central,Bank Transfer,Website,4.3,10.93,2023-04-28,63.0,0.25,15.75,2023,2023-04,2023Q2,Friday,Young Adults (25-34)
ORD-1906,CUST-181,39,Books,Data Science Handbook,15.63,5,North,COD (Cash on Delivery),Social Media,3.6,28.69,2023-04-29,78.15,0.25,19.54,2023,2023-04,2023Q2,Saturday,Middle-Aged (35-49)
ORD-1276,CUST-240,27,Home & Kitchen,Robot Vacuum,209.29,5,North,Bank Transfer,Social Media,3.3,55.19,2023-04-29,1046.45,0.28,293.01,2023,2023-04,2023Q2,Saturday,Young Adults (25-34)
ORD-1539,CUST-241,62,Sports & Outdoors,Bicycle Helmet,52.65,3,South,Credit Card,Mobile App,3.2,115.71,2023-04-30,157.95,0.3,47.38,2023,2023-04,2023Q2,Sunday,Seniors (50+)
ORD-1613,CUST-299,27,Beauty & Care,Perfume 50Ml,22.96,2,North,Credit Card,Store Affiliate,3.5,52.81,2023-05-01,45.92,0.42,19.29,2023,2023-05,2023Q2,Monday,Young Adults (25-34)
ORD-1216,CUST-284,23,Books,Psychology Of Money,15.36,5,North,Credit Card,Store Affiliate,3.6,118.17,2023-05-01,76.8,0.25,19.2,2023,2023-05,2023Q2,Monday,Gen Z (<25)
ORD-2158,CUST-183,38,Home & Kitchen,Robot Vacuum,167.83,2,North,E-Wallet,Mobile App,3.7,93.94,2023-05-01,335.66,0.28,93.98,2023,2023-05,2023Q2,Monday,Middle-Aged (35-49)
ORD-1496,CUST-259,65,Sports & Outdoors,Yoga Mat,133.76,5,South,E-Wallet,Mobile App,4.6,145.36,2023-05-01,668.8,0.3,200.64,2023,2023-05,2023Q2,Monday,Seniors (50+)
ORD-1743,CUST-330,56,Sports & Outdoors,Bicycle Helmet,30.35,2,North,E-Wallet,Website,4.2,103.75,2023-05-02,60.7,0.3,18.21,2023,2023-05,2023Q2,Tuesday,Seniors (50+)
ORD-1025,CUST-243,62,Sports & Outdoors,Bicycle Helmet,98.36,1,North,E-Wallet,Store Affiliate,4.7,21.83,2023-05-03,98.36,0.3,29.51,2023,2023-05,2023Q2,Wednesday,Seniors (50+)
ORD-1989,CUST-264,39,Home & Kitchen,Coffee Maker,32.14,1,South,E-Wallet,Social Media,3.7,45.33,2023-05-03,32.14,0.28,9.0,2023,2023-05,2023Q2,Wednesday,Middle-Aged (35-49)
ORD-1938,CUST-295,54,Beauty & Care,Hair Dryer,15.02,1,South,Credit Card,Social Media,3.8,144.19,2023-05-04,15.02,0.42,6.31,2023,2023-05,2023Q2,Thursday,Seniors (50+)
ORD-1961,CUST-224,20,Electronics,Smart Watch,261.79,2,North,Credit Card,Mobile App,3.8,94.51,2023-05-05,523.58,0.18,94.24,2023,2023-05,2023Q2,Friday,Gen Z (<25)
ORD-2133,CUST-211,25,Fashion,Running Shoes,174.48,3,North,E-Wallet,Social Media,3.1,54.49,2023-05-05,523.44,0.35,183.2,2023,2023-05,2023Q2,Friday,Young Adults (25-34)
ORD-1356,CUST-267,58,Electronics,Wireless Headphones,784.41,1,Central,E-Wallet,Website,3.0,31.2,2023-05-05,784.41,0.18,141.19,2023,2023-05,2023Q2,Friday,Seniors (50+)
ORD-1037,CUST-322,24,Electronics,Laptop Pro,829.75,3,Central,Credit Card,Store Affiliate,4.4,85.82,2023-05-05,2489.25,0.18,448.06,2023,2023-05,2023Q2,Friday,Gen Z (<25)
ORD-1190,CUST-164,46,Fashion,Denim Jeans,50.15,4,Central,Bank Transfer,Mobile App,4.4,112.59,2023-05-05,200.6,0.35,70.21,2023,2023-05,2023Q2,Friday,Middle-Aged (35-49)
ORD-1871,CUST-308,19,Books,Business Strategy,32.91,5,South,E-Wallet,Social Media,3.3,115.26,2023-05-05,164.55,0.25,41.14,2023,2023-05,2023Q2,Friday,Gen Z (<25)
ORD-1398,CUST-204,42,Home & Kitchen,Coffee Maker,159.54,4,South,COD (Cash on Delivery),Mobile App,3.5,107.58,2023-05-06,638.16,0.28,178.68,2023,2023-05,2023Q2,Saturday,Middle-Aged (35-49)
ORD-1171,CUST-226,65,Home & Kitchen,Blender 500W,167.87,3,North,COD (Cash on Delivery),Website,4.8,68.53,2023-05-06,503.61,0.28,141.01,2023,2023-05,2023Q2,Saturday,Seniors (50+)
ORD-1266,CUST-117,36,Electronics,Smartphone X,946.11,5,South,Credit Card,Social Media,4.2,92.33,2023-05-06,4730.55,0.18,851.5,2023,2023-05,2023Q2,Saturday,Middle-Aged (35-49)
ORD-1049,CUST-295,42,Fashion,Denim Jeans,60.38,1,North,Credit Card,Website,3.0,70.77,2023-05-06,60.38,0.35,21.13,2023,2023-05,2023Q2,Saturday,Middle-Aged (35-49)
ORD-2167,CUST-325,48,Fashion,Running Shoes,106.49,1,North,Bank Transfer,Social Media,4.6,114.02,2023-05-07,106.49,0.35,37.27,2023,2023-05,2023Q2,Sunday,Middle-Aged (35-49)
ORD-1937,CUST-325,61,Beauty & Care,Perfume 50Ml,32.94,3,South,COD (Cash on Delivery),Social Media,3.2,14.88,2023-05-07,98.82,0.42,41.5,2023,2023-05,2023Q2,Sunday,Seniors (50+)
ORD-1422,CUST-269,37,Sports & Outdoors,Water Bottle,139.49,1,North,Bank Transfer,Mobile App,4.6,53.19,2023-05-07,139.49,0.3,41.85,2023,2023-05,2023Q2,Sunday,Middle-Aged (35-49)
ORD-1165,CUST-249,49,Home & Kitchen,Blender 500W,112.08,2,North,Credit Card,Mobile App,3.2,20.82,2023-05-07,224.16,0.28,62.76,2023,2023-05,2023Q2,Sunday,Middle-Aged (35-49)
ORD-1711,CUST-330,38,Books,Psychology Of Money,29.31,3,North,Bank Transfer,Store Affiliate,3.2,132.49,2023-05-08,87.93,0.25,21.98,2023,2023-05,2023Q2,Monday,Middle-Aged (35-49)
ORD-2026,CUST-266,56,Beauty & Care,Lipstick Matte,80.16,2,South,COD (Cash on Delivery),Social Media,3.3,21.03,2023-05-08,160.32,0.42,67.33,2023,2023-05,2023Q2,Monday,Seniors (50+)
ORD-1244,CUST-253,49,Sports & Outdoors,Yoga Mat,108.95,1,Central,E-Wallet,Mobile App,4.4,16.33,2023-05-08,108.95,0.3,32.68,2023,2023-05,2023Q2,Monday,Middle-Aged (35-49)
ORD-1610,CUST-270,31,Beauty & Care,Perfume 50Ml,67.57,2,North,Bank Transfer,Social Media,3.7,124.91,2023-05-08,135.14,0.42,56.76,2023,2023-05,2023Q2,Monday,Young Adults (25-34)
ORD-1879,CUST-214,63,Fashion,Women Dress,87.77,3,North,E-Wallet,Mobile App,3.8,74.22,2023-05-08,263.31,0.35,92.16,2023,2023-05,2023Q2,Monday,Seniors (50+)
ORD-1122,CUST-242,48,Beauty & Care,Lipstick Matte,34.54,1,North,COD (Cash on Delivery),Mobile App,3.3,130.05,2023-05-09,34.54,0.42,14.51,2023,2023-05,2023Q2,Tuesday,Middle-Aged (35-49)
ORD-2136,CUST-251,28,Beauty & Care,Perfume 50Ml,16.73,1,Central,Credit Card,Website,3.9,130.27,2023-05-09,16.73,0.42,7.03,2023,2023-05,2023Q2,Tuesday,Young Adults (25-34)
ORD-1955,CUST-288,40,Electronics,Bluetooth Speaker,786.68,3,North,E-Wallet,Social Media,4.0,144.39,2023-05-09,2360.04,0.18,424.81,2023,2023-05,2023Q2,Tuesday,Middle-Aged (35-49)
ORD-1228,CUST-315,21,Electronics,Bluetooth Speaker,273.62,4,North,Credit Card,Social Media,4.2,106.61,2023-05-09,1094.48,0.18,197.01,2023,2023-05,2023Q2,Tuesday,Gen Z (<25)
ORD-1713,CUST-148,34,Books,Atomic Habits,44.96,1,Central,E-Wallet,Mobile App,4.8,123.04,2023-05-09,44.96,0.25,11.24,2023,2023-05,2023Q2,Tuesday,Young Adults (25-34)
ORD-2021,CUST-157,42,Home & Kitchen,Air Fryer,136.1,2,North,COD (Cash on Delivery),Website,4.0,146.76,2023-05-10,272.2,0.28,76.22,2023,2023-05,2023Q2,Wednesday,Middle-Aged (35-49)
ORD-1428,CUST-155,37,Fashion,Men T-Shirt,41.34,5,North,E-Wallet,Mobile App,4.3,142.7,2023-05-11,206.7,0.35,72.34,2023,2023-05,2023Q2,Thursday,Middle-Aged (35-49)
ORD-1679,CUST-171,42,Sports & Outdoors,Camping Tent,64.54,4,North,E-Wallet,Store Affiliate,3.5,39.93,2023-05-11,258.16,0.3,77.45,2023,2023-05,2023Q2,Thursday,Middle-Aged (35-49)
ORD-1580,CUST-128,41,Books,Data Science Handbook,40.27,5,Central,COD (Cash on Delivery),Store Affiliate,3.6,110.03,2023-05-11,201.35,0.25,50.34,2023,2023-05,2023Q2,Thursday,Middle-Aged (35-49)
ORD-1920,CUST-204,33,Books,Atomic Habits,28.24,2,Central,E-Wallet,Social Media,4.7,61.68,2023-05-11,56.48,0.25,14.12,2023,2023-05,2023Q2,Thursday,Young Adults (25-34)
ORD-1770,CUST-100,56,Beauty & Care,Hair Dryer,51.16,3,North,Credit Card,Store Affiliate,4.2,117.34,2023-05-11,153.48,0.42,64.46,2023,2023-05,2023Q2,Thursday,Seniors (50+)
ORD-1338,CUST-162,27,Fashion,Men T-Shirt,28.06,5,Central,Bank Transfer,Mobile App,3.2,108.95,2023-05-12,140.3,0.35,49.1,2023,2023-05,2023Q2,Friday,Young Adults (25-34)
ORD-1089,CUST-159,57,Home & Kitchen,Coffee Maker,249.44,4,North,COD (Cash on Delivery),Mobile App,4.5,71.59,2023-05-12,997.76,0.28,279.37,2023,2023-05,2023Q2,Friday,Seniors (50+)
ORD-1402,CUST-321,49,Beauty & Care,Face Sunscreen,86.71,5,North,E-Wallet,Social Media,3.2,122.66,2023-05-12,433.55,0.42,182.09,2023,2023-05,2023Q2,Friday,Middle-Aged (35-49)
ORD-1685,CUST-315,51,Beauty & Care,Face Sunscreen,47.71,1,North,Bank Transfer,Social Media,4.0,114.67,2023-05-12,47.71,0.42,20.04,2023,2023-05,2023Q2,Friday,Seniors (50+)
ORD-1167,CUST-192,23,Electronics,Bluetooth Speaker,488.32,5,South,E-Wallet,Social Media,4.5,41.44,2023-05-12,2441.6,0.18,439.49,2023,2023-05,2023Q2,Friday,Gen Z (<25)
ORD-1501,CUST-154,27,Fashion,Denim Jeans,140.82,2,North,Bank Transfer,Store Affiliate,4.5,44.25,2023-05-13,281.64,0.35,98.57,2023,2023-05,2023Q2,Saturday,Young Adults (25-34)
ORD-1058,CUST-254,42,Books,Psychology Of Money,26.33,3,North,COD (Cash on Delivery),Social Media,3.8,130.19,2023-05-13,78.99,0.25,19.75,2023,2023-05,2023Q2,Saturday,Middle-Aged (35-49)
ORD-1099,CUST-194,54,Beauty & Care,Moisturizer Cream,55.1,3,North,Credit Card,Mobile App,3.1,53.96,2023-05-13,165.3,0.42,69.43,2023,2023-05,2023Q2,Saturday,Seniors (50+)
ORD-1427,CUST-175,42,Electronics,Smartphone X,625.49,4,North,Bank Transfer,Website,4.3,97.54,2023-05-13,2501.96,0.18,450.35,2023,2023-05,2023Q2,Saturday,Middle-Aged (35-49)
ORD-1005,CUST-162,51,Fashion,Women Dress,156.21,5,South,Credit Card,Social Media,4.7,49.17,2023-05-14,781.05,0.35,273.37,2023,2023-05,2023Q2,Sunday,Seniors (50+)
ORD-1403,CUST-202,55,Fashion,Men T-Shirt,41.54,5,North,Bank Transfer,Store Affiliate,3.9,78.48,2023-05-14,207.7,0.35,72.69,2023,2023-05,2023Q2,Sunday,Seniors (50+)
ORD-1050,CUST-186,21,Electronics,Laptop Pro,995.34,2,South,COD (Cash on Delivery),Website,4.7,69.86,2023-05-14,1990.68,0.18,358.32,2023,2023-05,2023Q2,Sunday,Gen Z (<25)
ORD-2151,CUST-256,41,Books,Atomic Habits,19.19,2,South,Credit Card,Social Media,4.4,146.39,2023-05-14,38.38,0.25,9.6,2023,2023-05,2023Q2,Sunday,Middle-Aged (35-49)
ORD-2098,CUST-269,33,Electronics,Smart Watch,277.3,2,North,Bank Transfer,Store Affiliate,4.0,104.43,2023-05-15,554.6,0.18,99.83,2023,2023-05,2023Q2,Monday,Young Adults (25-34)
ORD-2154,CUST-186,23,Sports & Outdoors,Water Bottle,135.68,3,International,Bank Transfer,Social Media,3.3,96.64,2023-05-15,407.04,0.3,122.11,2023,2023-05,2023Q2,Monday,Gen Z (<25)
ORD-1760,CUST-273,54,Electronics,Wireless Headphones,533.56,2,Central,E-Wallet,Store Affiliate,3.5,89.54,2023-05-15,1067.12,0.18,192.08,2023,2023-05,2023Q2,Monday,Seniors (50+)
ORD-1780,CUST-219,40,Electronics,Smartphone X,903.17,1,South,Bank Transfer,Store Affiliate,3.5,36.75,2023-05-15,903.17,0.18,162.57,2023,2023-05,2023Q2,Monday,Middle-Aged (35-49)
ORD-1028,CUST-266,31,Electronics,Smartphone X,1089.22,3,North,Credit Card,Store Affiliate,3.7,79.35,2023-05-15,3267.66,0.18,588.18,2023,2023-05,2023Q2,Monday,Young Adults (25-34)
ORD-1309,CUST-158,62,Sports & Outdoors,Dumbbell Set,113.07,5,North,Bank Transfer,Mobile App,3.9,126.55,2023-05-15,565.35,0.3,169.6,2023,2023-05,2023Q2,Monday,Seniors (50+)
ORD-2034,CUST-105,37,Home & Kitchen,Air Fryer,205.84,1,Central,Credit Card,Website,3.1,133.61,2023-05-15,205.84,0.28,57.64,2023,2023-05,2023Q2,Monday,Middle-Aged (35-49)
ORD-2064,CUST-106,31,Books,Psychology Of Money,30.16,1,North,E-Wallet,Mobile App,4.5,54.54,2023-05-16,30.16,0.25,7.54,2023,2023-05,2023Q2,Tuesday,Young Adults (25-34)
ORD-1040,CUST-306,32,Home & Kitchen,Air Fryer,120.09,1,South,COD (Cash on Delivery),Website,3.7,95.22,2023-05-16,120.09,0.28,33.63,2023,2023-05,2023Q2,Tuesday,Young Adults (25-34)
ORD-1647,CUST-168,24,Home & Kitchen,Coffee Maker,172.1,2,South,COD (Cash on Delivery),Social Media,3.2,81.64,2023-05-16,344.2,0.28,96.38,2023,2023-05,2023Q2,Tuesday,Gen Z (<25)
ORD-1968,CUST-186,57,Fashion,Denim Jeans,150.1,5,North,COD (Cash on Delivery),Website,4.1,61.08,2023-05-17,750.5,0.35,262.68,2023,2023-05,2023Q2,Wednesday,Seniors (50+)
ORD-1725,CUST-340,65,Home & Kitchen,Non-Stick Pan,175.79,5,Central,E-Wallet,Social Media,3.6,18.73,2023-05-17,878.95,0.28,246.11,2023,2023-05,2023Q2,Wednesday,Seniors (50+)
ORD-1178,CUST-260,42,Electronics,Wireless Headphones,325.37,2,North,E-Wallet,Mobile App,3.8,71.74,2023-05-17,650.74,0.18,117.13,2023,2023-05,2023Q2,Wednesday,Middle-Aged (35-49)
ORD-1307,CUST-250,38,Electronics,Laptop Pro,424.69,1,Central,Bank Transfer,Social Media,4.4,121.86,2023-05-18,424.69,0.18,76.44,2023,2023-05,2023Q2,Thursday,Middle-Aged (35-49)
ORD-2186,CUST-221,36,Beauty & Care,Lipstick Matte,37.77,1,North,Credit Card,Store Affiliate,4.1,148.56,2023-05-18,37.77,0.42,15.86,2023,2023-05,2023Q2,Thursday,Middle-Aged (35-49)
ORD-1156,CUST-163,25,Home & Kitchen,Air Fryer,197.99,5,North,Credit Card,Social Media,4.9,91.41,2023-05-19,989.95,0.28,277.19,2023,2023-05,2023Q2,Friday,Young Adults (25-34)
ORD-1538,CUST-290,47,Home & Kitchen,Robot Vacuum,50.23,5,Central,Bank Transfer,Store Affiliate,4.1,106.66,2023-05-19,251.15,0.28,70.32,2023,2023-05,2023Q2,Friday,Middle-Aged (35-49)
ORD-1231,CUST-255,41,Sports & Outdoors,Yoga Mat,49.83,5,North,E-Wallet,Social Media,3.7,131.36,2023-05-19,249.15,0.3,74.74,2023,2023-05,2023Q2,Friday,Middle-Aged (35-49)
ORD-1917,CUST-154,64,Beauty & Care,Perfume 50Ml,43.82,4,North,Bank Transfer,Website,4.0,41.04,2023-05-20,175.28,0.42,73.62,2023,2023-05,2023Q2,Saturday,Seniors (50+)
ORD-2119,CUST-211,44,Electronics,Wireless Headphones,750.22,1,North,COD (Cash on Delivery),Store Affiliate,4.9,32.28,2023-05-21,750.22,0.18,135.04,2023,2023-05,2023Q2,Sunday,Middle-Aged (35-49)
ORD-1353,CUST-286,52,Home & Kitchen,Coffee Maker,152.57,5,North,Bank Transfer,Website,4.6,142.04,2023-05-21,762.85,0.28,213.6,2023,2023-05,2023Q2,Sunday,Seniors (50+)
ORD-1605,CUST-330,31,Fashion,Men T-Shirt,105.57,4,North,E-Wallet,Website,3.5,88.28,2023-05-21,422.28,0.35,147.8,2023,2023-05,2023Q2,Sunday,Young Adults (25-34)
ORD-1060,CUST-306,36,Books,Python Cookbook,38.85,3,Central,COD (Cash on Delivery),Store Affiliate,4.9,74.89,2023-05-21,116.55,0.25,29.14,2023,2023-05,2023Q2,Sunday,Middle-Aged (35-49)
ORD-1332,CUST-285,42,Electronics,Bluetooth Speaker,1044.46,2,Central,E-Wallet,Mobile App,4.3,55.8,2023-05-21,2088.92,0.18,376.01,2023,2023-05,2023Q2,Sunday,Middle-Aged (35-49)
ORD-1246,CUST-225,19,Beauty & Care,Lipstick Matte,77.64,2,North,COD (Cash on Delivery),Website,4.0,59.69,2023-05-21,155.28,0.42,65.22,2023,2023-05,2023Q2,Sunday,Gen Z (<25)
ORD-1473,CUST-233,46,Home & Kitchen,Air Fryer,37.11,3,Central,E-Wallet,Website,3.7,20.34,2023-05-22,111.33,0.28,31.17,2023,2023-05,2023Q2,Monday,Middle-Aged (35-49)
ORD-1883,CUST-320,25,Fashion,Denim Jeans,140.8,1,Central,E-Wallet,Website,3.8,133.61,2023-05-22,140.8,0.35,49.28,2023,2023-05,2023Q2,Monday,Young Adults (25-34)
ORD-1948,CUST-318,48,Electronics,Bluetooth Speaker,244.67,5,North,E-Wallet,Website,4.3,122.5,2023-05-22,1223.35,0.18,220.2,2023,2023-05,2023Q2,Monday,Middle-Aged (35-49)
ORD-1894,CUST-233,24,Fashion,Denim Jeans,156.8,3,Central,COD (Cash on Delivery),Website,3.8,58.26,2023-05-22,470.4,0.35,164.64,2023,2023-05,2023Q2,Monday,Gen Z (<25)
ORD-1378,CUST-336,37,Beauty & Care,Moisturizer Cream,36.9,4,South,E-Wallet,Website,4.9,52.01,2023-05-22,147.6,0.42,61.99,2023,2023-05,2023Q2,Monday,Middle-Aged (35-49)
ORD-2027,CUST-110,27,Sports & Outdoors,Camping Tent,86.35,3,North,Credit Card,Website,4.8,139.84,2023-05-22,259.05,0.3,77.72,2023,2023-05,2023Q2,Monday,Young Adults (25-34)
ORD-1133,CUST-306,32,Home & Kitchen,Blender 500W,113.97,5,Central,COD (Cash on Delivery),Social Media,4.0,125.18,2023-05-23,569.85,0.28,159.56,2023,2023-05,2023Q2,Tuesday,Young Adults (25-34)
ORD-1180,CUST-302,55,Fashion,Men T-Shirt,67.71,5,South,Credit Card,Store Affiliate,4.8,127.04,2023-05-23,338.55,0.35,118.49,2023,2023-05,2023Q2,Tuesday,Seniors (50+)
ORD-1842,CUST-299,21,Beauty & Care,Face Sunscreen,82.27,5,North,Bank Transfer,Store Affiliate,4.2,13.04,2023-05-23,411.35,0.42,172.77,2023,2023-05,2023Q2,Tuesday,Gen Z (<25)
ORD-1764,CUST-257,57,Sports & Outdoors,Dumbbell Set,72.04,5,North,Credit Card,Website,3.7,26.28,2023-05-24,360.2,0.3,108.06,2023,2023-05,2023Q2,Wednesday,Seniors (50+)
ORD-1947,CUST-199,22,Books,Data Science Handbook,12.4,1,South,E-Wallet,Mobile App,3.9,130.75,2023-05-24,12.4,0.25,3.1,2023,2023-05,2023Q2,Wednesday,Gen Z (<25)
ORD-1369,CUST-237,23,Home & Kitchen,Non-Stick Pan,134.09,4,International,E-Wallet,Social Media,3.3,34.94,2023-05-24,536.36,0.28,150.18,2023,2023-05,2023Q2,Wednesday,Gen Z (<25)
ORD-1708,CUST-230,24,Sports & Outdoors,Camping Tent,75.64,3,North,COD (Cash on Delivery),Website,4.2,98.51,2023-05-25,226.92,0.3,68.08,2023,2023-05,2023Q2,Thursday,Gen Z (<25)
ORD-1451,CUST-147,65,Sports & Outdoors,Yoga Mat,85.05,2,North,Bank Transfer,Website,3.4,40.19,2023-05-25,170.1,0.3,51.03,2023,2023-05,2023Q2,Thursday,Seniors (50+)
ORD-1239,CUST-299,53,Home & Kitchen,Blender 500W,139.2,1,North,Bank Transfer,Website,4.3,135.64,2023-05-26,139.2,0.28,38.98,2023,2023-05,2023Q2,Friday,Seniors (50+)
ORD-1382,CUST-320,21,Electronics,Smart Watch,322.36,1,South,Bank Transfer,Website,4.6,121.54,2023-05-26,322.36,0.18,58.02,2023,2023-05,2023Q2,Friday,Gen Z (<25)
ORD-1066,CUST-349,21,Electronics,Smartphone X,542.94,1,Central,Bank Transfer,Store Affiliate,4.0,114.39,2023-05-28,542.94,0.18,97.73,2023,2023-05,2023Q2,Sunday,Gen Z (<25)
ORD-1087,CUST-120,56,Home & Kitchen,Non-Stick Pan,188.68,2,South,Bank Transfer,Mobile App,3.1,35.03,2023-05-30,377.36,0.28,105.66,2023,2023-05,2023Q2,Tuesday,Seniors (50+)
ORD-1406,CUST-142,47,Home & Kitchen,Air Fryer,40.69,2,North,E-Wallet,Store Affiliate,3.1,50.73,2023-05-30,81.38,0.28,22.79,2023,2023-05,2023Q2,Tuesday,Middle-Aged (35-49)
ORD-1930,CUST-331,29,Fashion,Women Dress,65.76,2,North,E-Wallet,Social Media,3.2,70.96,2023-05-30,131.52,0.35,46.03,2023,2023-05,2023Q2,Tuesday,Young Adults (25-34)
ORD-2017,CUST-238,39,Sports & Outdoors,Dumbbell Set,101.73,4,North,Bank Transfer,Website,3.2,74.18,2023-05-30,406.92,0.3,122.08,2023,2023-05,2023Q2,Tuesday,Middle-Aged (35-49)
ORD-1072,CUST-312,49,Home & Kitchen,Coffee Maker,999.99,2,North,Bank Transfer,Website,3.9,21.98,2023-05-30,1999.98,0.28,559.99,2023,2023-05,2023Q2,Tuesday,Middle-Aged (35-49)
ORD-1015,CUST-251,37,Beauty & Care,Moisturizer Cream,35.55,4,North,COD (Cash on Delivery),Social Media,3.3,146.91,2023-05-30,142.2,0.42,59.72,2023,2023-05,2023Q2,Tuesday,Middle-Aged (35-49)
ORD-1625,CUST-321,26,Fashion,Denim Jeans,147.6,3,South,E-Wallet,Website,4.1,121.56,2023-05-31,442.8,0.35,154.98,2023,2023-05,2023Q2,Wednesday,Young Adults (25-34)
ORD-1491,CUST-292,35,Books,Psychology Of Money,29.32,5,South,COD (Cash on Delivery),Store Affiliate,3.6,47.0,2023-05-31,146.6,0.25,36.65,2023,2023-05,2023Q2,Wednesday,Middle-Aged (35-49)
ORD-1339,CUST-300,44,Home & Kitchen,Blender 500W,79.0,1,North,COD (Cash on Delivery),Website,3.9,54.07,2023-05-31,79.0,0.28,22.12,2023,2023-05,2023Q2,Wednesday,Middle-Aged (35-49)
ORD-2107,CUST-310,37,Home & Kitchen,Blender 500W,178.1,4,South,COD (Cash on Delivery),Website,3.7,87.9,2023-05-31,712.4,0.28,199.47,2023,2023-05,2023Q2,Wednesday,Middle-Aged (35-49)
ORD-1081,CUST-117,37,Fashion,Running Shoes,163.95,2,North,COD (Cash on Delivery),Website,3.2,123.44,2023-05-31,327.9,0.35,114.76,2023,2023-05,2023Q2,Wednesday,Middle-Aged (35-49)
ORD-2083,CUST-278,56,Beauty & Care,Hair Dryer,57.16,5,North,Bank Transfer,Website,3.5,39.49,2023-06-01,285.8,0.42,120.04,2023,2023-06,2023Q2,Thursday,Seniors (50+)
ORD-1747,CUST-270,54,Fashion,Leather Jacket,95.15,1,South,Credit Card,Social Media,4.0,112.05,2023-06-01,95.15,0.35,33.3,2023,2023-06,2023Q2,Thursday,Seniors (50+)
ORD-1052,CUST-123,36,Sports & Outdoors,Yoga Mat,999.99,2,South,Bank Transfer,Social Media,4.8,112.96,2023-06-01,1999.98,0.3,599.99,2023,2023-06,2023Q2,Thursday,Middle-Aged (35-49)
ORD-1003,CUST-289,48,Sports & Outdoors,Bicycle Helmet,88.35,2,North,COD (Cash on Delivery),Mobile App,3.7,108.77,2023-06-02,176.7,0.3,53.01,2023,2023-06,2023Q2,Friday,Middle-Aged (35-49)
ORD-1909,CUST-120,50,Books,Python Cookbook,13.19,1,North,Bank Transfer,Social Media,3.1,124.77,2023-06-02,13.19,0.25,3.3,2023,2023-06,2023Q2,Friday,Seniors (50+)
ORD-1596,CUST-110,42,Electronics,Laptop Pro,735.99,2,North,E-Wallet,Mobile App,3.9,53.66,2023-06-03,1471.98,0.18,264.96,2023,2023-06,2023Q2,Saturday,Middle-Aged (35-49)
ORD-1392,CUST-123,61,Home & Kitchen,Air Fryer,201.91,4,North,E-Wallet,Social Media,4.6,55.56,2023-06-03,807.64,0.28,226.14,2023,2023-06,2023Q2,Saturday,Seniors (50+)
ORD-1853,CUST-163,49,Fashion,Denim Jeans,114.25,2,Central,Credit Card,Social Media,3.6,52.02,2023-06-03,228.5,0.35,79.97,2023,2023-06,2023Q2,Saturday,Middle-Aged (35-49)
ORD-1286,CUST-238,39,Books,Python Cookbook,13.96,2,North,E-Wallet,Website,4.7,96.17,2023-06-03,27.92,0.25,6.98,2023,2023-06,2023Q2,Saturday,Middle-Aged (35-49)
ORD-1214,CUST-284,20,Fashion,Denim Jeans,107.57,4,South,COD (Cash on Delivery),Social Media,3.4,90.64,2023-06-03,430.28,0.35,150.6,2023,2023-06,2023Q2,Saturday,Gen Z (<25)
ORD-1241,CUST-235,36,Books,Business Strategy,42.66,1,Central,COD (Cash on Delivery),Mobile App,3.1,92.81,2023-06-03,42.66,0.25,10.66,2023,2023-06,2023Q2,Saturday,Middle-Aged (35-49)
ORD-1716,CUST-281,61,Books,Python Cookbook,22.8,1,South,E-Wallet,Store Affiliate,4.0,135.2,2023-06-04,22.8,0.25,5.7,2023,2023-06,2023Q2,Sunday,Seniors (50+)
ORD-2125,CUST-169,21,Beauty & Care,Face Sunscreen,36.85,2,North,Bank Transfer,Store Affiliate,4.9,68.55,2023-06-05,73.7,0.42,30.95,2023,2023-06,2023Q2,Monday,Gen Z (<25)
ORD-1535,CUST-129,59,Fashion,Denim Jeans,100.82,2,North,E-Wallet,Website,4.1,89.14,2023-06-05,201.64,0.35,70.57,2023,2023-06,2023Q2,Monday,Seniors (50+)
ORD-1186,CUST-197,29,Home & Kitchen,Air Fryer,249.0,5,North,Bank Transfer,Store Affiliate,4.4,73.81,2023-06-05,1245.0,0.28,348.6,2023,2023-06,2023Q2,Monday,Young Adults (25-34)
ORD-1095,CUST-262,37,Home & Kitchen,Blender 500W,155.85,5,South,E-Wallet,Website,5.0,18.2,2023-06-05,779.25,0.28,218.19,2023,2023-06,2023Q2,Monday,Middle-Aged (35-49)
ORD-1311,CUST-156,54,Books,Atomic Habits,36.86,5,North,Credit Card,Website,3.7,38.44,2023-06-05,184.3,0.25,46.08,2023,2023-06,2023Q2,Monday,Seniors (50+)
ORD-2115,CUST-312,42,Books,Data Science Handbook,15.87,5,South,Credit Card,Website,4.3,40.56,2023-06-05,79.35,0.25,19.84,2023,2023-06,2023Q2,Monday,Middle-Aged (35-49)
ORD-1077,CUST-192,21,Beauty & Care,Lipstick Matte,81.93,1,South,Credit Card,Mobile App,4.6,96.18,2023-06-06,81.93,0.42,34.41,2023,2023-06,2023Q2,Tuesday,Gen Z (<25)
ORD-1643,CUST-321,46,Beauty & Care,Lipstick Matte,71.12,5,North,COD (Cash on Delivery),Mobile App,3.0,132.45,2023-06-06,355.6,0.42,149.35,2023,2023-06,2023Q2,Tuesday,Middle-Aged (35-49)
ORD-1314,CUST-281,44,Beauty & Care,Hair Dryer,88.34,2,South,COD (Cash on Delivery),Store Affiliate,4.5,112.49,2023-06-06,176.68,0.42,74.21,2023,2023-06,2023Q2,Tuesday,Middle-Aged (35-49)
ORD-2052,CUST-255,61,Electronics,Wireless Headphones,399.0,5,North,Credit Card,Website,3.4,104.0,2023-06-06,1995.0,0.18,359.1,2023,2023-06,2023Q2,Tuesday,Seniors (50+)
ORD-1280,CUST-323,50,Home & Kitchen,Coffee Maker,89.8,4,North,Bank Transfer,Store Affiliate,3.2,123.96,2023-06-06,359.2,0.28,100.58,2023,2023-06,2023Q2,Tuesday,Seniors (50+)
ORD-1518,CUST-177,65,Sports & Outdoors,Camping Tent,66.32,4,North,COD (Cash on Delivery),Website,3.7,23.35,2023-06-07,265.28,0.3,79.58,2023,2023-06,2023Q2,Wednesday,Seniors (50+)
ORD-1637,CUST-185,44,Books,Business Strategy,14.31,1,South,E-Wallet,Mobile App,4.3,119.67,2023-06-07,14.31,0.25,3.58,2023,2023-06,2023Q2,Wednesday,Middle-Aged (35-49)
ORD-1319,CUST-331,63,Books,Business Strategy,13.33,2,North,Credit Card,Mobile App,4.2,108.89,2023-06-07,26.66,0.25,6.66,2023,2023-06,2023Q2,Wednesday,Seniors (50+)
ORD-1278,CUST-167,30,Home & Kitchen,Robot Vacuum,118.17,3,South,Credit Card,Mobile App,3.3,34.98,2023-06-07,354.51,0.28,99.26,2023,2023-06,2023Q2,Wednesday,Young Adults (25-34)
ORD-2157,CUST-317,19,Fashion,Leather Jacket,65.47,3,North,Credit Card,Mobile App,5.0,149.85,2023-06-07,196.41,0.35,68.74,2023,2023-06,2023Q2,Wednesday,Gen Z (<25)
ORD-1798,CUST-262,47,Fashion,Running Shoes,61.32,4,North,COD (Cash on Delivery),Mobile App,3.8,99.86,2023-06-07,245.28,0.35,85.85,2023,2023-06,2023Q2,Wednesday,Middle-Aged (35-49)
ORD-2078,CUST-276,20,Beauty & Care,Perfume 50Ml,78.7,1,North,Bank Transfer,Website,3.1,57.68,2023-06-08,78.7,0.42,33.05,2023,2023-06,2023Q2,Thursday,Gen Z (<25)
ORD-1840,CUST-326,43,Electronics,Wireless Headphones,783.65,3,North,E-Wallet,Store Affiliate,5.0,75.36,2023-06-08,2350.95,0.18,423.17,2023,2023-06,2023Q2,Thursday,Middle-Aged (35-49)
ORD-1592,CUST-241,47,Sports & Outdoors,Yoga Mat,66.46,5,North,Credit Card,Website,3.0,68.28,2023-06-08,332.3,0.3,99.69,2023,2023-06,2023Q2,Thursday,Middle-Aged (35-49)
ORD-1250,CUST-192,63,Home & Kitchen,Coffee Maker,142.58,2,Central,Credit Card,Store Affiliate,3.2,126.87,2023-06-08,285.16,0.28,79.84,2023,2023-06,2023Q2,Thursday,Seniors (50+)
ORD-1682,CUST-230,38,Fashion,Leather Jacket,59.39,3,North,Bank Transfer,Website,3.9,141.52,2023-06-09,178.17,0.35,62.36,2023,2023-06,2023Q2,Friday,Middle-Aged (35-49)
ORD-1860,CUST-218,63,Beauty & Care,Hair Dryer,32.44,2,Central,Bank Transfer,Store Affiliate,3.4,118.37,2023-06-09,64.88,0.42,27.25,2023,2023-06,2023Q2,Friday,Seniors (50+)
ORD-2066,CUST-179,49,Electronics,Smart Watch,254.86,2,North,E-Wallet,Store Affiliate,4.3,12.53,2023-06-09,509.72,0.18,91.75,2023,2023-06,2023Q2,Friday,Middle-Aged (35-49)
ORD-1900,CUST-119,23,Beauty & Care,Moisturizer Cream,31.08,4,Central,Bank Transfer,Social Media,3.1,126.39,2023-06-09,124.32,0.42,52.21,2023,2023-06,2023Q2,Friday,Gen Z (<25)
ORD-1413,CUST-300,47,Sports & Outdoors,Water Bottle,97.32,1,South,COD (Cash on Delivery),Website,3.9,54.47,2023-06-10,97.32,0.3,29.2,2023,2023-06,2023Q2,Saturday,Middle-Aged (35-49)
ORD-1112,CUST-236,33,Home & Kitchen,Coffee Maker,197.84,1,North,Bank Transfer,Website,3.8,105.82,2023-06-10,197.84,0.28,55.4,2023,2023-06,2023Q2,Saturday,Young Adults (25-34)
ORD-2176,CUST-148,19,Books,Data Science Handbook,29.74,5,Central,E-Wallet,Store Affiliate,3.1,34.53,2023-06-10,148.7,0.25,37.17,2023,2023-06,2023Q2,Saturday,Gen Z (<25)
ORD-1570,CUST-350,42,Sports & Outdoors,Dumbbell Set,49.06,3,South,Bank Transfer,Website,3.1,139.08,2023-06-11,147.18,0.3,44.15,2023,2023-06,2023Q2,Sunday,Middle-Aged (35-49)
ORD-1317,CUST-158,65,Electronics,Wireless Headphones,699.26,4,Central,Bank Transfer,Store Affiliate,3.9,51.29,2023-06-11,2797.04,0.18,503.47,2023,2023-06,2023Q2,Sunday,Seniors (50+)
ORD-1530,CUST-126,57,Books,Atomic Habits,37.44,5,South,Credit Card,Mobile App,3.0,45.28,2023-06-11,187.2,0.25,46.8,2023,2023-06,2023Q2,Sunday,Seniors (50+)
ORD-2051,CUST-255,65,Books,Python Cookbook,29.2,3,Central,COD (Cash on Delivery),Store Affiliate,4.6,48.76,2023-06-12,87.6,0.25,21.9,2023,2023-06,2023Q2,Monday,Seniors (50+)
ORD-1572,CUST-141,35,Sports & Outdoors,Camping Tent,143.53,2,South,Bank Transfer,Mobile App,3.1,83.15,2023-06-12,287.06,0.3,86.12,2023,2023-06,2023Q2,Monday,Middle-Aged (35-49)
ORD-2159,CUST-146,24,Electronics,Laptop Pro,287.84,2,Central,Bank Transfer,Social Media,3.4,112.5,2023-06-13,575.68,0.18,103.62,2023,2023-06,2023Q2,Tuesday,Gen Z (<25)
ORD-1257,CUST-161,23,Home & Kitchen,Coffee Maker,132.14,4,Central,Bank Transfer,Website,4.0,141.13,2023-06-13,528.56,0.28,148.0,2023,2023-06,2023Q2,Tuesday,Gen Z (<25)
ORD-1281,CUST-255,65,Fashion,Women Dress,81.71,3,Central,E-Wallet,Mobile App,4.9,112.85,2023-06-13,245.13,0.35,85.8,2023,2023-06,2023Q2,Tuesday,Seniors (50+)
ORD-1198,CUST-129,48,Electronics,Laptop Pro,769.18,1,North,Bank Transfer,Store Affiliate,3.6,72.86,2023-06-13,769.18,0.18,138.45,2023,2023-06,2023Q2,Tuesday,Middle-Aged (35-49)
ORD-1418,CUST-345,22,Electronics,Bluetooth Speaker,1076.83,2,North,Bank Transfer,Website,3.6,47.56,2023-06-14,2153.66,0.18,387.66,2023,2023-06,2023Q2,Wednesday,Gen Z (<25)
ORD-2040,CUST-271,56,Beauty & Care,Face Sunscreen,28.11,3,Central,Bank Transfer,Mobile App,4.4,52.45,2023-06-14,84.33,0.42,35.42,2023,2023-06,2023Q2,Wednesday,Seniors (50+)
ORD-2165,CUST-187,20,Electronics,Bluetooth Speaker,649.96,4,South,E-Wallet,Website,4.5,22.74,2023-06-14,2599.84,0.18,467.97,2023,2023-06,2023Q2,Wednesday,Gen Z (<25)
ORD-1851,CUST-112,25,Beauty & Care,Hair Dryer,74.22,5,North,Bank Transfer,Mobile App,3.2,57.3,2023-06-14,371.1,0.42,155.86,2023,2023-06,2023Q2,Wednesday,Young Adults (25-34)
ORD-1649,CUST-301,50,Electronics,Smart Watch,319.0,4,North,Credit Card,Mobile App,4.2,103.08,2023-06-14,1276.0,0.18,229.68,2023,2023-06,2023Q2,Wednesday,Seniors (50+)
ORD-1607,CUST-153,53,Fashion,Denim Jeans,118.94,3,Central,Bank Transfer,Website,3.2,98.04,2023-06-15,356.82,0.35,124.89,2023,2023-06,2023Q2,Thursday,Seniors (50+)
ORD-1687,CUST-184,47,Sports & Outdoors,Yoga Mat,41.79,4,North,E-Wallet,Website,3.5,71.89,2023-06-15,167.16,0.3,50.15,2023,2023-06,2023Q2,Thursday,Middle-Aged (35-49)
ORD-2111,CUST-345,61,Beauty & Care,Moisturizer Cream,43.58,2,South,Bank Transfer,Social Media,4.0,28.44,2023-06-15,87.16,0.42,36.61,2023,2023-06,2023Q2,Thursday,Seniors (50+)
ORD-1498,CUST-125,25,Books,Data Science Handbook,41.9,5,South,COD (Cash on Delivery),Mobile App,4.0,77.67,2023-06-15,209.5,0.25,52.38,2023,2023-06,2023Q2,Thursday,Young Adults (25-34)
ORD-1292,CUST-179,37,Books,Psychology Of Money,30.68,4,North,Bank Transfer,Store Affiliate,5.0,133.95,2023-06-15,122.72,0.25,30.68,2023,2023-06,2023Q2,Thursday,Middle-Aged (35-49)
ORD-2073,CUST-341,24,Books,Psychology Of Money,15.23,2,South,COD (Cash on Delivery),Store Affiliate,4.1,98.87,2023-06-15,30.46,0.25,7.62,2023,2023-06,2023Q2,Thursday,Gen Z (<25)
ORD-1746,CUST-179,24,Books,Data Science Handbook,22.64,2,South,E-Wallet,Store Affiliate,3.2,80.21,2023-06-15,45.28,0.25,11.32,2023,2023-06,2023Q2,Thursday,Gen Z (<25)
ORD-1345,CUST-124,39,Books,Data Science Handbook,25.68,1,North,Bank Transfer,Website,3.9,127.8,2023-06-16,25.68,0.25,6.42,2023,2023-06,2023Q2,Friday,Middle-Aged (35-49)
ORD-1387,CUST-266,27,Fashion,Leather Jacket,117.74,4,North,Credit Card,Store Affiliate,3.3,25.73,2023-06-16,470.96,0.35,164.84,2023,2023-06,2023Q2,Friday,Young Adults (25-34)
ORD-2030,CUST-343,55,Sports & Outdoors,Water Bottle,60.03,4,South,COD (Cash on Delivery),Mobile App,3.1,13.13,2023-06-16,240.12,0.3,72.04,2023,2023-06,2023Q2,Friday,Seniors (50+)
ORD-1301,CUST-130,40,Sports & Outdoors,Camping Tent,146.68,3,Central,Bank Transfer,Website,3.0,127.43,2023-06-16,440.04,0.3,132.01,2023,2023-06,2023Q2,Friday,Middle-Aged (35-49)
ORD-1358,CUST-125,42,Beauty & Care,Moisturizer Cream,37.84,5,Central,Credit Card,Mobile App,3.4,112.7,2023-06-16,189.2,0.42,79.46,2023,2023-06,2023Q2,Friday,Middle-Aged (35-49)
ORD-1399,CUST-224,57,Sports & Outdoors,Bicycle Helmet,121.52,4,Central,COD (Cash on Delivery),Store Affiliate,4.0,108.67,2023-06-17,486.08,0.3,145.82,2023,2023-06,2023Q2,Saturday,Seniors (50+)
ORD-1529,CUST-269,19,Home & Kitchen,Coffee Maker,108.78,5,Central,E-Wallet,Mobile App,3.6,117.44,2023-06-17,543.9,0.28,152.29,2023,2023-06,2023Q2,Saturday,Gen Z (<25)
ORD-1448,CUST-230,65,Sports & Outdoors,Dumbbell Set,65.3,4,North,Credit Card,Social Media,3.6,122.18,2023-06-17,261.2,0.3,78.36,2023,2023-06,2023Q2,Saturday,Seniors (50+)
ORD-1505,CUST-338,61,Sports & Outdoors,Dumbbell Set,145.54,4,Central,Bank Transfer,Website,3.9,62.18,2023-06-17,582.16,0.3,174.65,2023,2023-06,2023Q2,Saturday,Seniors (50+)
ORD-1895,CUST-224,33,Home & Kitchen,Blender 500W,175.04,3,South,Credit Card,Store Affiliate,3.8,75.91,2023-06-17,525.12,0.28,147.03,2023,2023-06,2023Q2,Saturday,Young Adults (25-34)
ORD-1727,CUST-288,42,Electronics,Smart Watch,996.87,2,South,Bank Transfer,Website,3.5,86.17,2023-06-17,1993.74,0.18,358.87,2023,2023-06,2023Q2,Saturday,Middle-Aged (35-49)
ORD-1042,CUST-278,29,Books,Atomic Habits,37.31,1,South,E-Wallet,Mobile App,4.4,139.18,2023-06-18,37.31,0.25,9.33,2023,2023-06,2023Q2,Sunday,Young Adults (25-34)
ORD-2015,CUST-104,39,Home & Kitchen,Air Fryer,178.68,4,Central,E-Wallet,Mobile App,3.3,112.58,2023-06-18,714.72,0.28,200.12,2023,2023-06,2023Q2,Sunday,Middle-Aged (35-49)
ORD-1952,CUST-207,35,Sports & Outdoors,Dumbbell Set,68.51,2,South,COD (Cash on Delivery),Store Affiliate,3.3,63.76,2023-06-18,137.02,0.3,41.11,2023,2023-06,2023Q2,Sunday,Middle-Aged (35-49)
ORD-1235,CUST-295,46,Fashion,Men T-Shirt,52.27,5,North,Bank Transfer,Store Affiliate,4.7,66.32,2023-06-18,261.35,0.35,91.47,2023,2023-06,2023Q2,Sunday,Middle-Aged (35-49)
ORD-1153,CUST-136,54,Fashion,Denim Jeans,46.98,5,Central,Credit Card,Mobile App,3.3,81.51,2023-06-18,234.9,0.35,82.22,2023,2023-06,2023Q2,Sunday,Seniors (50+)
ORD-1717,CUST-211,48,Electronics,Laptop Pro,384.47,5,South,Bank Transfer,Social Media,3.7,31.45,2023-06-18,1922.35,0.18,346.02,2023,2023-06,2023Q2,Sunday,Middle-Aged (35-49)
ORD-1652,CUST-197,42,Sports & Outdoors,Water Bottle,49.29,3,North,E-Wallet,Social Media,4.5,26.42,2023-06-19,147.87,0.3,44.36,2023,2023-06,2023Q2,Monday,Middle-Aged (35-49)
ORD-1478,CUST-271,26,Sports & Outdoors,Bicycle Helmet,133.11,4,Central,COD (Cash on Delivery),Mobile App,4.0,126.24,2023-06-19,532.44,0.3,159.73,2023,2023-06,2023Q2,Monday,Young Adults (25-34)
ORD-2046,CUST-279,59,Books,Atomic Habits,17.38,4,Central,Bank Transfer,Store Affiliate,3.9,76.21,2023-06-20,69.52,0.25,17.38,2023,2023-06,2023Q2,Tuesday,Seniors (50+)
ORD-1315,CUST-261,20,Sports & Outdoors,Yoga Mat,108.73,1,North,Credit Card,Store Affiliate,3.2,82.93,2023-06-20,108.73,0.3,32.62,2023,2023-06,2023Q2,Tuesday,Gen Z (<25)
ORD-1423,CUST-283,42,Home & Kitchen,Air Fryer,197.72,3,North,Bank Transfer,Mobile App,4.5,67.37,2023-06-20,593.16,0.28,166.08,2023,2023-06,2023Q2,Tuesday,Middle-Aged (35-49)
ORD-1768,CUST-240,53,Home & Kitchen,Air Fryer,220.9,4,North,E-Wallet,Social Media,4.7,92.76,2023-06-22,883.6,0.28,247.41,2023,2023-06,2023Q2,Thursday,Seniors (50+)
ORD-2068,CUST-273,32,Sports & Outdoors,Water Bottle,54.48,4,North,COD (Cash on Delivery),Website,4.7,18.92,2023-06-22,217.92,0.3,65.38,2023,2023-06,2023Q2,Thursday,Young Adults (25-34)
ORD-1035,CUST-171,56,Home & Kitchen,Robot Vacuum,242.28,4,North,Bank Transfer,Mobile App,4.5,17.32,2023-06-23,969.12,0.28,271.35,2023,2023-06,2023Q2,Friday,Seniors (50+)
ORD-1483,CUST-201,44,Electronics,Bluetooth Speaker,988.76,3,South,Credit Card,Mobile App,4.5,37.2,2023-06-23,2966.28,0.18,533.93,2023,2023-06,2023Q2,Friday,Middle-Aged (35-49)
ORD-1771,CUST-177,60,Electronics,Wireless Headphones,784.42,1,Central,E-Wallet,Social Media,3.2,120.42,2023-06-24,784.42,0.18,141.2,2023,2023-06,2023Q2,Saturday,Seniors (50+)
ORD-1916,CUST-280,40,Books,Python Cookbook,11.32,1,North,Credit Card,Mobile App,4.5,92.1,2023-06-24,11.32,0.25,2.83,2023,2023-06,2023Q2,Saturday,Middle-Aged (35-49)
ORD-2100,CUST-117,57,Fashion,Running Shoes,174.1,5,North,Credit Card,Social Media,3.1,97.48,2023-06-24,870.5,0.35,304.67,2023,2023-06,2023Q2,Saturday,Seniors (50+)
ORD-1245,CUST-182,25,Beauty & Care,Hair Dryer,83.02,1,North,Credit Card,Mobile App,4.7,113.42,2023-06-24,83.02,0.42,34.87,2023,2023-06,2023Q2,Saturday,Young Adults (25-34)
ORD-1377,CUST-323,42,Beauty & Care,Hair Dryer,87.33,3,North,COD (Cash on Delivery),Website,3.5,35.21,2023-06-25,261.99,0.42,110.04,2023,2023-06,2023Q2,Sunday,Middle-Aged (35-49)
ORD-1269,CUST-236,35,Fashion,Men T-Shirt,126.14,3,North,Credit Card,Website,4.2,51.63,2023-06-25,378.42,0.35,132.45,2023,2023-06,2023Q2,Sunday,Middle-Aged (35-49)
ORD-1127,CUST-296,63,Beauty & Care,Lipstick Matte,58.77,5,North,Credit Card,Mobile App,4.8,20.85,2023-06-25,293.85,0.42,123.42,2023,2023-06,2023Q2,Sunday,Seniors (50+)
ORD-1778,CUST-267,37,Sports & Outdoors,Yoga Mat,48.36,4,North,Credit Card,Website,3.3,99.92,2023-06-25,193.44,0.3,58.03,2023,2023-06,2023Q2,Sunday,Middle-Aged (35-49)
ORD-2024,CUST-299,64,Home & Kitchen,Blender 500W,246.78,3,Central,E-Wallet,Store Affiliate,3.5,63.47,2023-06-26,740.34,0.28,207.3,2023,2023-06,2023Q2,Monday,Seniors (50+)
ORD-1107,CUST-265,42,Beauty & Care,Perfume 50Ml,28.59,3,South,Credit Card,Social Media,4.5,30.57,2023-06-26,85.77,0.42,36.02,2023,2023-06,2023Q2,Monday,Middle-Aged (35-49)
ORD-1751,CUST-278,60,Electronics,Smart Watch,490.27,1,Central,Credit Card,Mobile App,4.1,37.82,2023-06-26,490.27,0.18,88.25,2023,2023-06,2023Q2,Monday,Seniors (50+)
ORD-1998,CUST-183,46,Sports & Outdoors,Water Bottle,69.19,2,South,Bank Transfer,Social Media,4.8,99.04,2023-06-27,138.38,0.3,41.51,2023,2023-06,2023Q2,Tuesday,Middle-Aged (35-49)
ORD-1797,CUST-269,44,Books,Python Cookbook,11.96,1,North,Bank Transfer,Store Affiliate,4.8,58.84,2023-06-27,11.96,0.25,2.99,2023,2023-06,2023Q2,Tuesday,Middle-Aged (35-49)
ORD-1667,CUST-158,63,Home & Kitchen,Robot Vacuum,58.21,5,North,Credit Card,Store Affiliate,3.6,88.47,2023-06-28,291.05,0.28,81.49,2023,2023-06,2023Q2,Wednesday,Seniors (50+)
ORD-2042,CUST-244,23,Books,Data Science Handbook,34.44,5,South,COD (Cash on Delivery),Social Media,5.0,129.59,2023-06-28,172.2,0.25,43.05,2023,2023-06,2023Q2,Wednesday,Gen Z (<25)
ORD-2180,CUST-204,53,Electronics,Smart Watch,514.53,4,South,E-Wallet,Social Media,3.6,51.02,2023-06-28,2058.12,0.18,370.46,2023,2023-06,2023Q2,Wednesday,Seniors (50+)
ORD-1880,CUST-329,58,Sports & Outdoors,Dumbbell Set,70.71,1,South,E-Wallet,Mobile App,3.1,33.15,2023-06-29,70.71,0.3,21.21,2023,2023-06,2023Q2,Thursday,Seniors (50+)
ORD-2067,CUST-247,30,Fashion,Running Shoes,63.19,5,Central,COD (Cash on Delivery),Mobile App,4.0,55.45,2023-06-29,315.95,0.35,110.58,2023,2023-06,2023Q2,Thursday,Young Adults (25-34)
ORD-2047,CUST-165,39,Sports & Outdoors,Bicycle Helmet,97.63,1,North,Credit Card,Mobile App,3.6,116.5,2023-06-30,97.63,0.3,29.29,2023,2023-06,2023Q2,Friday,Middle-Aged (35-49)
ORD-2025,CUST-345,60,Fashion,Women Dress,163.52,4,North,COD (Cash on Delivery),Social Media,4.8,147.24,2023-06-30,654.08,0.35,228.93,2023,2023-06,2023Q2,Friday,Seniors (50+)
ORD-1328,CUST-224,50,Home & Kitchen,Air Fryer,42.0,1,North,Bank Transfer,Mobile App,4.7,59.52,2023-07-01,42.0,0.28,11.76,2023,2023-07,2023Q3,Saturday,Seniors (50+)
ORD-1958,CUST-254,37,Books,Data Science Handbook,30.12,4,Central,Credit Card,Mobile App,4.9,52.41,2023-07-01,120.48,0.25,30.12,2023,2023-07,2023Q3,Saturday,Middle-Aged (35-49)
ORD-1512,CUST-172,34,Beauty & Care,Perfume 50Ml,43.29,3,Central,E-Wallet,Store Affiliate,4.0,61.78,2023-07-01,129.87,0.42,54.55,2023,2023-07,2023Q3,Saturday,Young Adults (25-34)
ORD-1316,CUST-115,38,Books,Business Strategy,21.84,1,North,COD (Cash on Delivery),Social Media,3.4,126.35,2023-07-01,21.84,0.25,5.46,2023,2023-07,2023Q3,Saturday,Middle-Aged (35-49)
ORD-1541,CUST-169,59,Books,Atomic Habits,21.62,5,South,COD (Cash on Delivery),Website,4.2,86.38,2023-07-01,108.1,0.25,27.02,2023,2023-07,2023Q3,Saturday,Seniors (50+)
ORD-2102,CUST-265,65,Fashion,Leather Jacket,112.14,2,South,E-Wallet,Store Affiliate,3.2,59.23,2023-07-01,224.28,0.35,78.5,2023,2023-07,2023Q3,Saturday,Seniors (50+)
ORD-1813,CUST-111,61,Fashion,Running Shoes,116.13,5,North,Credit Card,Store Affiliate,4.4,80.53,2023-07-01,580.65,0.35,203.23,2023,2023-07,2023Q3,Saturday,Seniors (50+)
ORD-1590,CUST-194,30,Sports & Outdoors,Dumbbell Set,44.22,4,North,Credit Card,Store Affiliate,3.1,126.12,2023-07-01,176.88,0.3,53.06,2023,2023-07,2023Q3,Saturday,Young Adults (25-34)
ORD-1956,CUST-239,50,Home & Kitchen,Blender 500W,72.8,5,Central,E-Wallet,Social Media,3.6,66.24,2023-07-02,364.0,0.28,101.92,2023,2023-07,2023Q3,Sunday,Seniors (50+)
ORD-1045,CUST-171,63,Electronics,Bluetooth Speaker,1107.09,3,North,COD (Cash on Delivery),Store Affiliate,4.8,92.73,2023-07-02,3321.27,0.18,597.83,2023,2023-07,2023Q3,Sunday,Seniors (50+)
ORD-1138,CUST-154,30,Books,Atomic Habits,17.01,3,North,COD (Cash on Delivery),Social Media,4.6,55.72,2023-07-02,51.03,0.25,12.76,2023,2023-07,2023Q3,Sunday,Young Adults (25-34)
ORD-2161,CUST-154,59,Sports & Outdoors,Dumbbell Set,28.57,1,Central,Credit Card,Store Affiliate,3.1,55.5,2023-07-02,28.57,0.3,8.57,2023,2023-07,2023Q3,Sunday,Seniors (50+)
ORD-1571,CUST-167,44,Books,Python Cookbook,27.99,2,Central,COD (Cash on Delivery),Store Affiliate,4.3,104.74,2023-07-03,55.98,0.25,14.0,2023,2023-07,2023Q3,Monday,Middle-Aged (35-49)
ORD-2022,CUST-266,36,Fashion,Men T-Shirt,119.31,5,Central,Bank Transfer,Social Media,4.6,99.29,2023-07-03,596.55,0.35,208.79,2023,2023-07,2023Q3,Monday,Middle-Aged (35-49)
ORD-1591,CUST-249,25,Home & Kitchen,Air Fryer,131.03,2,South,E-Wallet,Website,3.1,11.37,2023-07-04,262.06,0.28,73.38,2023,2023-07,2023Q3,Tuesday,Young Adults (25-34)
ORD-1990,CUST-209,63,Beauty & Care,Face Sunscreen,77.41,4,North,COD (Cash on Delivery),Mobile App,4.4,57.24,2023-07-04,309.64,0.42,130.05,2023,2023-07,2023Q3,Tuesday,Seniors (50+)
ORD-1071,CUST-175,43,Electronics,Smart Watch,217.03,4,North,COD (Cash on Delivery),Store Affiliate,4.6,143.14,2023-07-05,868.12,0.18,156.26,2023,2023-07,2023Q3,Wednesday,Middle-Aged (35-49)
ORD-2070,CUST-345,27,Home & Kitchen,Coffee Maker,113.79,5,North,COD (Cash on Delivery),Website,3.9,109.68,2023-07-05,568.95,0.28,159.31,2023,2023-07,2023Q3,Wednesday,Young Adults (25-34)
ORD-1018,CUST-107,25,Books,Psychology Of Money,32.24,5,North,E-Wallet,Mobile App,3.8,73.53,2023-07-06,161.2,0.25,40.3,2023,2023-07,2023Q3,Thursday,Young Adults (25-34)
ORD-2153,CUST-197,42,Sports & Outdoors,Bicycle Helmet,106.85,4,South,COD (Cash on Delivery),Social Media,3.9,99.1,2023-07-06,427.4,0.3,128.22,2023,2023-07,2023Q3,Thursday,Middle-Aged (35-49)
ORD-1100,CUST-190,57,Home & Kitchen,Coffee Maker,202.68,2,South,Bank Transfer,Store Affiliate,3.6,18.97,2023-07-06,405.36,0.28,113.5,2023,2023-07,2023Q3,Thursday,Seniors (50+)
ORD-1073,CUST-260,22,Home & Kitchen,Air Fryer,170.93,2,Central,E-Wallet,Website,3.6,44.99,2023-07-06,341.86,0.28,95.72,2023,2023-07,2023Q3,Thursday,Gen Z (<25)
ORD-1147,CUST-227,22,Sports & Outdoors,Water Bottle,103.88,3,North,COD (Cash on Delivery),Social Media,4.2,16.25,2023-07-06,311.64,0.3,93.49,2023,2023-07,2023Q3,Thursday,Gen Z (<25)
ORD-1782,CUST-213,29,Fashion,Men T-Shirt,56.86,4,North,Bank Transfer,Social Media,4.9,28.58,2023-07-07,227.44,0.35,79.6,2023,2023-07,2023Q3,Friday,Young Adults (25-34)
ORD-1032,CUST-156,64,Books,Psychology Of Money,23.53,4,North,Bank Transfer,Website,4.6,38.8,2023-07-07,94.12,0.25,23.53,2023,2023-07,2023Q3,Friday,Seniors (50+)
ORD-1690,CUST-129,45,Beauty & Care,Hair Dryer,49.71,5,North,Bank Transfer,Social Media,4.5,53.45,2023-07-07,248.55,0.42,104.39,2023,2023-07,2023Q3,Friday,Middle-Aged (35-49)
ORD-1783,CUST-272,27,Sports & Outdoors,Yoga Mat,126.4,2,North,Credit Card,Website,3.7,17.47,2023-07-08,252.8,0.3,75.84,2023,2023-07,2023Q3,Saturday,Young Adults (25-34)
ORD-1069,CUST-120,25,Electronics,Smart Watch,463.4,1,North,E-Wallet,Store Affiliate,4.1,12.13,2023-07-09,463.4,0.18,83.41,2023,2023-07,2023Q3,Sunday,Young Adults (25-34)
ORD-1213,CUST-344,53,Home & Kitchen,Blender 500W,113.66,4,North,Bank Transfer,Website,4.5,147.65,2023-07-09,454.64,0.28,127.3,2023,2023-07,2023Q3,Sunday,Seniors (50+)
ORD-1401,CUST-154,33,Electronics,Bluetooth Speaker,841.38,2,Central,Credit Card,Website,3.4,77.72,2023-07-10,1682.76,0.18,302.9,2023,2023-07,2023Q3,Monday,Young Adults (25-34)
ORD-1828,CUST-198,45,Fashion,Running Shoes,100.7,4,North,E-Wallet,Social Media,3.9,92.37,2023-07-11,402.8,0.35,140.98,2023,2023-07,2023Q3,Tuesday,Middle-Aged (35-49)
ORD-1976,CUST-219,20,Books,Business Strategy,26.06,2,South,Credit Card,Mobile App,4.9,140.78,2023-07-11,52.12,0.25,13.03,2023,2023-07,2023Q3,Tuesday,Gen Z (<25)
ORD-1114,CUST-162,53,Electronics,Smartphone X,863.7,2,North,E-Wallet,Mobile App,3.2,91.18,2023-07-11,1727.4,0.18,310.93,2023,2023-07,2023Q3,Tuesday,Seniors (50+)
ORD-1729,CUST-150,21,Home & Kitchen,Non-Stick Pan,66.49,5,North,Credit Card,Mobile App,4.0,37.19,2023-07-11,332.45,0.28,93.09,2023,2023-07,2023Q3,Tuesday,Gen Z (<25)
ORD-1442,CUST-335,60,Electronics,Smartphone X,855.99,3,Central,COD (Cash on Delivery),Social Media,3.0,60.69,2023-07-11,2567.97,0.18,462.23,2023,2023-07,2023Q3,Tuesday,Seniors (50+)
ORD-1340,CUST-221,59,Sports & Outdoors,Water Bottle,105.41,5,South,Bank Transfer,Social Media,4.2,139.46,2023-07-11,527.05,0.3,158.11,2023,2023-07,2023Q3,Tuesday,Seniors (50+)
ORD-1546,CUST-187,20,Home & Kitchen,Robot Vacuum,249.26,5,North,COD (Cash on Delivery),Website,3.8,82.02,2023-07-12,1246.3,0.28,348.96,2023,2023-07,2023Q3,Wednesday,Gen Z (<25)
ORD-1372,CUST-208,58,Home & Kitchen,Robot Vacuum,55.09,5,North,Bank Transfer,Store Affiliate,4.6,63.24,2023-07-12,275.45,0.28,77.13,2023,2023-07,2023Q3,Wednesday,Seniors (50+)
ORD-1509,CUST-325,23,Electronics,Bluetooth Speaker,346.33,3,Central,Bank Transfer,Store Affiliate,3.1,146.53,2023-07-12,1038.99,0.18,187.02,2023,2023-07,2023Q3,Wednesday,Gen Z (<25)
ORD-1975,CUST-315,65,Fashion,Denim Jeans,173.8,3,North,Credit Card,Social Media,4.8,57.2,2023-07-12,521.4,0.35,182.49,2023,2023-07,2023Q3,Wednesday,Seniors (50+)
ORD-1660,CUST-335,21,Beauty & Care,Lipstick Matte,56.22,2,North,Bank Transfer,Store Affiliate,5.0,133.66,2023-07-13,112.44,0.42,47.22,2023,2023-07,2023Q3,Thursday,Gen Z (<25)
ORD-1115,CUST-141,22,Home & Kitchen,Robot Vacuum,103.84,1,North,Credit Card,Store Affiliate,4.6,15.87,2023-07-13,103.84,0.28,29.08,2023,2023-07,2023Q3,Thursday,Gen Z (<25)
ORD-1550,CUST-318,24,Fashion,Women Dress,127.03,5,North,COD (Cash on Delivery),Store Affiliate,3.4,24.71,2023-07-14,635.15,0.35,222.3,2023,2023-07,2023Q3,Friday,Gen Z (<25)
ORD-1123,CUST-156,36,Fashion,Women Dress,67.05,2,North,E-Wallet,Store Affiliate,3.9,59.47,2023-07-14,134.1,0.35,46.93,2023,2023-07,2023Q3,Friday,Middle-Aged (35-49)
ORD-1586,CUST-138,40,Books,Atomic Habits,37.13,2,South,COD (Cash on Delivery),Mobile App,4.9,110.82,2023-07-14,74.26,0.25,18.57,2023,2023-07,2023Q3,Friday,Middle-Aged (35-49)
ORD-1557,CUST-316,60,Books,Psychology Of Money,21.23,1,Central,COD (Cash on Delivery),Social Media,3.7,71.26,2023-07-14,21.23,0.25,5.31,2023,2023-07,2023Q3,Friday,Seniors (50+)
ORD-2062,CUST-127,37,Fashion,Men T-Shirt,48.78,4,South,COD (Cash on Delivery),Website,3.1,93.87,2023-07-15,195.12,0.35,68.29,2023,2023-07,2023Q3,Saturday,Middle-Aged (35-49)
ORD-1344,CUST-124,42,Home & Kitchen,Non-Stick Pan,206.28,4,North,Credit Card,Social Media,3.4,54.45,2023-07-15,825.12,0.28,231.03,2023,2023-07,2023Q3,Saturday,Middle-Aged (35-49)
ORD-1979,CUST-259,59,Beauty & Care,Face Sunscreen,17.05,2,South,E-Wallet,Website,3.6,123.8,2023-07-15,34.1,0.42,14.32,2023,2023-07,2023Q3,Saturday,Seniors (50+)
ORD-1919,CUST-206,27,Home & Kitchen,Air Fryer,165.07,2,South,Bank Transfer,Website,4.4,117.5,2023-07-15,330.14,0.28,92.44,2023,2023-07,2023Q3,Saturday,Young Adults (25-34)
ORD-1088,CUST-318,56,Electronics,Bluetooth Speaker,838.17,4,North,E-Wallet,Website,4.2,74.78,2023-07-16,3352.68,0.18,603.48,2023,2023-07,2023Q3,Sunday,Seniors (50+)
ORD-2105,CUST-317,52,Home & Kitchen,Robot Vacuum,201.67,5,South,Credit Card,Website,4.0,13.28,2023-07-17,1008.35,0.28,282.34,2023,2023-07,2023Q3,Monday,Seniors (50+)
ORD-1734,CUST-270,60,Fashion,Men T-Shirt,125.51,1,Central,COD (Cash on Delivery),Social Media,3.9,54.31,2023-07-17,125.51,0.35,43.93,2023,2023-07,2023Q3,Monday,Seniors (50+)
ORD-1002,CUST-106,41,Books,Atomic Habits,20.89,3,North,Credit Card,Website,3.1,136.06,2023-07-17,62.67,0.25,15.67,2023,2023-07,2023Q3,Monday,Middle-Aged (35-49)
ORD-2150,CUST-245,50,Electronics,Smart Watch,237.41,2,Central,COD (Cash on Delivery),Website,4.5,101.43,2023-07-18,474.82,0.18,85.47,2023,2023-07,2023Q3,Tuesday,Seniors (50+)
ORD-1846,CUST-305,31,Beauty & Care,Perfume 50Ml,42.78,1,North,Credit Card,Store Affiliate,3.7,70.9,2023-07-19,42.78,0.42,17.97,2023,2023-07,2023Q3,Wednesday,Young Adults (25-34)
ORD-1364,CUST-320,58,Beauty & Care,Perfume 50Ml,19.07,3,North,Credit Card,Social Media,3.8,114.92,2023-07-19,57.21,0.42,24.03,2023,2023-07,2023Q3,Wednesday,Seniors (50+)
ORD-1602,CUST-348,33,Electronics,Smart Watch,604.68,2,South,E-Wallet,Mobile App,5.0,75.62,2023-07-19,1209.36,0.18,217.68,2023,2023-07,2023Q3,Wednesday,Young Adults (25-34)
ORD-1494,CUST-102,48,Beauty & Care,Moisturizer Cream,61.54,2,North,E-Wallet,Website,4.5,50.77,2023-07-19,123.08,0.42,51.69,2023,2023-07,2023Q3,Wednesday,Middle-Aged (35-49)
ORD-1872,CUST-284,47,Books,Atomic Habits,34.07,3,North,E-Wallet,Website,3.9,28.18,2023-07-20,102.21,0.25,25.55,2023,2023-07,2023Q3,Thursday,Middle-Aged (35-49)
ORD-1876,CUST-312,45,Electronics,Laptop Pro,834.15,2,Central,Bank Transfer,Mobile App,3.9,53.3,2023-07-20,1668.3,0.18,300.29,2023,2023-07,2023Q3,Thursday,Middle-Aged (35-49)
ORD-1996,CUST-166,33,Home & Kitchen,Air Fryer,234.91,4,South,E-Wallet,Store Affiliate,3.6,12.45,2023-07-21,939.64,0.28,263.1,2023,2023-07,2023Q3,Friday,Young Adults (25-34)
ORD-1322,CUST-184,60,Books,Atomic Habits,22.1,3,Central,Bank Transfer,Mobile App,4.7,70.52,2023-07-21,66.3,0.25,16.58,2023,2023-07,2023Q3,Friday,Seniors (50+)
ORD-1436,CUST-180,40,Fashion,Denim Jeans,169.68,1,South,Bank Transfer,Mobile App,3.2,108.66,2023-07-22,169.68,0.35,59.39,2023,2023-07,2023Q3,Saturday,Middle-Aged (35-49)
ORD-1295,CUST-266,60,Sports & Outdoors,Water Bottle,47.66,1,North,COD (Cash on Delivery),Social Media,3.3,148.43,2023-07-22,47.66,0.3,14.3,2023,2023-07,2023Q3,Saturday,Seniors (50+)
ORD-1016,CUST-208,34,Fashion,Running Shoes,151.76,2,North,Bank Transfer,Store Affiliate,4.9,107.77,2023-07-23,303.52,0.35,106.23,2023,2023-07,2023Q3,Sunday,Young Adults (25-34)
ORD-2087,CUST-275,29,Books,Python Cookbook,12.1,3,Central,Bank Transfer,Website,4.9,14.52,2023-07-23,36.3,0.25,9.07,2023,2023-07,2023Q3,Sunday,Young Adults (25-34)
ORD-1805,CUST-160,54,Electronics,Smartphone X,844.83,5,Central,E-Wallet,Mobile App,4.2,85.31,2023-07-23,4224.15,0.18,760.35,2023,2023-07,2023Q3,Sunday,Seniors (50+)
ORD-2103,CUST-187,46,Sports & Outdoors,Camping Tent,106.14,2,North,E-Wallet,Mobile App,3.9,70.41,2023-07-23,212.28,0.3,63.68,2023,2023-07,2023Q3,Sunday,Middle-Aged (35-49)
ORD-1554,CUST-164,42,Fashion,Leather Jacket,119.38,5,Central,E-Wallet,Mobile App,3.8,32.69,2023-07-24,596.9,0.35,208.92,2023,2023-07,2023Q3,Monday,Middle-Aged (35-49)
ORD-2147,CUST-162,44,Beauty & Care,Face Sunscreen,16.98,2,South,Credit Card,Social Media,4.5,34.12,2023-07-24,33.96,0.42,14.26,2023,2023-07,2023Q3,Monday,Middle-Aged (35-49)
ORD-1150,CUST-334,37,Electronics,Smartphone X,154.95,4,North,COD (Cash on Delivery),Mobile App,4.3,13.57,2023-07-24,619.8,0.18,111.56,2023,2023-07,2023Q3,Monday,Middle-Aged (35-49)
ORD-2005,CUST-197,41,Fashion,Women Dress,51.95,3,North,E-Wallet,Website,4.6,23.24,2023-07-24,155.85,0.35,54.55,2023,2023-07,2023Q3,Monday,Middle-Aged (35-49)
ORD-1588,CUST-109,43,Fashion,Men T-Shirt,170.36,3,South,Bank Transfer,Website,4.0,28.95,2023-07-24,511.08,0.35,178.88,2023,2023-07,2023Q3,Monday,Middle-Aged (35-49)
ORD-1019,CUST-123,64,Electronics,Smart Watch,280.07,3,South,Bank Transfer,Social Media,3.1,25.99,2023-07-24,840.21,0.18,151.24,2023,2023-07,2023Q3,Monday,Seniors (50+)
ORD-2041,CUST-129,63,Fashion,Denim Jeans,176.24,5,North,Bank Transfer,Social Media,3.8,81.97,2023-07-25,881.2,0.35,308.42,2023,2023-07,2023Q3,Tuesday,Seniors (50+)
ORD-1885,CUST-215,19,Home & Kitchen,Air Fryer,202.43,4,North,Bank Transfer,Store Affiliate,4.2,21.25,2023-07-25,809.72,0.28,226.72,2023,2023-07,2023Q3,Tuesday,Gen Z (<25)
ORD-1489,CUST-180,51,Sports & Outdoors,Dumbbell Set,146.98,3,North,E-Wallet,Store Affiliate,4.4,48.37,2023-07-25,440.94,0.3,132.28,2023,2023-07,2023Q3,Tuesday,Seniors (50+)
ORD-1844,CUST-156,31,Books,Business Strategy,32.72,3,South,COD (Cash on Delivery),Social Media,3.4,73.9,2023-07-25,98.16,0.25,24.54,2023,2023-07,2023Q3,Tuesday,Young Adults (25-34)
ORD-1325,CUST-160,49,Fashion,Leather Jacket,154.25,2,South,E-Wallet,Mobile App,3.6,149.03,2023-07-26,308.5,0.35,107.98,2023,2023-07,2023Q3,Wednesday,Middle-Aged (35-49)
ORD-1707,CUST-255,64,Books,Python Cookbook,30.37,4,South,E-Wallet,Social Media,3.5,149.61,2023-07-26,121.48,0.25,30.37,2023,2023-07,2023Q3,Wednesday,Seniors (50+)
ORD-1644,CUST-288,41,Beauty & Care,Moisturizer Cream,82.77,4,Central,E-Wallet,Store Affiliate,3.4,55.27,2023-07-26,331.08,0.42,139.05,2023,2023-07,2023Q3,Wednesday,Middle-Aged (35-49)
ORD-2056,CUST-129,60,Books,Data Science Handbook,27.46,4,North,Credit Card,Mobile App,3.4,48.18,2023-07-27,109.84,0.25,27.46,2023,2023-07,2023Q3,Thursday,Seniors (50+)
ORD-1755,CUST-149,40,Books,Data Science Handbook,39.22,3,Central,Bank Transfer,Social Media,3.6,127.3,2023-07-27,117.66,0.25,29.42,2023,2023-07,2023Q3,Thursday,Middle-Aged (35-49)
ORD-1103,CUST-168,65,Electronics,Laptop Pro,682.68,2,Central,Bank Transfer,Mobile App,3.7,48.66,2023-07-27,1365.36,0.18,245.76,2023,2023-07,2023Q3,Thursday,Seniors (50+)
ORD-2097,CUST-209,64,Electronics,Laptop Pro,170.83,1,Central,E-Wallet,Store Affiliate,4.9,54.15,2023-07-27,170.83,0.18,30.75,2023,2023-07,2023Q3,Thursday,Seniors (50+)
ORD-1657,CUST-156,47,Books,Python Cookbook,42.63,5,Central,COD (Cash on Delivery),Mobile App,4.8,53.65,2023-07-28,213.15,0.25,53.29,2023,2023-07,2023Q3,Friday,Middle-Aged (35-49)
ORD-1229,CUST-263,30,Home & Kitchen,Coffee Maker,55.08,1,North,Bank Transfer,Mobile App,3.8,148.59,2023-07-28,55.08,0.28,15.42,2023,2023-07,2023Q3,Friday,Young Adults (25-34)
ORD-1327,CUST-271,26,Beauty & Care,Perfume 50Ml,89.08,3,Central,E-Wallet,Store Affiliate,4.9,26.3,2023-07-29,267.24,0.42,112.24,2023,2023-07,2023Q3,Saturday,Young Adults (25-34)
ORD-1434,CUST-115,42,Home & Kitchen,Blender 500W,219.36,3,Central,Bank Transfer,Store Affiliate,3.6,122.34,2023-07-30,658.08,0.28,184.26,2023,2023-07,2023Q3,Sunday,Middle-Aged (35-49)
ORD-1866,CUST-343,22,Electronics,Wireless Headphones,894.61,4,North,E-Wallet,Store Affiliate,4.3,134.12,2023-07-30,3578.44,0.18,644.12,2023,2023-07,2023Q3,Sunday,Gen Z (<25)
ORD-2143,CUST-122,32,Fashion,Leather Jacket,36.48,4,North,COD (Cash on Delivery),Social Media,4.6,50.38,2023-07-31,145.92,0.35,51.07,2023,2023-07,2023Q3,Monday,Young Adults (25-34)
ORD-2018,CUST-113,24,Sports & Outdoors,Camping Tent,120.53,4,South,E-Wallet,Social Media,4.9,20.72,2023-07-31,482.12,0.3,144.64,2023,2023-07,2023Q3,Monday,Gen Z (<25)
ORD-1033,CUST-214,55,Beauty & Care,Lipstick Matte,27.22,3,North,E-Wallet,Social Media,4.0,35.82,2023-07-31,81.66,0.42,34.3,2023,2023-07,2023Q3,Monday,Seniors (50+)
ORD-1388,CUST-238,33,Sports & Outdoors,Water Bottle,48.44,3,North,E-Wallet,Store Affiliate,4.8,133.33,2023-07-31,145.32,0.3,43.6,2023,2023-07,2023Q3,Monday,Young Adults (25-34)
ORD-1628,CUST-304,33,Home & Kitchen,Air Fryer,61.7,5,South,E-Wallet,Website,5.0,56.22,2023-08-01,308.5,0.28,86.38,2023,2023-08,2023Q3,Tuesday,Young Adults (25-34)
ORD-1675,CUST-321,26,Electronics,Bluetooth Speaker,470.96,2,North,Credit Card,Mobile App,3.4,61.2,2023-08-01,941.92,0.18,169.55,2023,2023-08,2023Q3,Tuesday,Young Adults (25-34)
ORD-1573,CUST-289,20,Beauty & Care,Hair Dryer,27.55,1,North,Bank Transfer,Website,3.2,96.11,2023-08-01,27.55,0.42,11.57,2023,2023-08,2023Q3,Tuesday,Gen Z (<25)
ORD-1306,CUST-105,47,Electronics,Laptop Pro,198.27,3,North,Bank Transfer,Store Affiliate,4.7,85.58,2023-08-02,594.81,0.18,107.07,2023,2023-08,2023Q3,Wednesday,Middle-Aged (35-49)
ORD-1004,CUST-170,42,Sports & Outdoors,Bicycle Helmet,41.96,4,Central,E-Wallet,Mobile App,4.7,97.06,2023-08-02,167.84,0.3,50.35,2023,2023-08,2023Q3,Wednesday,Middle-Aged (35-49)
ORD-1323,CUST-118,42,Home & Kitchen,Coffee Maker,178.79,5,North,Bank Transfer,Mobile App,4.4,46.83,2023-08-02,893.95,0.28,250.31,2023,2023-08,2023Q3,Wednesday,Middle-Aged (35-49)
ORD-1670,CUST-268,23,Beauty & Care,Hair Dryer,61.46,4,North,E-Wallet,Website,4.0,105.95,2023-08-03,245.84,0.42,103.25,2023,2023-08,2023Q3,Thursday,Gen Z (<25)
ORD-1953,CUST-237,55,Books,Atomic Habits,43.72,2,North,E-Wallet,Website,4.5,73.66,2023-08-03,87.44,0.25,21.86,2023,2023-08,2023Q3,Thursday,Seniors (50+)
ORD-1875,CUST-209,54,Books,Atomic Habits,15.42,1,South,Bank Transfer,Store Affiliate,4.4,145.85,2023-08-03,15.42,0.25,3.86,2023,2023-08,2023Q3,Thursday,Seniors (50+)
ORD-1587,CUST-239,21,Beauty & Care,Perfume 50Ml,63.49,1,North,Credit Card,Store Affiliate,3.2,129.34,2023-08-04,63.49,0.42,26.67,2023,2023-08,2023Q3,Friday,Gen Z (<25)
ORD-1943,CUST-341,58,Fashion,Denim Jeans,83.22,1,Central,E-Wallet,Mobile App,4.6,75.09,2023-08-04,83.22,0.35,29.13,2023,2023-08,2023Q3,Friday,Seniors (50+)
ORD-1848,CUST-278,34,Beauty & Care,Hair Dryer,54.74,3,North,Credit Card,Website,4.3,126.77,2023-08-04,164.22,0.42,68.97,2023,2023-08,2023Q3,Friday,Young Adults (25-34)
ORD-1995,CUST-112,20,Home & Kitchen,Coffee Maker,46.73,1,South,Bank Transfer,Website,4.5,59.96,2023-08-04,46.73,0.28,13.08,2023,2023-08,2023Q3,Friday,Gen Z (<25)
ORD-1368,CUST-148,65,Fashion,Denim Jeans,119.16,1,North,Credit Card,Social Media,3.0,39.2,2023-08-05,119.16,0.35,41.71,2023,2023-08,2023Q3,Saturday,Seniors (50+)
ORD-1728,CUST-271,53,Books,Psychology Of Money,31.49,2,North,Bank Transfer,Website,3.6,147.68,2023-08-05,62.98,0.25,15.74,2023,2023-08,2023Q3,Saturday,Seniors (50+)
ORD-1537,CUST-127,58,Sports & Outdoors,Bicycle Helmet,92.13,3,South,Credit Card,Store Affiliate,4.2,10.78,2023-08-06,276.39,0.3,82.92,2023,2023-08,2023Q3,Sunday,Seniors (50+)
ORD-1320,CUST-108,42,Sports & Outdoors,Dumbbell Set,107.71,2,North,Bank Transfer,Social Media,4.1,128.26,2023-08-06,215.42,0.3,64.63,2023,2023-08,2023Q3,Sunday,Middle-Aged (35-49)
ORD-1129,CUST-114,62,Books,Python Cookbook,12.49,1,Central,Bank Transfer,Website,4.3,81.54,2023-08-06,12.49,0.25,3.12,2023,2023-08,2023Q3,Sunday,Seniors (50+)
ORD-1343,CUST-148,48,Books,Business Strategy,26.07,5,North,COD (Cash on Delivery),Website,3.8,121.19,2023-08-07,130.35,0.25,32.59,2023,2023-08,2023Q3,Monday,Middle-Aged (35-49)
ORD-1924,CUST-206,30,Home & Kitchen,Coffee Maker,210.45,3,South,Bank Transfer,Social Media,3.0,115.24,2023-08-07,631.35,0.28,176.78,2023,2023-08,2023Q3,Monday,Young Adults (25-34)
ORD-1435,CUST-291,54,Fashion,Women Dress,133.9,2,South,E-Wallet,Website,4.8,22.64,2023-08-07,267.8,0.35,93.73,2023,2023-08,2023Q3,Monday,Seniors (50+)
ORD-1499,CUST-118,47,Sports & Outdoors,Camping Tent,113.08,1,North,E-Wallet,Website,4.8,137.07,2023-08-07,113.08,0.3,33.92,2023,2023-08,2023Q3,Monday,Middle-Aged (35-49)
ORD-1024,CUST-106,52,Sports & Outdoors,Water Bottle,133.81,2,Central,Bank Transfer,Website,3.1,125.81,2023-08-08,267.62,0.3,80.29,2023,2023-08,2023Q3,Tuesday,Seniors (50+)
ORD-2155,CUST-107,41,Books,Psychology Of Money,20.83,4,South,Bank Transfer,Website,3.9,29.4,2023-08-09,83.32,0.25,20.83,2023,2023-08,2023Q3,Wednesday,Middle-Aged (35-49)
ORD-1472,CUST-244,37,Electronics,Smartphone X,941.27,5,South,COD (Cash on Delivery),Store Affiliate,3.4,21.89,2023-08-09,4706.35,0.18,847.14,2023,2023-08,2023Q3,Wednesday,Middle-Aged (35-49)
ORD-1218,CUST-348,34,Books,Python Cookbook,32.06,3,Central,Credit Card,Store Affiliate,4.0,132.7,2023-08-09,96.18,0.25,24.04,2023,2023-08,2023Q3,Wednesday,Young Adults (25-34)
ORD-1942,CUST-101,38,Beauty & Care,Lipstick Matte,41.48,4,North,Bank Transfer,Social Media,4.1,126.79,2023-08-10,165.92,0.42,69.69,2023,2023-08,2023Q3,Thursday,Middle-Aged (35-49)
ORD-2007,CUST-292,42,Home & Kitchen,Blender 500W,222.0,1,North,COD (Cash on Delivery),Social Media,3.3,98.61,2023-08-10,222.0,0.28,62.16,2023,2023-08,2023Q3,Thursday,Middle-Aged (35-49)
ORD-1487,CUST-176,52,Books,Psychology Of Money,23.56,5,South,Bank Transfer,Website,3.4,81.73,2023-08-10,117.8,0.25,29.45,2023,2023-08,2023Q3,Thursday,Seniors (50+)
ORD-1264,CUST-224,49,Beauty & Care,Moisturizer Cream,70.39,2,Central,E-Wallet,Store Affiliate,3.0,71.4,2023-08-10,140.78,0.42,59.13,2023,2023-08,2023Q3,Thursday,Middle-Aged (35-49)
ORD-1594,CUST-210,60,Home & Kitchen,Air Fryer,41.94,4,North,Credit Card,Website,3.6,19.39,2023-08-11,167.76,0.28,46.97,2023,2023-08,2023Q3,Friday,Seniors (50+)
ORD-2194,CUST-175,57,Home & Kitchen,Blender 500W,238.33,5,North,E-Wallet,Social Media,4.6,32.3,2023-08-12,1191.65,0.28,333.66,2023,2023-08,2023Q3,Saturday,Seniors (50+)
ORD-1445,CUST-140,18,Books,Data Science Handbook,43.54,1,North,COD (Cash on Delivery),Store Affiliate,3.2,85.0,2023-08-12,43.54,0.25,10.88,2023,2023-08,2023Q3,Saturday,Gen Z (<25)
ORD-1800,CUST-185,28,Electronics,Smartphone X,1156.15,3,Central,Bank Transfer,Mobile App,4.0,98.34,2023-08-12,3468.45,0.18,624.32,2023,2023-08,2023Q3,Saturday,Young Adults (25-34)
ORD-1954,CUST-291,21,Fashion,Denim Jeans,64.24,3,South,COD (Cash on Delivery),Website,4.1,78.06,2023-08-12,192.72,0.35,67.45,2023,2023-08,2023Q3,Saturday,Gen Z (<25)
ORD-1397,CUST-142,57,Beauty & Care,Hair Dryer,77.81,2,Central,E-Wallet,Store Affiliate,4.3,25.9,2023-08-13,155.62,0.42,65.36,2023,2023-08,2023Q3,Sunday,Seniors (50+)
ORD-2191,CUST-302,33,Sports & Outdoors,Yoga Mat,83.65,3,Central,Bank Transfer,Mobile App,3.4,94.56,2023-08-13,250.95,0.3,75.28,2023,2023-08,2023Q3,Sunday,Young Adults (25-34)
ORD-1381,CUST-306,38,Electronics,Wireless Headphones,198.07,3,Central,Bank Transfer,Mobile App,4.7,77.91,2023-08-13,594.21,0.18,106.96,2023,2023-08,2023Q3,Sunday,Middle-Aged (35-49)
ORD-2069,CUST-332,26,Beauty & Care,Moisturizer Cream,47.42,4,North,COD (Cash on Delivery),Mobile App,4.1,50.3,2023-08-13,189.68,0.42,79.67,2023,2023-08,2023Q3,Sunday,Young Adults (25-34)
ORD-1908,CUST-238,22,Books,Atomic Habits,10.19,2,North,Bank Transfer,Social Media,3.7,135.72,2023-08-13,20.38,0.25,5.1,2023,2023-08,2023Q3,Sunday,Gen Z (<25)
ORD-1012,CUST-328,62,Home & Kitchen,Air Fryer,130.42,2,South,E-Wallet,Social Media,3.5,62.13,2023-08-13,260.84,0.28,73.04,2023,2023-08,2023Q3,Sunday,Seniors (50+)
ORD-2137,CUST-168,35,Books,Atomic Habits,35.47,2,Central,Bank Transfer,Social Media,3.6,79.28,2023-08-13,70.94,0.25,17.74,2023,2023-08,2023Q3,Sunday,Middle-Aged (35-49)
ORD-1553,CUST-225,26,Home & Kitchen,Coffee Maker,165.01,2,South,E-Wallet,Website,5.0,115.96,2023-08-13,330.02,0.28,92.41,2023,2023-08,2023Q3,Sunday,Young Adults (25-34)
ORD-1023,CUST-254,42,Sports & Outdoors,Yoga Mat,47.2,4,South,E-Wallet,Website,4.3,63.78,2023-08-14,188.8,0.3,56.64,2023,2023-08,2023Q3,Monday,Middle-Aged (35-49)
ORD-1544,CUST-153,26,Books,Data Science Handbook,36.34,2,South,E-Wallet,Mobile App,3.1,55.06,2023-08-14,72.68,0.25,18.17,2023,2023-08,2023Q3,Monday,Young Adults (25-34)
ORD-1352,CUST-321,61,Electronics,Bluetooth Speaker,582.96,2,Central,Bank Transfer,Website,3.8,62.67,2023-08-14,1165.92,0.18,209.87,2023,2023-08,2023Q3,Monday,Seniors (50+)
ORD-1252,CUST-312,37,Electronics,Laptop Pro,256.36,2,Central,Credit Card,Store Affiliate,3.7,76.79,2023-08-14,512.72,0.18,92.29,2023,2023-08,2023Q3,Monday,Middle-Aged (35-49)
ORD-1677,CUST-347,42,Home & Kitchen,Coffee Maker,154.42,5,North,E-Wallet,Website,4.3,103.81,2023-08-14,772.1,0.28,216.19,2023,2023-08,2023Q3,Monday,Middle-Aged (35-49)
ORD-1762,CUST-331,45,Sports & Outdoors,Dumbbell Set,129.43,3,Central,E-Wallet,Mobile App,3.7,89.27,2023-08-14,388.29,0.3,116.49,2023,2023-08,2023Q3,Monday,Middle-Aged (35-49)
ORD-1079,CUST-149,27,Electronics,Bluetooth Speaker,307.43,4,Central,Bank Transfer,Mobile App,3.4,102.29,2023-08-14,1229.72,0.18,221.35,2023,2023-08,2023Q3,Monday,Young Adults (25-34)
ORD-2000,CUST-216,51,Beauty & Care,Hair Dryer,35.18,5,Central,E-Wallet,Social Media,3.8,60.01,2023-08-14,175.9,0.42,73.88,2023,2023-08,2023Q3,Monday,Seniors (50+)
ORD-2113,CUST-262,46,Sports & Outdoors,Dumbbell Set,103.96,3,South,COD (Cash on Delivery),Store Affiliate,4.5,128.95,2023-08-15,311.88,0.3,93.56,2023,2023-08,2023Q3,Tuesday,Middle-Aged (35-49)
ORD-1220,CUST-295,25,Home & Kitchen,Blender 500W,175.57,3,North,Bank Transfer,Store Affiliate,4.0,26.91,2023-08-15,526.71,0.28,147.48,2023,2023-08,2023Q3,Tuesday,Young Adults (25-34)
ORD-1204,CUST-296,24,Books,Data Science Handbook,18.95,2,North,Bank Transfer,Store Affiliate,3.2,118.7,2023-08-15,37.9,0.25,9.48,2023,2023-08,2023Q3,Tuesday,Gen Z (<25)
ORD-1268,CUST-294,63,Sports & Outdoors,Water Bottle,131.5,5,South,Credit Card,Social Media,4.3,23.57,2023-08-15,657.5,0.3,197.25,2023,2023-08,2023Q3,Tuesday,Seniors (50+)
ORD-1548,CUST-275,49,Beauty & Care,Face Sunscreen,88.58,2,South,COD (Cash on Delivery),Store Affiliate,3.6,148.99,2023-08-16,177.16,0.42,74.41,2023,2023-08,2023Q3,Wednesday,Middle-Aged (35-49)
ORD-1891,CUST-170,41,Sports & Outdoors,Dumbbell Set,68.04,2,Central,COD (Cash on Delivery),Website,4.1,128.39,2023-08-16,136.08,0.3,40.82,2023,2023-08,2023Q3,Wednesday,Middle-Aged (35-49)
ORD-1054,CUST-124,26,Books,Python Cookbook,24.83,4,North,Credit Card,Store Affiliate,4.7,25.29,2023-08-16,99.32,0.25,24.83,2023,2023-08,2023Q3,Wednesday,Young Adults (25-34)
ORD-1162,CUST-249,35,Books,Data Science Handbook,23.42,3,Central,E-Wallet,Mobile App,3.3,63.35,2023-08-17,70.26,0.25,17.57,2023,2023-08,2023Q3,Thursday,Middle-Aged (35-49)
ORD-2028,CUST-293,39,Fashion,Leather Jacket,177.5,3,North,E-Wallet,Website,4.5,114.9,2023-08-17,532.5,0.35,186.38,2023,2023-08,2023Q3,Thursday,Middle-Aged (35-49)
ORD-1415,CUST-173,61,Home & Kitchen,Non-Stick Pan,58.24,4,Central,COD (Cash on Delivery),Store Affiliate,3.7,71.87,2023-08-17,232.96,0.28,65.23,2023,2023-08,2023Q3,Thursday,Seniors (50+)
ORD-1552,CUST-229,52,Sports & Outdoors,Yoga Mat,138.06,4,Central,Credit Card,Website,4.0,62.6,2023-08-17,552.24,0.3,165.67,2023,2023-08,2023Q3,Thursday,Seniors (50+)
ORD-2199,CUST-178,56,Beauty & Care,Face Sunscreen,32.34,4,North,E-Wallet,Store Affiliate,4.4,104.76,2023-08-18,129.36,0.42,54.33,2023,2023-08,2023Q3,Friday,Seniors (50+)
ORD-1318,CUST-117,48,Beauty & Care,Perfume 50Ml,67.54,3,Central,Bank Transfer,Mobile App,3.4,25.35,2023-08-19,202.62,0.42,85.1,2023,2023-08,2023Q3,Saturday,Middle-Aged (35-49)
ORD-1056,CUST-316,49,Books,Atomic Habits,22.2,3,North,COD (Cash on Delivery),Website,4.0,110.98,2023-08-19,66.6,0.25,16.65,2023,2023-08,2023Q3,Saturday,Middle-Aged (35-49)
ORD-1799,CUST-258,39,Sports & Outdoors,Dumbbell Set,47.5,5,North,Credit Card,Website,3.8,72.95,2023-08-20,237.5,0.3,71.25,2023,2023-08,2023Q3,Sunday,Middle-Aged (35-49)
ORD-1475,CUST-339,55,Books,Business Strategy,13.59,4,Central,Bank Transfer,Social Media,4.5,116.73,2023-08-20,54.36,0.25,13.59,2023,2023-08,2023Q3,Sunday,Seniors (50+)
ORD-1756,CUST-207,53,Home & Kitchen,Blender 500W,87.93,1,Central,COD (Cash on Delivery),Mobile App,4.5,10.45,2023-08-20,87.93,0.28,24.62,2023,2023-08,2023Q3,Sunday,Seniors (50+)
ORD-1913,CUST-198,50,Electronics,Smart Watch,217.28,1,North,Bank Transfer,Mobile App,3.1,20.03,2023-08-21,217.28,0.18,39.11,2023,2023-08,2023Q3,Monday,Seniors (50+)
ORD-1484,CUST-133,29,Sports & Outdoors,Yoga Mat,60.95,1,South,Bank Transfer,Website,4.0,94.8,2023-08-21,60.95,0.3,18.28,2023,2023-08,2023Q3,Monday,Young Adults (25-34)
ORD-1758,CUST-340,25,Sports & Outdoors,Camping Tent,46.73,1,Central,COD (Cash on Delivery),Website,4.0,59.1,2023-08-21,46.73,0.3,14.02,2023,2023-08,2023Q3,Monday,Young Adults (25-34)
ORD-1251,CUST-324,28,Books,Atomic Habits,35.32,5,North,Bank Transfer,Store Affiliate,4.8,50.5,2023-08-22,176.6,0.25,44.15,2023,2023-08,2023Q3,Tuesday,Young Adults (25-34)
ORD-2014,CUST-220,59,Electronics,Laptop Pro,1116.2,1,South,E-Wallet,Mobile App,4.7,126.89,2023-08-22,1116.2,0.18,200.92,2023,2023-08,2023Q3,Tuesday,Seniors (50+)
ORD-1209,CUST-211,49,Electronics,Wireless Headphones,836.25,2,North,E-Wallet,Store Affiliate,3.2,50.16,2023-08-22,1672.5,0.18,301.05,2023,2023-08,2023Q3,Tuesday,Middle-Aged (35-49)
ORD-1850,CUST-218,38,Fashion,Leather Jacket,148.37,5,North,COD (Cash on Delivery),Website,4.9,62.25,2023-08-22,741.85,0.35,259.65,2023,2023-08,2023Q3,Tuesday,Middle-Aged (35-49)
ORD-1639,CUST-338,25,Fashion,Women Dress,115.46,5,North,Credit Card,Website,3.4,22.79,2023-08-22,577.3,0.35,202.05,2023,2023-08,2023Q3,Tuesday,Young Adults (25-34)
ORD-1896,CUST-260,45,Fashion,Running Shoes,139.65,1,North,E-Wallet,Store Affiliate,3.0,106.15,2023-08-22,139.65,0.35,48.88,2023,2023-08,2023Q3,Tuesday,Middle-Aged (35-49)
ORD-1601,CUST-303,39,Fashion,Women Dress,120.83,2,North,Credit Card,Website,4.8,18.56,2023-08-22,241.66,0.35,84.58,2023,2023-08,2023Q3,Tuesday,Middle-Aged (35-49)
ORD-1166,CUST-202,46,Beauty & Care,Perfume 50Ml,16.06,1,North,Credit Card,Social Media,3.4,140.97,2023-08-22,16.06,0.42,6.75,2023,2023-08,2023Q3,Tuesday,Middle-Aged (35-49)
ORD-1600,CUST-338,21,Fashion,Denim Jeans,82.09,2,Central,Credit Card,Website,3.7,56.34,2023-08-22,164.18,0.35,57.46,2023,2023-08,2023Q3,Tuesday,Gen Z (<25)
ORD-1827,CUST-278,40,Sports & Outdoors,Water Bottle,132.45,5,North,COD (Cash on Delivery),Mobile App,3.6,62.91,2023-08-22,662.25,0.3,198.68,2023,2023-08,2023Q3,Tuesday,Middle-Aged (35-49)
ORD-2127,CUST-306,48,Sports & Outdoors,Camping Tent,105.58,1,North,Bank Transfer,Store Affiliate,4.2,54.72,2023-08-22,105.58,0.3,31.67,2023,2023-08,2023Q3,Tuesday,Middle-Aged (35-49)
ORD-1357,CUST-265,63,Home & Kitchen,Blender 500W,166.19,3,North,Credit Card,Website,3.7,123.94,2023-08-22,498.57,0.28,139.6,2023,2023-08,2023Q3,Tuesday,Seniors (50+)
ORD-1774,CUST-210,19,Books,Psychology Of Money,15.8,3,North,COD (Cash on Delivery),Website,3.0,21.38,2023-08-22,47.4,0.25,11.85,2023,2023-08,2023Q3,Tuesday,Gen Z (<25)
ORD-1342,CUST-204,42,Home & Kitchen,Coffee Maker,81.7,1,North,E-Wallet,Store Affiliate,4.0,140.53,2023-08-22,81.7,0.28,22.88,2023,2023-08,2023Q3,Tuesday,Middle-Aged (35-49)
ORD-1476,CUST-166,41,Electronics,Smart Watch,1061.44,1,Central,Credit Card,Mobile App,4.0,68.15,2023-08-22,1061.44,0.18,191.06,2023,2023-08,2023Q3,Tuesday,Middle-Aged (35-49)
ORD-1205,CUST-264,28,Home & Kitchen,Air Fryer,147.64,1,South,Bank Transfer,Mobile App,3.9,67.07,2023-08-22,147.64,0.28,41.34,2023,2023-08,2023Q3,Tuesday,Young Adults (25-34)
ORD-1449,CUST-120,21,Beauty & Care,Lipstick Matte,23.66,1,Central,COD (Cash on Delivery),Website,4.8,137.49,2023-08-22,23.66,0.42,9.94,2023,2023-08,2023Q3,Tuesday,Gen Z (<25)
ORD-1745,CUST-229,40,Sports & Outdoors,Bicycle Helmet,138.47,2,South,Credit Card,Website,3.5,125.51,2023-08-22,276.94,0.3,83.08,2023,2023-08,2023Q3,Tuesday,Middle-Aged (35-49)
ORD-1116,CUST-218,28,Books,Python Cookbook,13.13,1,South,COD (Cash on Delivery),Mobile App,3.3,110.43,2023-08-22,13.13,0.25,3.28,2023,2023-08,2023Q3,Tuesday,Young Adults (25-34)
ORD-1057,CUST-188,24,Beauty & Care,Moisturizer Cream,33.9,4,South,Bank Transfer,Website,4.4,104.92,2023-08-22,135.6,0.42,56.95,2023,2023-08,2023Q3,Tuesday,Gen Z (<25)
ORD-1527,CUST-176,32,Fashion,Men T-Shirt,98.49,1,North,Bank Transfer,Store Affiliate,4.6,89.33,2023-08-22,98.49,0.35,34.47,2023,2023-08,2023Q3,Tuesday,Young Adults (25-34)
ORD-1282,CUST-208,26,Books,Psychology Of Money,39.77,5,South,Bank Transfer,Social Media,3.8,148.49,2023-08-22,198.85,0.25,49.71,2023,2023-08,2023Q3,Tuesday,Young Adults (25-34)
ORD-1119,CUST-336,46,Beauty & Care,Moisturizer Cream,38.03,5,South,COD (Cash on Delivery),Social Media,4.2,46.27,2023-08-22,190.15,0.42,79.86,2023,2023-08,2023Q3,Tuesday,Middle-Aged (35-49)
ORD-1767,CUST-203,59,Fashion,Leather Jacket,76.46,2,North,E-Wallet,Website,4.5,35.99,2023-08-22,152.92,0.35,53.52,2023,2023-08,2023Q3,Tuesday,Seniors (50+)
ORD-1174,CUST-112,34,Books,Psychology Of Money,22.05,4,North,COD (Cash on Delivery),Social Media,3.2,83.89,2023-08-22,88.2,0.25,22.05,2023,2023-08,2023Q3,Tuesday,Young Adults (25-34)
ORD-1331,CUST-133,24,Books,Business Strategy,39.71,5,International,E-Wallet,Website,3.2,111.83,2023-08-22,198.55,0.25,49.64,2023,2023-08,2023Q3,Tuesday,Gen Z (<25)
ORD-1822,CUST-326,44,Beauty & Care,Face Sunscreen,59.29,1,North,Credit Card,Store Affiliate,3.0,102.17,2023-08-22,59.29,0.42,24.9,2023,2023-08,2023Q3,Tuesday,Middle-Aged (35-49)
ORD-1226,CUST-260,47,Fashion,Women Dress,36.79,4,North,Credit Card,Store Affiliate,3.6,14.77,2023-08-22,147.16,0.35,51.51,2023,2023-08,2023Q3,Tuesday,Middle-Aged (35-49)
ORD-1583,CUST-326,41,Beauty & Care,Lipstick Matte,55.33,2,Central,Bank Transfer,Website,4.0,74.8,2023-08-22,110.66,0.42,46.48,2023,2023-08,2023Q3,Tuesday,Middle-Aged (35-49)
ORD-1242,CUST-335,46,Books,Python Cookbook,21.57,2,North,E-Wallet,Store Affiliate,3.8,96.33,2023-08-22,43.14,0.25,10.78,2023,2023-08,2023Q3,Tuesday,Middle-Aged (35-49)
ORD-2058,CUST-309,50,Electronics,Laptop Pro,885.75,5,North,E-Wallet,Mobile App,4.8,12.62,2023-08-22,4428.75,0.18,797.18,2023,2023-08,2023Q3,Tuesday,Seniors (50+)
ORD-1051,CUST-126,53,Home & Kitchen,Coffee Maker,97.2,1,Central,E-Wallet,Mobile App,4.4,112.09,2023-08-22,97.2,0.28,27.22,2023,2023-08,2023Q3,Tuesday,Seniors (50+)
ORD-2057,CUST-299,45,Electronics,Smart Watch,371.06,2,North,COD (Cash on Delivery),Mobile App,4.6,67.01,2023-08-22,742.12,0.18,133.58,2023,2023-08,2023Q3,Tuesday,Middle-Aged (35-49)
ORD-1567,CUST-297,59,Home & Kitchen,Non-Stick Pan,128.02,4,Central,Bank Transfer,Website,3.8,51.55,2023-08-22,512.08,0.28,143.38,2023,2023-08,2023Q3,Tuesday,Seniors (50+)
ORD-1453,CUST-252,36,Fashion,Women Dress,126.75,2,North,E-Wallet,Website,3.4,141.6,2023-08-22,253.5,0.35,88.72,2023,2023-08,2023Q3,Tuesday,Middle-Aged (35-49)
ORD-1335,CUST-246,47,Beauty & Care,Perfume 50Ml,51.87,4,North,E-Wallet,Store Affiliate,4.0,98.29,2023-08-22,207.48,0.42,87.14,2023,2023-08,2023Q3,Tuesday,Middle-Aged (35-49)
ORD-2020,CUST-189,61,Beauty & Care,Moisturizer Cream,18.17,2,Central,E-Wallet,Social Media,4.5,30.55,2023-08-22,36.34,0.42,15.26,2023,2023-08,2023Q3,Tuesday,Seniors (50+)
ORD-1723,CUST-275,24,Sports & Outdoors,Dumbbell Set,74.6,5,North,Credit Card,Social Media,4.0,17.85,2023-08-22,373.0,0.3,111.9,2023,2023-08,2023Q3,Tuesday,Gen Z (<25)
ORD-1164,CUST-329,52,Home & Kitchen,Non-Stick Pan,73.87,5,Central,Bank Transfer,Social Media,3.7,20.98,2023-08-22,369.35,0.28,103.42,2023,2023-08,2023Q3,Tuesday,Seniors (50+)
ORD-1055,CUST-191,58,Fashion,Leather Jacket,80.24,2,Central,Credit Card,Mobile App,4.8,64.34,2023-08-22,160.48,0.35,56.17,2023,2023-08,2023Q3,Tuesday,Seniors (50+)
ORD-1693,CUST-166,25,Fashion,Men T-Shirt,108.27,5,North,Bank Transfer,Mobile App,4.0,45.53,2023-08-22,541.35,0.35,189.47,2023,2023-08,2023Q3,Tuesday,Young Adults (25-34)
ORD-2164,CUST-166,26,Beauty & Care,Moisturizer Cream,39.39,4,Central,E-Wallet,Website,3.5,76.07,2023-08-22,157.56,0.42,66.18,2023,2023-08,2023Q3,Tuesday,Young Adults (25-34)
ORD-2033,CUST-314,40,Home & Kitchen,Air Fryer,41.91,4,Central,E-Wallet,Social Media,4.7,101.41,2023-08-22,167.64,0.28,46.94,2023,2023-08,2023Q3,Tuesday,Middle-Aged (35-49)
ORD-1046,CUST-139,52,Sports & Outdoors,Water Bottle,105.92,3,North,Credit Card,Social Media,3.1,116.02,2023-08-23,317.76,0.3,95.33,2023,2023-08,2023Q3,Wednesday,Seniors (50+)
ORD-2031,CUST-163,60,Books,Business Strategy,17.77,1,North,Bank Transfer,Social Media,4.2,143.05,2023-08-23,17.77,0.25,4.44,2023,2023-08,2023Q3,Wednesday,Seniors (50+)
ORD-1507,CUST-325,53,Electronics,Smartphone X,336.3,2,North,Credit Card,Social Media,3.7,25.16,2023-08-23,672.6,0.18,121.07,2023,2023-08,2023Q3,Wednesday,Seniors (50+)
ORD-1790,CUST-303,58,Books,Data Science Handbook,10.79,2,Central,Bank Transfer,Social Media,4.4,133.7,2023-08-23,21.58,0.25,5.4,2023,2023-08,2023Q3,Wednesday,Seniors (50+)
ORD-1140,CUST-341,25,Home & Kitchen,Robot Vacuum,155.27,3,North,Credit Card,Store Affiliate,3.7,56.9,2023-08-24,465.81,0.28,130.43,2023,2023-08,2023Q3,Thursday,Young Adults (25-34)
ORD-2189,CUST-225,25,Home & Kitchen,Coffee Maker,216.55,2,North,COD (Cash on Delivery),Website,3.7,80.03,2023-08-24,433.1,0.28,121.27,2023,2023-08,2023Q3,Thursday,Young Adults (25-34)
ORD-1421,CUST-242,55,Beauty & Care,Lipstick Matte,88.46,5,North,Bank Transfer,Mobile App,4.6,124.59,2023-08-24,442.3,0.42,185.77,2023,2023-08,2023Q3,Thursday,Seniors (50+)
ORD-2001,CUST-183,42,Electronics,Smart Watch,1144.47,4,North,Bank Transfer,Social Media,3.9,15.13,2023-08-24,4577.88,0.18,824.02,2023,2023-08,2023Q3,Thursday,Middle-Aged (35-49)
ORD-1719,CUST-233,23,Home & Kitchen,Robot Vacuum,191.31,1,South,Credit Card,Store Affiliate,4.2,131.93,2023-08-25,191.31,0.28,53.57,2023,2023-08,2023Q3,Friday,Gen Z (<25)
ORD-1674,CUST-171,22,Fashion,Denim Jeans,118.61,1,North,Bank Transfer,Mobile App,4.8,13.54,2023-08-26,118.61,0.35,41.51,2023,2023-08,2023Q3,Saturday,Gen Z (<25)
ORD-1194,CUST-341,45,Beauty & Care,Lipstick Matte,32.13,3,North,Bank Transfer,Mobile App,3.5,80.79,2023-08-26,96.39,0.42,40.48,2023,2023-08,2023Q3,Saturday,Middle-Aged (35-49)
ORD-2185,CUST-276,25,Electronics,Smart Watch,422.8,5,Central,Credit Card,Store Affiliate,3.5,94.45,2023-08-27,2114.0,0.18,380.52,2023,2023-08,2023Q3,Sunday,Young Adults (25-34)
ORD-1474,CUST-180,20,Home & Kitchen,Non-Stick Pan,209.09,1,North,COD (Cash on Delivery),Store Affiliate,3.4,111.1,2023-08-27,209.09,0.28,58.55,2023,2023-08,2023Q3,Sunday,Gen Z (<25)
ORD-1923,CUST-219,34,Fashion,Denim Jeans,171.31,5,Central,E-Wallet,Store Affiliate,5.0,95.48,2023-08-27,856.55,0.35,299.79,2023,2023-08,2023Q3,Sunday,Young Adults (25-34)
ORD-1419,CUST-287,46,Beauty & Care,Moisturizer Cream,52.81,3,North,E-Wallet,Store Affiliate,4.1,111.95,2023-08-28,158.43,0.42,66.54,2023,2023-08,2023Q3,Monday,Middle-Aged (35-49)
ORD-1466,CUST-110,26,Sports & Outdoors,Dumbbell Set,45.12,1,North,Credit Card,Store Affiliate,3.1,27.31,2023-08-28,45.12,0.3,13.54,2023,2023-08,2023Q3,Monday,Young Adults (25-34)
ORD-1654,CUST-109,60,Home & Kitchen,Robot Vacuum,205.93,2,North,Bank Transfer,Social Media,3.9,62.82,2023-08-29,411.86,0.28,115.32,2023,2023-08,2023Q3,Tuesday,Seniors (50+)
ORD-1259,CUST-245,25,Sports & Outdoors,Dumbbell Set,46.84,5,North,COD (Cash on Delivery),Website,3.3,135.38,2023-08-29,234.2,0.3,70.26,2023,2023-08,2023Q3,Tuesday,Young Adults (25-34)
ORD-1619,CUST-258,52,Fashion,Men T-Shirt,83.22,2,South,COD (Cash on Delivery),Store Affiliate,4.5,20.85,2023-08-29,166.44,0.35,58.25,2023,2023-08,2023Q3,Tuesday,Seniors (50+)
ORD-1001,CUST-128,55,Electronics,Smart Watch,999.99,2,North,E-Wallet,Store Affiliate,4.8,17.56,2023-08-29,1999.98,0.18,360.0,2023,2023-08,2023Q3,Tuesday,Seniors (50+)
ORD-1361,CUST-286,57,Electronics,Smart Watch,855.05,5,Central,COD (Cash on Delivery),Social Media,3.5,132.62,2023-08-29,4275.25,0.18,769.54,2023,2023-08,2023Q3,Tuesday,Seniors (50+)
ORD-1684,CUST-273,56,Books,Python Cookbook,35.89,1,North,Credit Card,Mobile App,4.0,35.06,2023-08-29,35.89,0.25,8.97,2023,2023-08,2023Q3,Tuesday,Seniors (50+)
ORD-1283,CUST-346,22,Sports & Outdoors,Camping Tent,124.99,2,Central,Bank Transfer,Mobile App,4.0,39.5,2023-08-30,249.98,0.3,74.99,2023,2023-08,2023Q3,Wednesday,Gen Z (<25)
ORD-1384,CUST-240,40,Sports & Outdoors,Bicycle Helmet,114.61,5,Central,Credit Card,Social Media,3.3,60.0,2023-08-30,573.05,0.3,171.92,2023,2023-08,2023Q3,Wednesday,Middle-Aged (35-49)
ORD-1905,CUST-185,32,Sports & Outdoors,Bicycle Helmet,113.35,2,South,Credit Card,Website,3.2,116.83,2023-08-30,226.7,0.3,68.01,2023,2023-08,2023Q3,Wednesday,Young Adults (25-34)
ORD-1603,CUST-320,26,Books,Python Cookbook,10.59,2,North,Credit Card,Mobile App,4.9,31.9,2023-08-30,21.18,0.25,5.3,2023,2023-08,2023Q3,Wednesday,Young Adults (25-34)
ORD-1310,CUST-250,33,Home & Kitchen,Air Fryer,179.14,5,Central,E-Wallet,Store Affiliate,3.8,13.61,2023-08-30,895.7,0.28,250.8,2023,2023-08,2023Q3,Wednesday,Young Adults (25-34)
ORD-1303,CUST-157,53,Sports & Outdoors,Bicycle Helmet,140.05,3,Central,Bank Transfer,Mobile App,3.0,13.83,2023-08-31,420.15,0.3,126.04,2023,2023-08,2023Q3,Thursday,Seniors (50+)
ORD-1673,CUST-184,27,Books,Atomic Habits,25.77,4,South,Bank Transfer,Social Media,3.5,58.75,2023-09-01,103.08,0.25,25.77,2023,2023-09,2023Q3,Friday,Young Adults (25-34)
ORD-1078,CUST-247,27,Home & Kitchen,Robot Vacuum,95.73,2,North,E-Wallet,Social Media,4.3,60.64,2023-09-01,191.46,0.28,53.61,2023,2023-09,2023Q3,Friday,Young Adults (25-34)
ORD-2074,CUST-283,50,Books,Psychology Of Money,38.2,2,South,Credit Card,Store Affiliate,3.3,56.03,2023-09-01,76.4,0.25,19.1,2023,2023-09,2023Q3,Friday,Seniors (50+)
ORD-1849,CUST-232,42,Fashion,Leather Jacket,56.72,4,North,Credit Card,Website,4.0,45.36,2023-09-01,226.88,0.35,79.41,2023,2023-09,2023Q3,Friday,Middle-Aged (35-49)
ORD-2174,CUST-232,18,Home & Kitchen,Non-Stick Pan,168.83,2,North,E-Wallet,Social Media,3.3,61.67,2023-09-01,337.66,0.28,94.54,2023,2023-09,2023Q3,Friday,Gen Z (<25)
ORD-1206,CUST-187,39,Books,Business Strategy,11.7,2,Central,Credit Card,Mobile App,4.3,91.87,2023-09-01,23.4,0.25,5.85,2023,2023-09,2023Q3,Friday,Middle-Aged (35-49)
ORD-1683,CUST-202,42,Sports & Outdoors,Dumbbell Set,52.69,2,South,Credit Card,Website,3.3,63.54,2023-09-01,105.38,0.3,31.61,2023,2023-09,2023Q3,Friday,Middle-Aged (35-49)
ORD-1193,CUST-320,55,Books,Atomic Habits,24.12,5,North,Bank Transfer,Website,4.5,59.28,2023-09-02,120.6,0.25,30.15,2023,2023-09,2023Q3,Saturday,Seniors (50+)
ORD-1104,CUST-279,24,Books,Business Strategy,39.59,1,Central,Bank Transfer,Mobile App,3.6,131.67,2023-09-02,39.59,0.25,9.9,2023,2023-09,2023Q3,Saturday,Gen Z (<25)
ORD-1694,CUST-145,59,Fashion,Running Shoes,48.12,2,South,COD (Cash on Delivery),Social Media,4.2,139.02,2023-09-02,96.24,0.35,33.68,2023,2023-09,2023Q3,Saturday,Seniors (50+)
ORD-1579,CUST-102,33,Home & Kitchen,Blender 500W,200.19,3,North,E-Wallet,Store Affiliate,4.1,95.96,2023-09-02,600.57,0.28,168.16,2023,2023-09,2023Q3,Saturday,Young Adults (25-34)
ORD-1359,CUST-115,52,Fashion,Men T-Shirt,101.33,1,North,COD (Cash on Delivery),Website,3.6,49.56,2023-09-03,101.33,0.35,35.47,2023,2023-09,2023Q3,Sunday,Seniors (50+)
ORD-1869,CUST-213,20,Beauty & Care,Moisturizer Cream,23.84,5,South,Credit Card,Mobile App,4.8,37.78,2023-09-04,119.2,0.42,50.06,2023,2023-09,2023Q3,Monday,Gen Z (<25)
ORD-1749,CUST-183,31,Books,Python Cookbook,11.63,1,North,COD (Cash on Delivery),Website,5.0,72.08,2023-09-04,11.63,0.25,2.91,2023,2023-09,2023Q3,Monday,Young Adults (25-34)
ORD-1856,CUST-131,29,Books,Business Strategy,34.38,3,North,Credit Card,Website,4.4,116.84,2023-09-05,103.14,0.25,25.78,2023,2023-09,2023Q3,Tuesday,Young Adults (25-34)
ORD-1038,CUST-101,30,Home & Kitchen,Air Fryer,179.09,1,North,Bank Transfer,Store Affiliate,3.6,58.69,2023-09-05,179.09,0.28,50.15,2023,2023-09,2023Q3,Tuesday,Young Adults (25-34)
ORD-1949,CUST-328,46,Beauty & Care,Lipstick Matte,36.34,3,North,COD (Cash on Delivery),Website,3.4,11.71,2023-09-05,109.02,0.42,45.79,2023,2023-09,2023Q3,Tuesday,Middle-Aged (35-49)
ORD-1237,CUST-238,31,Electronics,Smartphone X,460.12,5,North,COD (Cash on Delivery),Store Affiliate,4.4,109.68,2023-09-05,2300.6,0.18,414.11,2023,2023-09,2023Q3,Tuesday,Young Adults (25-34)
ORD-1750,CUST-203,27,Sports & Outdoors,Bicycle Helmet,147.57,2,South,E-Wallet,Store Affiliate,4.7,48.57,2023-09-05,295.14,0.3,88.54,2023,2023-09,2023Q3,Tuesday,Young Adults (25-34)
ORD-1960,CUST-156,46,Sports & Outdoors,Dumbbell Set,75.89,3,North,COD (Cash on Delivery),Website,4.3,98.78,2023-09-06,227.67,0.3,68.3,2023,2023-09,2023Q3,Wednesday,Middle-Aged (35-49)
ORD-1929,CUST-199,22,Fashion,Denim Jeans,148.63,2,North,Bank Transfer,Store Affiliate,4.2,39.57,2023-09-07,297.26,0.35,104.04,2023,2023-09,2023Q3,Thursday,Gen Z (<25)
ORD-1255,CUST-161,53,Books,Business Strategy,44.6,5,North,Bank Transfer,Store Affiliate,3.7,117.23,2023-09-07,223.0,0.25,55.75,2023,2023-09,2023Q3,Thursday,Seniors (50+)
ORD-2156,CUST-226,32,Electronics,Laptop Pro,409.77,2,North,E-Wallet,Website,4.8,96.79,2023-09-07,819.54,0.18,147.52,2023,2023-09,2023Q3,Thursday,Young Adults (25-34)
ORD-1380,CUST-213,42,Beauty & Care,Moisturizer Cream,67.66,2,North,Credit Card,Store Affiliate,4.3,50.9,2023-09-07,135.32,0.42,56.83,2023,2023-09,2023Q3,Thursday,Middle-Aged (35-49)
ORD-1437,CUST-114,54,Sports & Outdoors,Dumbbell Set,104.07,1,Central,Credit Card,Store Affiliate,4.0,137.71,2023-09-07,104.07,0.3,31.22,2023,2023-09,2023Q3,Thursday,Seniors (50+)
ORD-1772,CUST-173,62,Books,Data Science Handbook,27.56,1,North,Credit Card,Social Media,4.4,40.45,2023-09-07,27.56,0.25,6.89,2023,2023-09,2023Q3,Thursday,Seniors (50+)
ORD-1367,CUST-149,42,Fashion,Denim Jeans,109.62,2,Central,Bank Transfer,Social Media,3.8,88.08,2023-09-07,219.24,0.35,76.73,2023,2023-09,2023Q3,Thursday,Middle-Aged (35-49)
ORD-1312,CUST-101,42,Fashion,Men T-Shirt,112.26,5,North,Credit Card,Website,4.1,141.85,2023-09-07,561.3,0.35,196.46,2023,2023-09,2023Q3,Thursday,Middle-Aged (35-49)
ORD-1971,CUST-304,42,Home & Kitchen,Non-Stick Pan,242.53,5,North,COD (Cash on Delivery),Store Affiliate,4.3,84.44,2023-09-07,1212.65,0.28,339.54,2023,2023-09,2023Q3,Thursday,Middle-Aged (35-49)
ORD-1569,CUST-263,49,Electronics,Bluetooth Speaker,1093.2,4,South,COD (Cash on Delivery),Website,4.8,51.19,2023-09-08,4372.8,0.18,787.1,2023,2023-09,2023Q3,Friday,Middle-Aged (35-49)
ORD-1048,CUST-345,35,Home & Kitchen,Air Fryer,31.86,4,Central,Credit Card,Mobile App,4.0,126.09,2023-09-09,127.44,0.28,35.68,2023,2023-09,2023Q3,Saturday,Middle-Aged (35-49)
ORD-1450,CUST-317,56,Fashion,Men T-Shirt,76.36,3,South,E-Wallet,Social Media,4.6,56.41,2023-09-09,229.08,0.35,80.18,2023,2023-09,2023Q3,Saturday,Seniors (50+)
ORD-1695,CUST-248,59,Beauty & Care,Hair Dryer,60.5,4,Central,E-Wallet,Store Affiliate,4.1,94.95,2023-09-10,242.0,0.42,101.64,2023,2023-09,2023Q3,Sunday,Seniors (50+)
ORD-1232,CUST-150,57,Home & Kitchen,Blender 500W,73.94,4,South,Bank Transfer,Store Affiliate,3.9,138.61,2023-09-10,295.76,0.28,82.81,2023,2023-09,2023Q3,Sunday,Seniors (50+)
ORD-1940,CUST-197,58,Sports & Outdoors,Camping Tent,149.6,1,North,E-Wallet,Social Media,4.6,32.9,2023-09-11,149.6,0.3,44.88,2023,2023-09,2023Q3,Monday,Seniors (50+)
ORD-1963,CUST-169,41,Fashion,Women Dress,67.08,3,North,E-Wallet,Store Affiliate,3.2,73.04,2023-09-11,201.24,0.35,70.43,2023,2023-09,2023Q3,Monday,Middle-Aged (35-49)
ORD-2121,CUST-287,30,Books,Atomic Habits,12.5,1,South,Bank Transfer,Mobile App,4.4,112.82,2023-09-11,12.5,0.25,3.12,2023,2023-09,2023Q3,Monday,Young Adults (25-34)
ORD-1260,CUST-342,47,Books,Business Strategy,11.38,3,North,COD (Cash on Delivery),Website,4.4,93.1,2023-09-11,34.14,0.25,8.54,2023,2023-09,2023Q3,Monday,Middle-Aged (35-49)
ORD-2059,CUST-141,41,Beauty & Care,Lipstick Matte,42.92,2,North,Credit Card,Store Affiliate,3.7,68.01,2023-09-12,85.84,0.42,36.05,2023,2023-09,2023Q3,Tuesday,Middle-Aged (35-49)
ORD-2192,CUST-104,44,Sports & Outdoors,Dumbbell Set,26.04,4,North,E-Wallet,Website,4.4,56.38,2023-09-12,104.16,0.3,31.25,2023,2023-09,2023Q3,Tuesday,Middle-Aged (35-49)
ORD-1641,CUST-305,22,Fashion,Men T-Shirt,171.52,4,North,Bank Transfer,Social Media,4.9,30.51,2023-09-12,686.08,0.35,240.13,2023,2023-09,2023Q3,Tuesday,Gen Z (<25)
ORD-1139,CUST-333,45,Beauty & Care,Lipstick Matte,45.69,5,South,E-Wallet,Website,3.7,120.34,2023-09-13,228.45,0.42,95.95,2023,2023-09,2023Q3,Wednesday,Middle-Aged (35-49)
ORD-2044,CUST-155,53,Fashion,Men T-Shirt,130.27,5,Central,COD (Cash on Delivery),Store Affiliate,4.0,121.85,2023-09-13,651.35,0.35,227.97,2023,2023-09,2023Q3,Wednesday,Seniors (50+)
ORD-1111,CUST-143,28,Home & Kitchen,Non-Stick Pan,207.84,5,North,Bank Transfer,Social Media,3.2,15.39,2023-09-14,1039.2,0.28,290.98,2023,2023-09,2023Q3,Thursday,Young Adults (25-34)
ORD-1279,CUST-235,56,Electronics,Laptop Pro,1160.43,4,Central,COD (Cash on Delivery),Social Media,4.7,30.05,2023-09-14,4641.72,0.18,835.51,2023,2023-09,2023Q3,Thursday,Seniors (50+)
ORD-1351,CUST-219,39,Sports & Outdoors,Water Bottle,37.83,1,North,Credit Card,Website,4.8,29.16,2023-09-15,37.83,0.3,11.35,2023,2023-09,2023Q3,Friday,Middle-Aged (35-49)
ORD-1249,CUST-337,33,Fashion,Leather Jacket,34.41,2,Central,Credit Card,Store Affiliate,4.7,72.97,2023-09-15,68.82,0.35,24.09,2023,2023-09,2023Q3,Friday,Young Adults (25-34)
ORD-1447,CUST-345,61,Beauty & Care,Hair Dryer,67.07,4,Central,COD (Cash on Delivery),Mobile App,4.0,42.11,2023-09-16,268.28,0.42,112.68,2023,2023-09,2023Q3,Saturday,Seniors (50+)
ORD-1803,CUST-343,64,Home & Kitchen,Air Fryer,34.1,3,North,Credit Card,Store Affiliate,4.0,126.86,2023-09-16,102.3,0.28,28.64,2023,2023-09,2023Q3,Saturday,Seniors (50+)
ORD-1562,CUST-312,55,Home & Kitchen,Robot Vacuum,92.22,3,Central,Credit Card,Store Affiliate,4.7,122.44,2023-09-17,276.66,0.28,77.46,2023,2023-09,2023Q3,Sunday,Seniors (50+)
ORD-1236,CUST-141,21,Sports & Outdoors,Camping Tent,112.93,3,North,COD (Cash on Delivery),Social Media,4.9,87.97,2023-09-17,338.79,0.3,101.64,2023,2023-09,2023Q3,Sunday,Gen Z (<25)
ORD-2172,CUST-242,42,Books,Data Science Handbook,16.2,4,North,Bank Transfer,Mobile App,4.6,129.04,2023-09-17,64.8,0.25,16.2,2023,2023-09,2023Q3,Sunday,Middle-Aged (35-49)
ORD-1154,CUST-167,36,Books,Python Cookbook,36.76,4,North,COD (Cash on Delivery),Social Media,4.7,119.32,2023-09-17,147.04,0.25,36.76,2023,2023-09,2023Q3,Sunday,Middle-Aged (35-49)
ORD-1577,CUST-209,46,Home & Kitchen,Non-Stick Pan,44.4,5,North,Bank Transfer,Mobile App,4.5,83.26,2023-09-17,222.0,0.28,62.16,2023,2023-09,2023Q3,Sunday,Middle-Aged (35-49)
ORD-2079,CUST-312,60,Electronics,Smartphone X,692.86,5,North,Bank Transfer,Store Affiliate,3.2,58.49,2023-09-17,3464.3,0.18,623.57,2023,2023-09,2023Q3,Sunday,Seniors (50+)
ORD-1951,CUST-313,37,Electronics,Smartphone X,1110.76,3,South,E-Wallet,Mobile App,4.3,90.46,2023-09-18,3332.28,0.18,599.81,2023,2023-09,2023Q3,Monday,Middle-Aged (35-49)
ORD-1101,CUST-153,42,Sports & Outdoors,Water Bottle,138.32,3,North,COD (Cash on Delivery),Store Affiliate,4.9,35.17,2023-09-18,414.96,0.3,124.49,2023,2023-09,2023Q3,Monday,Middle-Aged (35-49)
ORD-1581,CUST-119,24,Electronics,Wireless Headphones,595.42,5,North,Credit Card,Social Media,4.2,82.71,2023-09-18,2977.1,0.18,535.88,2023,2023-09,2023Q3,Monday,Gen Z (<25)
ORD-1258,CUST-324,32,Fashion,Leather Jacket,35.97,1,North,Bank Transfer,Store Affiliate,4.4,21.73,2023-09-18,35.97,0.35,12.59,2023,2023-09,2023Q3,Monday,Young Adults (25-34)
ORD-1020,CUST-155,30,Sports & Outdoors,Water Bottle,28.82,3,North,E-Wallet,Mobile App,4.9,79.85,2023-09-19,86.46,0.3,25.94,2023,2023-09,2023Q3,Tuesday,Young Adults (25-34)
ORD-1806,CUST-272,56,Sports & Outdoors,Dumbbell Set,60.43,5,North,Bank Transfer,Social Media,3.9,39.49,2023-09-19,302.15,0.3,90.64,2023,2023-09,2023Q3,Tuesday,Seniors (50+)
ORD-1463,CUST-163,64,Home & Kitchen,Non-Stick Pan,177.46,4,North,E-Wallet,Website,4.5,118.14,2023-09-20,709.84,0.28,198.76,2023,2023-09,2023Q3,Wednesday,Seniors (50+)
ORD-1441,CUST-228,19,Electronics,Smart Watch,512.56,2,South,Credit Card,Website,4.0,82.61,2023-09-20,1025.12,0.18,184.52,2023,2023-09,2023Q3,Wednesday,Gen Z (<25)
ORD-1766,CUST-177,61,Fashion,Running Shoes,102.62,5,North,Bank Transfer,Mobile App,4.8,112.14,2023-09-21,513.1,0.35,179.58,2023,2023-09,2023Q3,Thursday,Seniors (50+)
ORD-1700,CUST-252,46,Beauty & Care,Lipstick Matte,34.74,3,Central,COD (Cash on Delivery),Mobile App,4.9,107.37,2023-09-21,104.22,0.42,43.77,2023,2023-09,2023Q3,Thursday,Middle-Aged (35-49)
ORD-1238,CUST-344,35,Electronics,Bluetooth Speaker,191.38,1,Central,Bank Transfer,Store Affiliate,3.5,26.66,2023-09-21,191.38,0.18,34.45,2023,2023-09,2023Q3,Thursday,Middle-Aged (35-49)
ORD-1102,CUST-271,57,Home & Kitchen,Blender 500W,177.81,1,North,E-Wallet,Website,3.0,117.24,2023-09-22,177.81,0.28,49.79,2023,2023-09,2023Q3,Friday,Seniors (50+)
ORD-1302,CUST-163,39,Home & Kitchen,Robot Vacuum,58.74,1,Central,Bank Transfer,Social Media,4.6,115.68,2023-09-22,58.74,0.28,16.45,2023,2023-09,2023Q3,Friday,Middle-Aged (35-49)
ORD-1564,CUST-111,64,Home & Kitchen,Blender 500W,210.86,1,South,COD (Cash on Delivery),Store Affiliate,4.8,114.86,2023-09-22,210.86,0.28,59.04,2023,2023-09,2023Q3,Friday,Seniors (50+)
ORD-1779,CUST-182,39,Beauty & Care,Lipstick Matte,42.17,5,North,COD (Cash on Delivery),Store Affiliate,4.0,136.21,2023-09-23,210.85,0.42,88.56,2023,2023-09,2023Q3,Saturday,Middle-Aged (35-49)
ORD-1977,CUST-335,46,Electronics,Smartphone X,633.76,3,North,E-Wallet,Social Media,3.9,92.62,2023-09-23,1901.28,0.18,342.23,2023,2023-09,2023Q3,Saturday,Middle-Aged (35-49)
ORD-2145,CUST-325,40,Books,Atomic Habits,40.75,4,North,E-Wallet,Store Affiliate,4.7,56.77,2023-09-23,163.0,0.25,40.75,2023,2023-09,2023Q3,Saturday,Middle-Aged (35-49)
ORD-1615,CUST-326,18,Books,Psychology Of Money,20.55,5,Central,Bank Transfer,Mobile App,3.3,66.46,2023-09-23,102.75,0.25,25.69,2023,2023-09,2023Q3,Saturday,Gen Z (<25)
ORD-1633,CUST-106,34,Sports & Outdoors,Yoga Mat,71.64,5,Central,Bank Transfer,Mobile App,3.6,131.99,2023-09-23,358.2,0.3,107.46,2023,2023-09,2023Q3,Saturday,Young Adults (25-34)
ORD-1000,CUST-263,60,Sports & Outdoors,Dumbbell Set,89.41,1,South,COD (Cash on Delivery),Website,4.9,80.48,2023-09-24,89.41,0.3,26.82,2023,2023-09,2023Q3,Sunday,Seniors (50+)
ORD-1722,CUST-237,45,Books,Psychology Of Money,27.86,4,South,Bank Transfer,Website,4.0,128.41,2023-09-24,111.44,0.25,27.86,2023,2023-09,2023Q3,Sunday,Middle-Aged (35-49)
ORD-1899,CUST-212,51,Fashion,Men T-Shirt,45.89,1,North,Credit Card,Mobile App,3.9,103.58,2023-09-24,45.89,0.35,16.06,2023,2023-09,2023Q3,Sunday,Seniors (50+)
ORD-2003,CUST-294,28,Beauty & Care,Face Sunscreen,83.24,3,South,Bank Transfer,Mobile App,4.2,44.81,2023-09-25,249.72,0.42,104.88,2023,2023-09,2023Q3,Monday,Young Adults (25-34)
ORD-1113,CUST-286,29,Electronics,Smart Watch,342.22,4,North,Credit Card,Store Affiliate,4.5,130.48,2023-09-25,1368.88,0.18,246.4,2023,2023-09,2023Q3,Monday,Young Adults (25-34)
ORD-1847,CUST-345,26,Sports & Outdoors,Bicycle Helmet,30.43,3,North,Credit Card,Mobile App,4.6,65.91,2023-09-25,91.29,0.3,27.39,2023,2023-09,2023Q3,Monday,Young Adults (25-34)
ORD-1932,CUST-249,49,Books,Psychology Of Money,30.98,4,North,E-Wallet,Social Media,3.4,101.57,2023-09-25,123.92,0.25,30.98,2023,2023-09,2023Q3,Monday,Middle-Aged (35-49)
ORD-1065,CUST-131,29,Beauty & Care,Moisturizer Cream,78.25,2,North,E-Wallet,Mobile App,4.2,63.38,2023-09-25,156.5,0.42,65.73,2023,2023-09,2023Q3,Monday,Young Adults (25-34)
ORD-1185,CUST-198,20,Electronics,Smartphone X,1082.37,1,North,Bank Transfer,Website,3.7,60.68,2023-09-25,1082.37,0.18,194.83,2023,2023-09,2023Q3,Monday,Gen Z (<25)
ORD-1144,CUST-180,27,Fashion,Running Shoes,134.51,4,North,Bank Transfer,Mobile App,4.5,146.29,2023-09-26,538.04,0.35,188.31,2023,2023-09,2023Q3,Tuesday,Young Adults (25-34)
ORD-1662,CUST-189,43,Sports & Outdoors,Bicycle Helmet,33.42,4,North,Credit Card,Mobile App,4.0,143.75,2023-09-26,133.68,0.3,40.1,2023,2023-09,2023Q3,Tuesday,Middle-Aged (35-49)
ORD-1819,CUST-118,49,Home & Kitchen,Non-Stick Pan,189.32,3,South,COD (Cash on Delivery),Mobile App,3.6,75.48,2023-09-26,567.96,0.28,159.03,2023,2023-09,2023Q3,Tuesday,Middle-Aged (35-49)
ORD-1901,CUST-282,43,Home & Kitchen,Robot Vacuum,118.12,2,South,COD (Cash on Delivery),Store Affiliate,3.1,108.87,2023-09-26,236.24,0.28,66.15,2023,2023-09,2023Q3,Tuesday,Middle-Aged (35-49)
ORD-1814,CUST-162,23,Fashion,Women Dress,147.14,4,North,Credit Card,Mobile App,3.9,126.18,2023-09-27,588.56,0.35,206.0,2023,2023-09,2023Q3,Wednesday,Gen Z (<25)
ORD-1485,CUST-271,30,Beauty & Care,Perfume 50Ml,64.84,2,South,COD (Cash on Delivery),Social Media,4.0,53.71,2023-09-28,129.68,0.42,54.47,2023,2023-09,2023Q3,Thursday,Young Adults (25-34)
ORD-1439,CUST-249,42,Beauty & Care,Face Sunscreen,61.81,2,North,Credit Card,Social Media,4.7,87.41,2023-09-28,123.62,0.42,51.92,2023,2023-09,2023Q3,Thursday,Middle-Aged (35-49)
ORD-1405,CUST-115,32,Books,Business Strategy,28.56,2,Central,Credit Card,Website,4.2,42.88,2023-09-29,57.12,0.25,14.28,2023,2023-09,2023Q3,Friday,Young Adults (25-34)
ORD-1818,CUST-296,45,Beauty & Care,Hair Dryer,34.84,2,North,Credit Card,Store Affiliate,4.3,46.15,2023-09-29,69.68,0.42,29.27,2023,2023-09,2023Q3,Friday,Middle-Aged (35-49)
ORD-1826,CUST-283,25,Books,Python Cookbook,17.08,2,South,Credit Card,Website,4.0,62.12,2023-09-29,34.16,0.25,8.54,2023,2023-09,2023Q3,Friday,Young Adults (25-34)
ORD-1821,CUST-206,46,Beauty & Care,Moisturizer Cream,49.01,1,North,E-Wallet,Social Media,4.6,26.14,2023-09-30,49.01,0.42,20.58,2023,2023-09,2023Q3,Saturday,Middle-Aged (35-49)
ORD-1461,CUST-327,34,Home & Kitchen,Air Fryer,35.56,2,North,COD (Cash on Delivery),Website,4.1,52.21,2023-09-30,71.12,0.28,19.91,2023,2023-09,2023Q3,Saturday,Young Adults (25-34)
ORD-1506,CUST-189,43,Books,Business Strategy,20.3,4,South,Credit Card,Store Affiliate,4.1,86.52,2023-09-30,81.2,0.25,20.3,2023,2023-09,2023Q3,Saturday,Middle-Aged (35-49)
ORD-2101,CUST-229,36,Fashion,Men T-Shirt,51.83,1,North,COD (Cash on Delivery),Social Media,4.0,33.34,2023-09-30,51.83,0.35,18.14,2023,2023-09,2023Q3,Saturday,Middle-Aged (35-49)
ORD-1243,CUST-100,42,Beauty & Care,Lipstick Matte,15.21,5,North,E-Wallet,Mobile App,3.6,149.18,2023-09-30,76.05,0.42,31.94,2023,2023-09,2023Q3,Saturday,Middle-Aged (35-49)
ORD-1010,CUST-273,39,Electronics,Smart Watch,1028.83,4,North,Credit Card,Store Affiliate,4.9,113.87,2023-10-01,4115.32,0.18,740.76,2023,2023-10,2023Q4,Sunday,Middle-Aged (35-49)
ORD-1158,CUST-243,62,Sports & Outdoors,Bicycle Helmet,101.81,5,International,Bank Transfer,Mobile App,3.2,40.08,2023-10-01,509.05,0.3,152.72,2023,2023-10,2023Q4,Sunday,Seniors (50+)
ORD-1522,CUST-235,42,Books,Business Strategy,21.29,2,International,Bank Transfer,Social Media,4.6,45.0,2023-10-01,42.58,0.25,10.64,2023,2023-10,2023Q4,Sunday,Middle-Aged (35-49)
ORD-1196,CUST-274,49,Electronics,Laptop Pro,287.77,4,South,Credit Card,Mobile App,3.0,101.47,2023-10-02,1151.08,0.18,207.19,2023,2023-10,2023Q4,Monday,Middle-Aged (35-49)
ORD-2175,CUST-342,23,Beauty & Care,Hair Dryer,62.69,4,North,Credit Card,Social Media,3.4,132.45,2023-10-02,250.76,0.42,105.32,2023,2023-10,2023Q4,Monday,Gen Z (<25)
ORD-1676,CUST-117,42,Books,Python Cookbook,30.45,4,South,E-Wallet,Social Media,3.1,75.25,2023-10-02,121.8,0.25,30.45,2023,2023-10,2023Q4,Monday,Middle-Aged (35-49)
ORD-2049,CUST-194,60,Fashion,Men T-Shirt,118.04,5,North,Bank Transfer,Social Media,4.0,114.56,2023-10-03,590.2,0.35,206.57,2023,2023-10,2023Q4,Tuesday,Seniors (50+)
ORD-1272,CUST-132,48,Fashion,Women Dress,90.03,5,Central,E-Wallet,Mobile App,4.9,135.62,2023-10-03,450.15,0.35,157.55,2023,2023-10,2023Q4,Tuesday,Middle-Aged (35-49)
ORD-1385,CUST-125,41,Beauty & Care,Lipstick Matte,69.12,1,South,Credit Card,Mobile App,4.3,77.33,2023-10-03,69.12,0.42,29.03,2023,2023-10,2023Q4,Tuesday,Middle-Aged (35-49)
ORD-2168,CUST-252,62,Sports & Outdoors,Yoga Mat,59.05,2,North,Bank Transfer,Mobile App,4.0,133.69,2023-10-03,118.1,0.3,35.43,2023,2023-10,2023Q4,Tuesday,Seniors (50+)
ORD-1159,CUST-237,37,Electronics,Smart Watch,815.16,3,Central,Credit Card,Store Affiliate,3.2,126.3,2023-10-03,2445.48,0.18,440.19,2023,2023-10,2023Q4,Tuesday,Middle-Aged (35-49)
ORD-1006,CUST-157,40,Books,Atomic Habits,40.78,4,North,Credit Card,Social Media,4.6,38.5,2023-10-03,163.12,0.25,40.78,2023,2023-10,2023Q4,Tuesday,Middle-Aged (35-49)
ORD-1526,CUST-241,61,Sports & Outdoors,Bicycle Helmet,107.74,2,Central,E-Wallet,Store Affiliate,3.7,111.22,2023-10-04,215.48,0.3,64.64,2023,2023-10,2023Q4,Wednesday,Seniors (50+)
ORD-1838,CUST-320,42,Fashion,Women Dress,97.16,3,North,COD (Cash on Delivery),Social Media,3.2,137.84,2023-10-04,291.48,0.35,102.02,2023,2023-10,2023Q4,Wednesday,Middle-Aged (35-49)
ORD-1689,CUST-107,56,Electronics,Bluetooth Speaker,1071.78,1,South,Credit Card,Social Media,4.3,10.79,2023-10-04,1071.78,0.18,192.92,2023,2023-10,2023Q4,Wednesday,Seniors (50+)
ORD-1807,CUST-179,23,Electronics,Bluetooth Speaker,240.04,5,South,Credit Card,Mobile App,3.9,108.31,2023-10-04,1200.2,0.18,216.04,2023,2023-10,2023Q4,Wednesday,Gen Z (<25)
ORD-2160,CUST-224,63,Fashion,Men T-Shirt,154.16,1,North,Bank Transfer,Mobile App,3.9,142.37,2023-10-04,154.16,0.35,53.96,2023,2023-10,2023Q4,Wednesday,Seniors (50+)
ORD-1659,CUST-309,19,Sports & Outdoors,Yoga Mat,82.66,5,Central,COD (Cash on Delivery),Store Affiliate,3.7,84.3,2023-10-04,413.3,0.3,123.99,2023,2023-10,2023Q4,Wednesday,Gen Z (<25)
ORD-1222,CUST-229,50,Fashion,Running Shoes,63.2,5,North,Bank Transfer,Mobile App,3.1,87.64,2023-10-04,316.0,0.35,110.6,2023,2023-10,2023Q4,Wednesday,Seniors (50+)
ORD-1911,CUST-138,25,Sports & Outdoors,Water Bottle,140.73,1,North,COD (Cash on Delivery),Social Media,4.3,69.44,2023-10-05,140.73,0.3,42.22,2023,2023-10,2023Q4,Thursday,Young Adults (25-34)
ORD-1786,CUST-221,43,Sports & Outdoors,Dumbbell Set,84.85,3,Central,Bank Transfer,Social Media,4.9,29.66,2023-10-06,254.55,0.3,76.36,2023,2023-10,2023Q4,Friday,Middle-Aged (35-49)
ORD-1626,CUST-141,18,Home & Kitchen,Air Fryer,150.06,4,North,COD (Cash on Delivery),Website,4.2,92.22,2023-10-07,600.24,0.28,168.07,2023,2023-10,2023Q4,Saturday,Gen Z (<25)
ORD-1761,CUST-291,32,Sports & Outdoors,Water Bottle,106.67,2,Central,Credit Card,Store Affiliate,4.0,107.48,2023-10-07,213.34,0.3,64.0,2023,2023-10,2023Q4,Saturday,Young Adults (25-34)
ORD-2038,CUST-132,43,Books,Psychology Of Money,23.78,2,South,Bank Transfer,Mobile App,4.8,36.83,2023-10-08,47.56,0.25,11.89,2023,2023-10,2023Q4,Sunday,Middle-Aged (35-49)
ORD-2116,CUST-217,42,Fashion,Running Shoes,149.23,3,South,Credit Card,Mobile App,4.8,148.9,2023-10-08,447.69,0.35,156.69,2023,2023-10,2023Q4,Sunday,Middle-Aged (35-49)
ORD-1793,CUST-268,65,Electronics,Smart Watch,319.19,1,South,E-Wallet,Social Media,4.9,107.66,2023-10-09,319.19,0.18,57.45,2023,2023-10,2023Q4,Monday,Seniors (50+)
ORD-1773,CUST-153,35,Fashion,Running Shoes,42.23,3,North,E-Wallet,Mobile App,4.5,62.43,2023-10-09,126.69,0.35,44.34,2023,2023-10,2023Q4,Monday,Middle-Aged (35-49)
ORD-1179,CUST-140,54,Books,Business Strategy,38.83,1,North,COD (Cash on Delivery),Mobile App,4.7,47.69,2023-10-10,38.83,0.25,9.71,2023,2023-10,2023Q4,Tuesday,Seniors (50+)
ORD-2140,CUST-162,27,Electronics,Laptop Pro,885.73,4,North,E-Wallet,Mobile App,3.0,72.92,2023-10-10,3542.92,0.18,637.73,2023,2023-10,2023Q4,Tuesday,Young Adults (25-34)
ORD-2183,CUST-294,51,Home & Kitchen,Blender 500W,127.21,2,North,Bank Transfer,Store Affiliate,3.2,74.57,2023-10-11,254.42,0.28,71.24,2023,2023-10,2023Q4,Wednesday,Seniors (50+)
ORD-1157,CUST-290,47,Beauty & Care,Perfume 50Ml,21.6,2,Central,Credit Card,Mobile App,4.6,58.17,2023-10-11,43.2,0.42,18.14,2023,2023-10,2023Q4,Wednesday,Middle-Aged (35-49)
ORD-2139,CUST-318,50,Sports & Outdoors,Yoga Mat,142.55,5,South,E-Wallet,Website,4.9,125.66,2023-10-12,712.75,0.3,213.82,2023,2023-10,2023Q4,Thursday,Seniors (50+)
ORD-1858,CUST-134,42,Electronics,Wireless Headphones,290.58,4,North,Bank Transfer,Store Affiliate,4.2,80.97,2023-10-12,1162.32,0.18,209.22,2023,2023-10,2023Q4,Thursday,Middle-Aged (35-49)
ORD-1459,CUST-130,30,Sports & Outdoors,Camping Tent,126.04,1,South,Credit Card,Social Media,4.0,77.89,2023-10-13,126.04,0.3,37.81,2023,2023-10,2023Q4,Friday,Young Adults (25-34)
ORD-2037,CUST-161,60,Books,Atomic Habits,27.59,4,North,Bank Transfer,Social Media,4.7,26.3,2023-10-13,110.36,0.25,27.59,2023,2023-10,2023Q4,Friday,Seniors (50+)
ORD-1346,CUST-268,57,Home & Kitchen,Coffee Maker,218.45,1,Central,E-Wallet,Social Media,3.8,102.56,2023-10-13,218.45,0.28,61.17,2023,2023-10,2023Q4,Friday,Seniors (50+)
ORD-1404,CUST-331,27,Home & Kitchen,Coffee Maker,139.74,5,North,Bank Transfer,Store Affiliate,4.0,67.68,2023-10-13,698.7,0.28,195.64,2023,2023-10,2023Q4,Friday,Young Adults (25-34)
ORD-2198,CUST-162,49,Beauty & Care,Hair Dryer,36.97,5,North,Bank Transfer,Social Media,3.5,14.53,2023-10-14,184.85,0.42,77.64,2023,2023-10,2023Q4,Saturday,Middle-Aged (35-49)
ORD-2082,CUST-126,26,Sports & Outdoors,Yoga Mat,62.5,3,North,E-Wallet,Website,3.2,113.96,2023-10-14,187.5,0.3,56.25,2023,2023-10,2023Q4,Saturday,Young Adults (25-34)
ORD-2084,CUST-297,42,Electronics,Bluetooth Speaker,746.23,1,South,E-Wallet,Website,4.2,107.68,2023-10-14,746.23,0.18,134.32,2023,2023-10,2023Q4,Saturday,Middle-Aged (35-49)
ORD-1347,CUST-210,62,Beauty & Care,Face Sunscreen,48.53,3,Central,E-Wallet,Website,3.4,132.86,2023-10-14,145.59,0.42,61.15,2023,2023-10,2023Q4,Saturday,Seniors (50+)
ORD-1395,CUST-317,29,Books,Atomic Habits,24.51,4,Central,Bank Transfer,Website,4.6,75.06,2023-10-15,98.04,0.25,24.51,2023,2023-10,2023Q4,Sunday,Young Adults (25-34)
ORD-1248,CUST-128,56,Electronics,Smart Watch,306.6,4,North,Bank Transfer,Social Media,3.5,67.24,2023-10-15,1226.4,0.18,220.75,2023,2023-10,2023Q4,Sunday,Seniors (50+)
ORD-1972,CUST-203,47,Home & Kitchen,Blender 500W,153.9,3,South,COD (Cash on Delivery),Store Affiliate,4.8,63.69,2023-10-15,461.7,0.28,129.28,2023,2023-10,2023Q4,Sunday,Middle-Aged (35-49)
ORD-1817,CUST-317,60,Books,Python Cookbook,33.09,5,North,Bank Transfer,Store Affiliate,4.2,118.28,2023-10-16,165.45,0.25,41.36,2023,2023-10,2023Q4,Monday,Seniors (50+)
ORD-1070,CUST-241,42,Fashion,Running Shoes,37.3,5,South,Credit Card,Social Media,4.7,121.94,2023-10-16,186.5,0.35,65.27,2023,2023-10,2023Q4,Monday,Middle-Aged (35-49)
ORD-1321,CUST-320,42,Home & Kitchen,Coffee Maker,84.69,1,South,COD (Cash on Delivery),Mobile App,3.8,72.22,2023-10-16,84.69,0.28,23.71,2023,2023-10,2023Q4,Monday,Middle-Aged (35-49)
ORD-1612,CUST-190,39,Books,Business Strategy,42.48,1,North,Bank Transfer,Mobile App,4.6,91.83,2023-10-17,42.48,0.25,10.62,2023,2023-10,2023Q4,Tuesday,Middle-Aged (35-49)
ORD-1974,CUST-142,42,Fashion,Men T-Shirt,141.2,3,North,Bank Transfer,Mobile App,3.1,31.05,2023-10-17,423.6,0.35,148.26,2023,2023-10,2023Q4,Tuesday,Middle-Aged (35-49)
ORD-1444,CUST-235,35,Fashion,Women Dress,124.01,3,North,Bank Transfer,Store Affiliate,4.9,31.98,2023-10-17,372.03,0.35,130.21,2023,2023-10,2023Q4,Tuesday,Middle-Aged (35-49)
ORD-1457,CUST-160,32,Fashion,Leather Jacket,65.75,3,South,E-Wallet,Social Media,5.0,24.35,2023-10-17,197.25,0.35,69.04,2023,2023-10,2023Q4,Tuesday,Young Adults (25-34)
ORD-1059,CUST-167,54,Beauty & Care,Moisturizer Cream,65.79,4,Central,Bank Transfer,Mobile App,3.3,141.32,2023-10-18,263.16,0.42,110.53,2023,2023-10,2023Q4,Wednesday,Seniors (50+)
ORD-1163,CUST-209,42,Beauty & Care,Face Sunscreen,17.83,5,North,E-Wallet,Store Affiliate,3.6,149.69,2023-10-18,89.15,0.42,37.44,2023,2023-10,2023Q4,Wednesday,Middle-Aged (35-49)
ORD-2011,CUST-164,56,Fashion,Denim Jeans,118.98,2,South,COD (Cash on Delivery),Mobile App,4.2,106.46,2023-10-18,237.96,0.35,83.29,2023,2023-10,2023Q4,Wednesday,Seniors (50+)
ORD-2141,CUST-312,45,Sports & Outdoors,Dumbbell Set,35.01,3,North,Credit Card,Mobile App,3.1,139.35,2023-10-18,105.03,0.3,31.51,2023,2023-10,2023Q4,Wednesday,Middle-Aged (35-49)
ORD-1075,CUST-326,58,Beauty & Care,Hair Dryer,34.59,4,North,Credit Card,Store Affiliate,4.7,57.25,2023-10-18,138.36,0.42,58.11,2023,2023-10,2023Q4,Wednesday,Seniors (50+)
ORD-2109,CUST-127,30,Electronics,Laptop Pro,923.35,5,International,E-Wallet,Website,3.7,42.86,2023-10-19,4616.75,0.18,831.02,2023,2023-10,2023Q4,Thursday,Young Adults (25-34)
ORD-1141,CUST-245,52,Sports & Outdoors,Bicycle Helmet,138.33,4,South,Credit Card,Store Affiliate,4.7,67.14,2023-10-19,553.32,0.3,166.0,2023,2023-10,2023Q4,Thursday,Seniors (50+)
ORD-1215,CUST-324,47,Books,Atomic Habits,26.6,5,North,Credit Card,Store Affiliate,3.7,98.57,2023-10-19,133.0,0.25,33.25,2023,2023-10,2023Q4,Thursday,Middle-Aged (35-49)
ORD-1289,CUST-276,18,Sports & Outdoors,Dumbbell Set,142.81,3,North,Bank Transfer,Store Affiliate,4.9,26.6,2023-10-20,428.43,0.3,128.53,2023,2023-10,2023Q4,Friday,Gen Z (<25)
ORD-1696,CUST-346,53,Home & Kitchen,Air Fryer,215.19,5,North,COD (Cash on Delivery),Mobile App,4.0,14.69,2023-10-20,1075.95,0.28,301.27,2023,2023-10,2023Q4,Friday,Seniors (50+)
ORD-1748,CUST-204,50,Fashion,Denim Jeans,92.74,3,Central,COD (Cash on Delivery),Mobile App,4.1,21.76,2023-10-20,278.22,0.35,97.38,2023,2023-10,2023Q4,Friday,Seniors (50+)
ORD-1393,CUST-337,29,Beauty & Care,Face Sunscreen,68.76,2,North,COD (Cash on Delivery),Website,4.0,102.74,2023-10-21,137.52,0.42,57.76,2023,2023-10,2023Q4,Saturday,Young Adults (25-34)
ORD-1465,CUST-252,61,Sports & Outdoors,Bicycle Helmet,118.77,5,North,E-Wallet,Store Affiliate,4.0,48.14,2023-10-21,593.85,0.3,178.16,2023,2023-10,2023Q4,Saturday,Seniors (50+)
ORD-2002,CUST-186,57,Books,Data Science Handbook,33.91,5,North,COD (Cash on Delivery),Website,4.3,113.42,2023-10-21,169.55,0.25,42.39,2023,2023-10,2023Q4,Saturday,Seniors (50+)
ORD-1400,CUST-223,61,Electronics,Smart Watch,623.03,5,Central,E-Wallet,Store Affiliate,4.9,118.32,2023-10-21,3115.15,0.18,560.73,2023,2023-10,2023Q4,Saturday,Seniors (50+)
ORD-1452,CUST-117,49,Sports & Outdoors,Yoga Mat,96.33,5,North,Bank Transfer,Website,3.0,112.67,2023-10-22,481.65,0.3,144.49,2023,2023-10,2023Q4,Sunday,Middle-Aged (35-49)
ORD-1490,CUST-337,50,Fashion,Women Dress,70.02,4,South,E-Wallet,Mobile App,4.8,38.37,2023-10-22,280.08,0.35,98.03,2023,2023-10,2023Q4,Sunday,Seniors (50+)
ORD-1986,CUST-269,21,Fashion,Running Shoes,70.52,4,South,Credit Card,Store Affiliate,3.8,61.39,2023-10-22,282.08,0.35,98.73,2023,2023-10,2023Q4,Sunday,Gen Z (<25)
ORD-2149,CUST-218,43,Electronics,Smartphone X,953.25,4,North,Credit Card,Social Media,3.1,63.67,2023-10-22,3813.0,0.18,686.34,2023,2023-10,2023Q4,Sunday,Middle-Aged (35-49)
ORD-2187,CUST-265,33,Fashion,Denim Jeans,20.01,5,North,COD (Cash on Delivery),Mobile App,4.0,121.55,2023-10-22,100.05,0.35,35.02,2023,2023-10,2023Q4,Sunday,Young Adults (25-34)
ORD-1511,CUST-194,18,Home & Kitchen,Robot Vacuum,143.05,3,North,Bank Transfer,Store Affiliate,3.1,42.5,2023-10-22,429.15,0.28,120.16,2023,2023-10,2023Q4,Sunday,Gen Z (<25)
ORD-1482,CUST-167,65,Books,Atomic Habits,37.45,1,Central,Credit Card,Social Media,3.6,120.97,2023-10-22,37.45,0.25,9.36,2023,2023-10,2023Q4,Sunday,Seniors (50+)
ORD-1513,CUST-140,52,Fashion,Denim Jeans,88.56,2,North,Bank Transfer,Website,4.2,88.84,2023-10-23,177.12,0.35,61.99,2023,2023-10,2023Q4,Monday,Seniors (50+)
ORD-1754,CUST-132,24,Sports & Outdoors,Yoga Mat,128.71,3,North,E-Wallet,Website,3.2,114.56,2023-10-23,386.13,0.3,115.84,2023,2023-10,2023Q4,Monday,Gen Z (<25)
ORD-1724,CUST-284,65,Books,Python Cookbook,27.58,1,North,Credit Card,Store Affiliate,4.0,99.25,2023-10-23,27.58,0.25,6.9,2023,2023-10,2023Q4,Monday,Seniors (50+)
ORD-1029,CUST-279,65,Beauty & Care,Moisturizer Cream,71.17,1,North,COD (Cash on Delivery),Mobile App,3.2,130.79,2023-10-24,71.17,0.42,29.89,2023,2023-10,2023Q4,Tuesday,Seniors (50+)
ORD-2169,CUST-279,26,Fashion,Running Shoes,91.18,4,Central,E-Wallet,Website,5.0,101.58,2023-10-24,364.72,0.35,127.65,2023,2023-10,2023Q4,Tuesday,Young Adults (25-34)
ORD-1732,CUST-117,53,Fashion,Denim Jeans,48.66,4,North,Bank Transfer,Website,3.3,127.22,2023-10-24,194.64,0.35,68.12,2023,2023-10,2023Q4,Tuesday,Seniors (50+)
ORD-1563,CUST-170,65,Beauty & Care,Perfume 50Ml,83.35,2,North,Credit Card,Social Media,5.0,78.21,2023-10-24,166.7,0.42,70.01,2023,2023-10,2023Q4,Tuesday,Seniors (50+)
ORD-1192,CUST-241,29,Home & Kitchen,Blender 500W,232.01,2,North,E-Wallet,Mobile App,4.3,60.66,2023-10-25,464.02,0.28,129.93,2023,2023-10,2023Q4,Wednesday,Young Adults (25-34)
ORD-2146,CUST-215,19,Sports & Outdoors,Yoga Mat,93.55,5,North,COD (Cash on Delivery),Mobile App,4.0,74.96,2023-10-25,467.75,0.3,140.32,2023,2023-10,2023Q4,Wednesday,Gen Z (<25)
ORD-2077,CUST-251,51,Books,Business Strategy,44.84,4,South,COD (Cash on Delivery),Website,3.8,11.76,2023-10-25,179.36,0.25,44.84,2023,2023-10,2023Q4,Wednesday,Seniors (50+)
ORD-1991,CUST-134,23,Beauty & Care,Lipstick Matte,33.62,1,Central,E-Wallet,Mobile App,3.7,51.46,2023-10-25,33.62,0.42,14.12,2023,2023-10,2023Q4,Wednesday,Gen Z (<25)
ORD-1217,CUST-167,38,Books,Psychology Of Money,34.33,5,North,Credit Card,Mobile App,5.0,135.98,2023-10-25,171.65,0.25,42.91,2023,2023-10,2023Q4,Wednesday,Middle-Aged (35-49)
ORD-1094,CUST-216,46,Beauty & Care,Perfume 50Ml,68.11,5,North,E-Wallet,Store Affiliate,3.5,40.5,2023-10-26,340.55,0.42,143.03,2023,2023-10,2023Q4,Thursday,Middle-Aged (35-49)
ORD-1962,CUST-156,21,Electronics,Smartphone X,226.01,2,South,Credit Card,Mobile App,4.4,122.34,2023-10-27,452.02,0.18,81.36,2023,2023-10,2023Q4,Friday,Gen Z (<25)
ORD-1503,CUST-167,61,Fashion,Denim Jeans,116.54,3,North,E-Wallet,Social Media,4.2,79.58,2023-10-27,349.62,0.35,122.37,2023,2023-10,2023Q4,Friday,Seniors (50+)
ORD-1887,CUST-292,28,Books,Atomic Habits,22.96,2,North,COD (Cash on Delivery),Social Media,3.5,38.47,2023-10-27,45.92,0.25,11.48,2023,2023-10,2023Q4,Friday,Young Adults (25-34)
ORD-1925,CUST-115,29,Beauty & Care,Perfume 50Ml,63.02,3,North,E-Wallet,Website,4.0,138.04,2023-10-27,189.06,0.42,79.41,2023,2023-10,2023Q4,Friday,Young Adults (25-34)
ORD-1191,CUST-348,35,Sports & Outdoors,Bicycle Helmet,143.51,5,North,COD (Cash on Delivery),Mobile App,4.2,133.23,2023-10-27,717.55,0.3,215.26,2023,2023-10,2023Q4,Friday,Middle-Aged (35-49)
ORD-1097,CUST-193,45,Beauty & Care,Hair Dryer,69.49,3,South,E-Wallet,Social Media,4.1,48.7,2023-10-27,208.47,0.42,87.56,2023,2023-10,2023Q4,Friday,Middle-Aged (35-49)
ORD-1110,CUST-262,23,Sports & Outdoors,Bicycle Helmet,57.33,3,North,Bank Transfer,Store Affiliate,4.4,26.02,2023-10-28,171.99,0.3,51.6,2023,2023-10,2023Q4,Saturday,Gen Z (<25)
ORD-1371,CUST-135,24,Books,Business Strategy,35.06,5,North,E-Wallet,Social Media,4.6,46.83,2023-10-28,175.3,0.25,43.82,2023,2023-10,2023Q4,Saturday,Gen Z (<25)
ORD-1223,CUST-333,18,Electronics,Laptop Pro,785.92,1,Central,COD (Cash on Delivery),Store Affiliate,3.3,140.22,2023-10-29,785.92,0.18,141.47,2023,2023-10,2023Q4,Sunday,Gen Z (<25)
ORD-1391,CUST-348,54,Electronics,Laptop Pro,629.9,5,North,COD (Cash on Delivery),Website,3.2,145.71,2023-10-29,3149.5,0.18,566.91,2023,2023-10,2023Q4,Sunday,Seniors (50+)
ORD-1210,CUST-140,36,Sports & Outdoors,Camping Tent,27.47,1,Central,E-Wallet,Mobile App,4.5,53.94,2023-10-29,27.47,0.3,8.24,2023,2023-10,2023Q4,Sunday,Middle-Aged (35-49)
ORD-1983,CUST-200,48,Books,Python Cookbook,44.8,5,Central,COD (Cash on Delivery),Website,4.0,49.44,2023-10-30,224.0,0.25,56.0,2023,2023-10,2023Q4,Monday,Middle-Aged (35-49)
ORD-2193,CUST-123,58,Beauty & Care,Lipstick Matte,84.16,5,North,Bank Transfer,Mobile App,4.9,138.82,2023-10-30,420.8,0.42,176.74,2023,2023-10,2023Q4,Monday,Seniors (50+)
ORD-1721,CUST-306,23,Beauty & Care,Face Sunscreen,49.85,4,North,Credit Card,Social Media,3.2,68.74,2023-10-30,199.4,0.42,83.75,2023,2023-10,2023Q4,Monday,Gen Z (<25)
ORD-1877,CUST-332,54,Beauty & Care,Hair Dryer,34.02,5,North,Bank Transfer,Store Affiliate,3.9,117.22,2023-10-30,170.1,0.42,71.44,2023,2023-10,2023Q4,Monday,Seniors (50+)
ORD-1965,CUST-224,22,Books,Business Strategy,38.1,1,Central,Credit Card,Social Media,3.8,76.3,2023-10-30,38.1,0.25,9.52,2023,2023-10,2023Q4,Monday,Gen Z (<25)
ORD-1558,CUST-113,65,Fashion,Running Shoes,166.55,5,Central,COD (Cash on Delivery),Mobile App,3.8,146.07,2023-10-30,832.75,0.35,291.46,2023,2023-10,2023Q4,Monday,Seniors (50+)
ORD-1360,CUST-203,20,Fashion,Leather Jacket,53.1,3,South,COD (Cash on Delivery),Store Affiliate,4.8,37.8,2023-10-31,159.3,0.35,55.76,2023,2023-10,2023Q4,Tuesday,Gen Z (<25)
ORD-1305,CUST-186,42,Electronics,Laptop Pro,581.85,2,North,Credit Card,Mobile App,4.0,144.38,2023-11-01,1163.7,0.18,209.47,2023,2023-11,2023Q4,Wednesday,Middle-Aged (35-49)
ORD-1863,CUST-243,53,Fashion,Leather Jacket,160.28,4,North,Credit Card,Social Media,3.6,14.0,2023-11-01,641.12,0.35,224.39,2023,2023-11,2023Q4,Wednesday,Seniors (50+)
ORD-1061,CUST-111,48,Fashion,Denim Jeans,83.54,4,International,E-Wallet,Social Media,4.0,90.16,2023-11-01,334.16,0.35,116.96,2023,2023-11,2023Q4,Wednesday,Middle-Aged (35-49)
ORD-1622,CUST-336,25,Beauty & Care,Moisturizer Cream,55.01,1,North,Credit Card,Social Media,3.8,49.2,2023-11-02,55.01,0.42,23.1,2023,2023-11,2023Q4,Thursday,Young Adults (25-34)
ORD-1661,CUST-217,48,Fashion,Men T-Shirt,66.5,4,South,Bank Transfer,Website,4.7,127.91,2023-11-03,266.0,0.35,93.1,2023,2023-11,2023Q4,Friday,Middle-Aged (35-49)
ORD-1904,CUST-169,39,Sports & Outdoors,Camping Tent,112.13,3,South,E-Wallet,Store Affiliate,3.7,27.99,2023-11-03,336.39,0.3,100.92,2023,2023-11,2023Q4,Friday,Middle-Aged (35-49)
ORD-2095,CUST-188,41,Beauty & Care,Perfume 50Ml,84.89,4,Central,Bank Transfer,Mobile App,4.2,61.69,2023-11-03,339.56,0.42,142.62,2023,2023-11,2023Q4,Friday,Middle-Aged (35-49)
ORD-1815,CUST-221,35,Books,Business Strategy,38.72,4,Central,Credit Card,Social Media,3.3,121.2,2023-11-04,154.88,0.25,38.72,2023,2023-11,2023Q4,Saturday,Middle-Aged (35-49)
ORD-1230,CUST-229,51,Sports & Outdoors,Bicycle Helmet,38.28,3,North,E-Wallet,Mobile App,4.9,28.53,2023-11-04,114.84,0.3,34.45,2023,2023-11,2023Q4,Saturday,Seniors (50+)
ORD-1935,CUST-105,55,Electronics,Wireless Headphones,327.96,1,International,Credit Card,Website,3.9,64.15,2023-11-05,327.96,0.18,59.03,2023,2023-11,2023Q4,Sunday,Seniors (50+)
ORD-1981,CUST-106,38,Books,Psychology Of Money,12.36,1,North,Bank Transfer,Store Affiliate,3.7,73.7,2023-11-05,12.36,0.25,3.09,2023,2023-11,2023Q4,Sunday,Middle-Aged (35-49)
ORD-1523,CUST-102,42,Electronics,Smartphone X,203.4,2,North,Bank Transfer,Store Affiliate,3.7,29.79,2023-11-05,406.8,0.18,73.22,2023,2023-11,2023Q4,Sunday,Middle-Aged (35-49)
ORD-2178,CUST-161,42,Books,Business Strategy,32.38,5,Central,Credit Card,Store Affiliate,4.3,138.99,2023-11-06,161.9,0.25,40.48,2023,2023-11,2023Q4,Monday,Middle-Aged (35-49)
ORD-1429,CUST-347,30,Electronics,Wireless Headphones,583.38,2,Central,Credit Card,Social Media,4.2,95.86,2023-11-06,1166.76,0.18,210.02,2023,2023-11,2023Q4,Monday,Young Adults (25-34)
ORD-1994,CUST-146,29,Home & Kitchen,Blender 500W,210.64,1,Central,E-Wallet,Mobile App,3.6,35.02,2023-11-06,210.64,0.28,58.98,2023,2023-11,2023Q4,Monday,Young Adults (25-34)
ORD-1370,CUST-214,45,Sports & Outdoors,Camping Tent,107.15,4,North,Credit Card,Mobile App,3.7,68.54,2023-11-07,428.6,0.3,128.58,2023,2023-11,2023Q4,Tuesday,Middle-Aged (35-49)
ORD-1973,CUST-285,55,Electronics,Wireless Headphones,958.47,5,North,E-Wallet,Website,4.0,104.46,2023-11-07,4792.35,0.18,862.62,2023,2023-11,2023Q4,Tuesday,Seniors (50+)
ORD-1646,CUST-163,55,Books,Python Cookbook,24.44,1,North,COD (Cash on Delivery),Website,3.4,17.31,2023-11-07,24.44,0.25,6.11,2023,2023-11,2023Q4,Tuesday,Seniors (50+)
ORD-1008,CUST-288,65,Home & Kitchen,Air Fryer,72.41,2,North,Bank Transfer,Mobile App,3.3,146.63,2023-11-07,144.82,0.28,40.55,2023,2023-11,2023Q4,Tuesday,Seniors (50+)
ORD-1966,CUST-107,59,Books,Python Cookbook,43.48,5,North,COD (Cash on Delivery),Social Media,3.1,56.91,2023-11-08,217.4,0.25,54.35,2023,2023-11,2023Q4,Wednesday,Seniors (50+)
ORD-1134,CUST-180,34,Books,Psychology Of Money,20.44,1,South,Credit Card,Mobile App,4.5,68.24,2023-11-08,20.44,0.25,5.11,2023,2023-11,2023Q4,Wednesday,Young Adults (25-34)
ORD-1086,CUST-174,44,Home & Kitchen,Coffee Maker,179.77,5,North,COD (Cash on Delivery),Social Media,4.1,47.03,2023-11-08,898.85,0.28,251.68,2023,2023-11,2023Q4,Wednesday,Middle-Aged (35-49)
ORD-1177,CUST-139,32,Electronics,Bluetooth Speaker,768.1,4,North,COD (Cash on Delivery),Website,4.7,83.42,2023-11-08,3072.4,0.18,553.03,2023,2023-11,2023Q4,Wednesday,Young Adults (25-34)
ORD-1298,CUST-330,46,Books,Python Cookbook,11.01,1,South,COD (Cash on Delivery),Social Media,4.9,103.3,2023-11-09,11.01,0.25,2.75,2023,2023-11,2023Q4,Thursday,Middle-Aged (35-49)
ORD-1467,CUST-258,58,Beauty & Care,Lipstick Matte,36.5,3,North,COD (Cash on Delivery),Social Media,3.0,119.77,2023-11-09,109.5,0.42,45.99,2023,2023-11,2023Q4,Thursday,Seniors (50+)
ORD-1839,CUST-297,32,Electronics,Bluetooth Speaker,286.85,1,South,Credit Card,Website,3.5,52.88,2023-11-09,286.85,0.18,51.63,2023,2023-11,2023Q4,Thursday,Young Adults (25-34)
ORD-1287,CUST-293,50,Home & Kitchen,Coffee Maker,183.16,4,Central,E-Wallet,Website,3.3,23.93,2023-11-09,732.64,0.28,205.14,2023,2023-11,2023Q4,Thursday,Seniors (50+)
ORD-1912,CUST-159,51,Beauty & Care,Moisturizer Cream,47.65,2,South,COD (Cash on Delivery),Store Affiliate,4.5,65.14,2023-11-09,95.3,0.42,40.03,2023,2023-11,2023Q4,Thursday,Seniors (50+)
ORD-2135,CUST-287,42,Beauty & Care,Perfume 50Ml,28.79,3,South,E-Wallet,Social Media,4.3,64.9,2023-11-10,86.37,0.42,36.28,2023,2023-11,2023Q4,Friday,Middle-Aged (35-49)
ORD-1862,CUST-235,50,Electronics,Laptop Pro,447.43,2,Central,COD (Cash on Delivery),Social Media,4.1,66.11,2023-11-10,894.86,0.18,161.07,2023,2023-11,2023Q4,Friday,Seniors (50+)
ORD-1801,CUST-123,41,Electronics,Smart Watch,779.33,1,South,E-Wallet,Store Affiliate,3.6,126.44,2023-11-10,779.33,0.18,140.28,2023,2023-11,2023Q4,Friday,Middle-Aged (35-49)
ORD-1691,CUST-324,24,Books,Data Science Handbook,22.56,4,North,COD (Cash on Delivery),Website,3.8,23.18,2023-11-11,90.24,0.25,22.56,2023,2023-11,2023Q4,Saturday,Gen Z (<25)
ORD-2108,CUST-225,42,Beauty & Care,Face Sunscreen,51.56,5,North,COD (Cash on Delivery),Website,3.5,78.71,2023-11-11,257.8,0.42,108.28,2023,2023-11,2023Q4,Saturday,Middle-Aged (35-49)
ORD-1225,CUST-322,52,Fashion,Leather Jacket,152.9,2,North,COD (Cash on Delivery),Store Affiliate,4.3,27.7,2023-11-11,305.8,0.35,107.03,2023,2023-11,2023Q4,Saturday,Seniors (50+)
ORD-1709,CUST-129,38,Electronics,Laptop Pro,769.54,3,South,COD (Cash on Delivery),Social Media,4.4,78.64,2023-11-11,2308.62,0.18,415.55,2023,2023-11,2023Q4,Saturday,Middle-Aged (35-49)
ORD-1265,CUST-308,63,Sports & Outdoors,Water Bottle,36.87,1,North,E-Wallet,Social Media,4.6,81.21,2023-11-12,36.87,0.3,11.06,2023,2023-11,2023Q4,Sunday,Seniors (50+)
ORD-2048,CUST-296,26,Beauty & Care,Moisturizer Cream,39.41,3,Central,E-Wallet,Store Affiliate,3.4,71.17,2023-11-12,118.23,0.42,49.66,2023,2023-11,2023Q4,Sunday,Young Adults (25-34)
ORD-1888,CUST-163,57,Sports & Outdoors,Camping Tent,94.36,5,North,E-Wallet,Mobile App,4.0,22.62,2023-11-12,471.8,0.3,141.54,2023,2023-11,2023Q4,Sunday,Seniors (50+)
ORD-2190,CUST-214,21,Sports & Outdoors,Camping Tent,67.99,5,North,COD (Cash on Delivery),Store Affiliate,4.8,25.56,2023-11-13,339.95,0.3,101.98,2023,2023-11,2023Q4,Monday,Gen Z (<25)
ORD-1627,CUST-349,40,Home & Kitchen,Robot Vacuum,241.23,5,South,E-Wallet,Mobile App,4.3,117.25,2023-11-13,1206.15,0.28,337.72,2023,2023-11,2023Q4,Monday,Middle-Aged (35-49)
ORD-1105,CUST-339,31,Beauty & Care,Hair Dryer,78.05,2,South,Credit Card,Website,3.8,27.81,2023-11-13,156.1,0.42,65.56,2023,2023-11,2023Q4,Monday,Young Adults (25-34)
ORD-1350,CUST-205,23,Sports & Outdoors,Camping Tent,106.67,4,North,Bank Transfer,Store Affiliate,4.9,11.12,2023-11-13,426.68,0.3,128.0,2023,2023-11,2023Q4,Monday,Gen Z (<25)
ORD-2088,CUST-253,62,Home & Kitchen,Robot Vacuum,209.04,4,North,E-Wallet,Social Media,4.8,129.32,2023-11-13,836.16,0.28,234.12,2023,2023-11,2023Q4,Monday,Seniors (50+)
ORD-1835,CUST-101,51,Sports & Outdoors,Bicycle Helmet,122.98,1,South,Credit Card,Mobile App,4.3,56.86,2023-11-13,122.98,0.3,36.89,2023,2023-11,2023Q4,Monday,Seniors (50+)
ORD-1648,CUST-140,46,Electronics,Smart Watch,688.18,3,North,Bank Transfer,Store Affiliate,3.4,71.56,2023-11-15,2064.54,0.18,371.62,2023,2023-11,2023Q4,Wednesday,Middle-Aged (35-49)
ORD-1759,CUST-197,35,Electronics,Smartphone X,836.36,4,South,Bank Transfer,Store Affiliate,5.0,57.8,2023-11-15,3345.44,0.18,602.18,2023,2023-11,2023Q4,Wednesday,Middle-Aged (35-49)
ORD-1493,CUST-118,34,Sports & Outdoors,Bicycle Helmet,56.42,1,North,COD (Cash on Delivery),Store Affiliate,4.2,76.0,2023-11-16,56.42,0.3,16.93,2023,2023-11,2023Q4,Thursday,Young Adults (25-34)
ORD-1151,CUST-264,56,Fashion,Men T-Shirt,63.76,5,South,E-Wallet,Website,4.0,95.27,2023-11-17,318.8,0.35,111.58,2023,2023-11,2023Q4,Friday,Seniors (50+)
ORD-1922,CUST-238,27,Beauty & Care,Face Sunscreen,59.81,4,North,E-Wallet,Social Media,3.6,125.25,2023-11-17,239.24,0.42,100.48,2023,2023-11,2023Q4,Friday,Young Adults (25-34)
ORD-1645,CUST-307,50,Fashion,Denim Jeans,75.02,5,South,Bank Transfer,Store Affiliate,4.6,135.43,2023-11-17,375.1,0.35,131.28,2023,2023-11,2023Q4,Friday,Seniors (50+)
ORD-2148,CUST-292,21,Home & Kitchen,Robot Vacuum,117.34,1,North,Bank Transfer,Social Media,4.1,137.02,2023-11-18,117.34,0.28,32.86,2023,2023-11,2023Q4,Saturday,Gen Z (<25)
ORD-1753,CUST-241,32,Beauty & Care,Hair Dryer,54.1,5,North,E-Wallet,Mobile App,3.3,34.22,2023-11-18,270.5,0.42,113.61,2023,2023-11,2023Q4,Saturday,Young Adults (25-34)
ORD-2006,CUST-171,36,Home & Kitchen,Coffee Maker,191.79,2,North,COD (Cash on Delivery),Mobile App,4.1,111.75,2023-11-18,383.58,0.28,107.4,2023,2023-11,2023Q4,Saturday,Middle-Aged (35-49)
ORD-1903,CUST-160,65,Electronics,Smartphone X,728.11,4,North,E-Wallet,Website,4.3,23.42,2023-11-18,2912.44,0.18,524.24,2023,2023-11,2023Q4,Saturday,Seniors (50+)
ORD-1021,CUST-159,38,Home & Kitchen,Air Fryer,111.94,5,South,E-Wallet,Website,3.7,14.73,2023-11-19,559.7,0.28,156.72,2023,2023-11,2023Q4,Sunday,Middle-Aged (35-49)
ORD-1233,CUST-139,49,Beauty & Care,Moisturizer Cream,34.72,3,North,Credit Card,Store Affiliate,3.9,136.6,2023-11-20,104.16,0.42,43.75,2023,2023-11,2023Q4,Monday,Middle-Aged (35-49)
ORD-1735,CUST-335,25,Beauty & Care,Moisturizer Cream,87.58,5,Central,Bank Transfer,Store Affiliate,3.7,109.3,2023-11-20,437.9,0.42,183.92,2023,2023-11,2023Q4,Monday,Young Adults (25-34)
ORD-1741,CUST-131,21,Beauty & Care,Moisturizer Cream,19.71,5,North,Bank Transfer,Website,4.0,66.44,2023-11-21,98.55,0.42,41.39,2023,2023-11,2023Q4,Tuesday,Gen Z (<25)
ORD-1076,CUST-320,61,Sports & Outdoors,Dumbbell Set,113.89,1,North,COD (Cash on Delivery),Mobile App,3.3,65.24,2023-11-21,113.89,0.3,34.17,2023,2023-11,2023Q4,Tuesday,Seniors (50+)
ORD-1199,CUST-274,40,Beauty & Care,Lipstick Matte,27.67,1,North,E-Wallet,Store Affiliate,4.0,68.64,2023-11-21,27.67,0.42,11.62,2023,2023-11,2023Q4,Tuesday,Middle-Aged (35-49)
ORD-1834,CUST-276,49,Beauty & Care,Hair Dryer,17.93,2,North,Credit Card,Website,4.7,69.0,2023-11-21,35.86,0.42,15.06,2023,2023-11,2023Q4,Tuesday,Middle-Aged (35-49)
ORD-1454,CUST-117,32,Home & Kitchen,Coffee Maker,121.85,2,North,Bank Transfer,Social Media,4.1,15.05,2023-11-21,243.7,0.28,68.24,2023,2023-11,2023Q4,Tuesday,Young Adults (25-34)
ORD-1833,CUST-267,55,Sports & Outdoors,Yoga Mat,101.84,5,South,Credit Card,Social Media,3.6,11.11,2023-11-22,509.2,0.3,152.76,2023,2023-11,2023Q4,Wednesday,Seniors (50+)
ORD-1224,CUST-127,60,Fashion,Men T-Shirt,41.95,1,North,COD (Cash on Delivery),Website,3.9,114.0,2023-11-22,41.95,0.35,14.68,2023,2023-11,2023Q4,Wednesday,Seniors (50+)
ORD-1270,CUST-296,44,Home & Kitchen,Blender 500W,67.51,2,Central,E-Wallet,Store Affiliate,3.6,57.76,2023-11-23,135.02,0.28,37.81,2023,2023-11,2023Q4,Thursday,Middle-Aged (35-49)
ORD-1142,CUST-324,42,Books,Atomic Habits,26.02,2,South,Bank Transfer,Mobile App,3.9,101.28,2023-11-23,52.04,0.25,13.01,2023,2023-11,2023Q4,Thursday,Middle-Aged (35-49)
ORD-1897,CUST-161,55,Books,Data Science Handbook,25.63,3,North,Credit Card,Social Media,4.6,107.83,2023-11-23,76.89,0.25,19.22,2023,2023-11,2023Q4,Thursday,Seniors (50+)
ORD-1945,CUST-176,27,Fashion,Women Dress,102.84,5,South,Credit Card,Website,4.7,106.05,2023-11-23,514.2,0.35,179.97,2023,2023-11,2023Q4,Thursday,Young Adults (25-34)
ORD-1680,CUST-189,53,Books,Psychology Of Money,24.99,1,Central,E-Wallet,Mobile App,4.9,88.37,2023-11-23,24.99,0.25,6.25,2023,2023-11,2023Q4,Thursday,Seniors (50+)
ORD-1090,CUST-321,32,Beauty & Care,Hair Dryer,34.46,3,South,Bank Transfer,Website,3.6,75.3,2023-11-23,103.38,0.42,43.42,2023,2023-11,2023Q4,Thursday,Young Adults (25-34)
ORD-2060,CUST-346,19,Fashion,Running Shoes,156.69,5,Central,Credit Card,Mobile App,3.8,28.17,2023-11-24,783.45,0.35,274.21,2023,2023-11,2023Q4,Friday,Gen Z (<25)
ORD-1950,CUST-344,42,Home & Kitchen,Robot Vacuum,212.55,2,North,E-Wallet,Mobile App,4.6,54.66,2023-11-24,425.1,0.28,119.03,2023,2023-11,2023Q4,Friday,Middle-Aged (35-49)
ORD-2055,CUST-283,59,Electronics,Laptop Pro,534.22,5,North,COD (Cash on Delivery),Store Affiliate,4.3,104.95,2023-11-24,2671.1,0.18,480.8,2023,2023-11,2023Q4,Friday,Seniors (50+)
ORD-1376,CUST-163,28,Sports & Outdoors,Yoga Mat,128.74,4,Central,Credit Card,Social Media,5.0,101.97,2023-11-24,514.96,0.3,154.49,2023,2023-11,2023Q4,Friday,Young Adults (25-34)
ORD-2081,CUST-162,57,Sports & Outdoors,Yoga Mat,123.17,4,Central,Bank Transfer,Website,3.6,74.67,2023-11-25,492.68,0.3,147.8,2023,2023-11,2023Q4,Saturday,Seniors (50+)
ORD-1043,CUST-208,42,Books,Data Science Handbook,36.87,2,South,Bank Transfer,Store Affiliate,3.6,137.04,2023-11-25,73.74,0.25,18.43,2023,2023-11,2023Q4,Saturday,Middle-Aged (35-49)
ORD-1784,CUST-154,54,Beauty & Care,Face Sunscreen,69.02,1,Central,COD (Cash on Delivery),Store Affiliate,4.5,108.83,2023-11-25,69.02,0.42,28.99,2023,2023-11,2023Q4,Saturday,Seniors (50+)
ORD-1433,CUST-238,33,Sports & Outdoors,Bicycle Helmet,112.69,2,Central,COD (Cash on Delivery),Social Media,3.2,111.11,2023-11-25,225.38,0.3,67.61,2023,2023-11,2023Q4,Saturday,Young Adults (25-34)
ORD-1221,CUST-145,43,Sports & Outdoors,Dumbbell Set,107.81,2,Central,Credit Card,Store Affiliate,3.6,46.87,2023-11-26,215.62,0.3,64.69,2023,2023-11,2023Q4,Sunday,Middle-Aged (35-49)
ORD-1108,CUST-118,34,Sports & Outdoors,Dumbbell Set,37.2,1,North,Bank Transfer,Mobile App,4.5,96.51,2023-11-26,37.2,0.3,11.16,2023,2023-11,2023Q4,Sunday,Young Adults (25-34)
ORD-1984,CUST-251,50,Fashion,Running Shoes,128.31,3,South,Bank Transfer,Mobile App,4.0,27.02,2023-11-26,384.93,0.35,134.73,2023,2023-11,2023Q4,Sunday,Seniors (50+)
ORD-2182,CUST-242,56,Books,Data Science Handbook,38.16,2,North,Bank Transfer,Mobile App,4.0,38.98,2023-11-27,76.32,0.25,19.08,2023,2023-11,2023Q4,Monday,Seniors (50+)
ORD-1240,CUST-336,42,Beauty & Care,Hair Dryer,30.58,3,Central,COD (Cash on Delivery),Social Media,3.2,135.77,2023-11-27,91.74,0.42,38.53,2023,2023-11,2023Q4,Monday,Middle-Aged (35-49)
ORD-1874,CUST-229,38,Fashion,Women Dress,77.96,5,North,COD (Cash on Delivery),Mobile App,4.9,144.39,2023-11-27,389.8,0.35,136.43,2023,2023-11,2023Q4,Monday,Middle-Aged (35-49)
ORD-1329,CUST-154,55,Beauty & Care,Hair Dryer,63.25,5,North,COD (Cash on Delivery),Mobile App,5.0,21.07,2023-11-27,316.25,0.42,132.82,2023,2023-11,2023Q4,Monday,Seniors (50+)
ORD-1117,CUST-197,18,Home & Kitchen,Robot Vacuum,108.16,5,Central,Credit Card,Website,4.2,18.51,2023-11-28,540.8,0.28,151.42,2023,2023-11,2023Q4,Tuesday,Gen Z (<25)
ORD-1481,CUST-161,38,Books,Data Science Handbook,18.32,1,Central,Credit Card,Mobile App,4.1,113.02,2023-11-28,18.32,0.25,4.58,2023,2023-11,2023Q4,Tuesday,Middle-Aged (35-49)
ORD-2128,CUST-335,41,Beauty & Care,Lipstick Matte,35.34,3,North,Credit Card,Mobile App,3.2,60.84,2023-11-28,106.02,0.42,44.53,2023,2023-11,2023Q4,Tuesday,Middle-Aged (35-49)
ORD-1009,CUST-126,53,Beauty & Care,Perfume 50Ml,77.47,2,Central,Bank Transfer,Store Affiliate,4.7,42.28,2023-11-28,154.94,0.42,65.07,2023,2023-11,2023Q4,Tuesday,Seniors (50+)
ORD-2039,CUST-221,26,Beauty & Care,Moisturizer Cream,66.48,3,North,Bank Transfer,Store Affiliate,3.6,46.54,2023-11-28,199.44,0.42,83.76,2023,2023-11,2023Q4,Tuesday,Young Adults (25-34)
ORD-1606,CUST-191,42,Books,Data Science Handbook,32.45,1,Central,E-Wallet,Social Media,4.0,41.64,2023-11-28,32.45,0.25,8.11,2023,2023-11,2023Q4,Tuesday,Middle-Aged (35-49)
ORD-1999,CUST-154,46,Beauty & Care,Face Sunscreen,82.07,5,North,Credit Card,Mobile App,4.3,93.41,2023-11-28,410.35,0.42,172.35,2023,2023-11,2023Q4,Tuesday,Middle-Aged (35-49)
ORD-1136,CUST-168,55,Electronics,Smartphone X,1046.95,4,North,COD (Cash on Delivery),Store Affiliate,4.9,132.62,2023-11-29,4187.8,0.18,753.8,2023,2023-11,2023Q4,Wednesday,Seniors (50+)
ORD-1022,CUST-229,25,Electronics,Smartphone X,773.75,3,South,COD (Cash on Delivery),Store Affiliate,4.4,48.92,2023-11-29,2321.25,0.18,417.82,2023,2023-11,2023Q4,Wednesday,Young Adults (25-34)
ORD-1468,CUST-120,24,Books,Data Science Handbook,18.77,2,South,COD (Cash on Delivery),Social Media,4.0,101.74,2023-11-29,37.54,0.25,9.38,2023,2023-11,2023Q4,Wednesday,Gen Z (<25)
ORD-1477,CUST-152,64,Beauty & Care,Moisturizer Cream,70.46,1,South,Credit Card,Social Media,3.5,12.06,2023-11-30,70.46,0.42,29.59,2023,2023-11,2023Q4,Thursday,Seniors (50+)
ORD-1595,CUST-132,31,Fashion,Women Dress,147.07,3,Central,Credit Card,Mobile App,4.4,146.78,2023-11-30,441.21,0.35,154.42,2023,2023-11,2023Q4,Thursday,Young Adults (25-34)
ORD-1170,CUST-230,42,Sports & Outdoors,Camping Tent,109.59,3,North,Bank Transfer,Social Media,3.5,86.75,2023-11-30,328.77,0.3,98.63,2023,2023-11,2023Q4,Thursday,Middle-Aged (35-49)
ORD-1508,CUST-117,41,Fashion,Women Dress,129.23,1,North,Credit Card,Store Affiliate,4.3,41.37,2023-12-01,129.23,0.35,45.23,2023,2023-12,2023Q4,Friday,Middle-Aged (35-49)
ORD-1765,CUST-245,42,Sports & Outdoors,Water Bottle,138.41,5,North,COD (Cash on Delivery),Social Media,4.4,22.68,2023-12-02,692.05,0.3,207.61,2023,2023-12,2023Q4,Saturday,Middle-Aged (35-49)
ORD-1957,CUST-304,22,Beauty & Care,Perfume 50Ml,84.73,3,Central,E-Wallet,Store Affiliate,4.3,117.99,2023-12-02,254.19,0.42,106.76,2023,2023-12,2023Q4,Saturday,Gen Z (<25)
ORD-1034,CUST-250,51,Home & Kitchen,Robot Vacuum,155.9,5,South,COD (Cash on Delivery),Website,3.4,70.35,2023-12-03,779.5,0.28,218.26,2023,2023-12,2023Q4,Sunday,Seniors (50+)
ORD-1688,CUST-340,50,Home & Kitchen,Blender 500W,191.25,3,North,Credit Card,Social Media,3.2,83.64,2023-12-03,573.75,0.28,160.65,2023,2023-12,2023Q4,Sunday,Seniors (50+)
ORD-1532,CUST-324,38,Sports & Outdoors,Camping Tent,52.5,4,South,Bank Transfer,Mobile App,3.9,57.3,2023-12-03,210.0,0.3,63.0,2023,2023-12,2023Q4,Sunday,Middle-Aged (35-49)
ORD-1704,CUST-301,47,Home & Kitchen,Non-Stick Pan,34.1,2,South,E-Wallet,Mobile App,3.5,125.27,2023-12-04,68.2,0.28,19.1,2023,2023-12,2023Q4,Monday,Middle-Aged (35-49)
ORD-1363,CUST-304,33,Home & Kitchen,Non-Stick Pan,109.94,2,Central,E-Wallet,Store Affiliate,4.0,130.0,2023-12-04,219.88,0.28,61.57,2023,2023-12,2023Q4,Monday,Young Adults (25-34)
ORD-1730,CUST-193,55,Home & Kitchen,Non-Stick Pan,143.11,4,North,Credit Card,Website,3.4,95.96,2023-12-05,572.44,0.28,160.28,2023,2023-12,2023Q4,Tuesday,Seniors (50+)
ORD-1907,CUST-328,28,Fashion,Denim Jeans,174.33,3,North,E-Wallet,Website,4.0,118.26,2023-12-05,522.99,0.35,183.05,2023,2023-12,2023Q4,Tuesday,Young Adults (25-34)
ORD-1624,CUST-160,19,Books,Python Cookbook,23.68,4,North,Credit Card,Mobile App,3.2,24.33,2023-12-05,94.72,0.25,23.68,2023,2023-12,2023Q4,Tuesday,Gen Z (<25)
ORD-1337,CUST-221,64,Beauty & Care,Lipstick Matte,87.76,4,South,Bank Transfer,Website,4.9,118.79,2023-12-05,351.04,0.42,147.44,2023,2023-12,2023Q4,Tuesday,Seniors (50+)
ORD-1299,CUST-232,52,Sports & Outdoors,Dumbbell Set,110.56,5,North,Credit Card,Store Affiliate,4.9,29.74,2023-12-06,552.8,0.3,165.84,2023,2023-12,2023Q4,Wednesday,Seniors (50+)
ORD-2096,CUST-236,61,Fashion,Women Dress,61.23,1,North,Bank Transfer,Mobile App,4.7,50.86,2023-12-06,61.23,0.35,21.43,2023,2023-12,2023Q4,Wednesday,Seniors (50+)
ORD-1775,CUST-301,29,Sports & Outdoors,Camping Tent,34.64,3,North,E-Wallet,Store Affiliate,5.0,111.4,2023-12-06,103.92,0.3,31.18,2023,2023-12,2023Q4,Wednesday,Young Adults (25-34)
ORD-1148,CUST-201,21,Books,Atomic Habits,16.19,1,North,Credit Card,Mobile App,3.1,140.24,2023-12-07,16.19,0.25,4.05,2023,2023-12,2023Q4,Thursday,Gen Z (<25)
ORD-1939,CUST-247,59,Sports & Outdoors,Dumbbell Set,44.68,5,South,Credit Card,Social Media,5.0,69.04,2023-12-07,223.4,0.3,67.02,2023,2023-12,2023Q4,Thursday,Seniors (50+)
ORD-1967,CUST-199,23,Sports & Outdoors,Yoga Mat,134.51,5,South,E-Wallet,Store Affiliate,3.9,84.9,2023-12-07,672.55,0.3,201.76,2023,2023-12,2023Q4,Thursday,Gen Z (<25)
ORD-1978,CUST-132,54,Books,Data Science Handbook,30.54,5,North,E-Wallet,Website,4.4,37.67,2023-12-08,152.7,0.25,38.17,2023,2023-12,2023Q4,Friday,Seniors (50+)
ORD-2118,CUST-139,51,Books,Psychology Of Money,32.09,3,North,E-Wallet,Mobile App,3.1,35.01,2023-12-08,96.27,0.25,24.07,2023,2023-12,2023Q4,Friday,Seniors (50+)
ORD-1777,CUST-255,62,Electronics,Wireless Headphones,372.09,1,South,E-Wallet,Social Media,4.3,127.22,2023-12-09,372.09,0.18,66.98,2023,2023-12,2023Q4,Saturday,Seniors (50+)
ORD-1859,CUST-305,52,Books,Data Science Handbook,26.7,1,South,Bank Transfer,Website,4.4,68.94,2023-12-09,26.7,0.25,6.68,2023,2023-12,2023Q4,Saturday,Seniors (50+)
ORD-1125,CUST-183,32,Beauty & Care,Hair Dryer,50.29,4,Central,E-Wallet,Store Affiliate,3.2,94.08,2023-12-09,201.16,0.42,84.49,2023,2023-12,2023Q4,Saturday,Young Adults (25-34)
ORD-1720,CUST-336,23,Fashion,Leather Jacket,66.56,4,South,E-Wallet,Mobile App,4.5,28.43,2023-12-09,266.24,0.35,93.18,2023,2023-12,2023Q4,Saturday,Gen Z (<25)
ORD-1692,CUST-348,42,Electronics,Smart Watch,470.75,5,South,COD (Cash on Delivery),Website,3.6,61.64,2023-12-09,2353.75,0.18,423.68,2023,2023-12,2023Q4,Saturday,Middle-Aged (35-49)
ORD-1635,CUST-288,26,Sports & Outdoors,Yoga Mat,94.19,4,North,Credit Card,Social Media,4.1,76.28,2023-12-09,376.76,0.3,113.03,2023,2023-12,2023Q4,Saturday,Young Adults (25-34)
ORD-2008,CUST-343,44,Beauty & Care,Face Sunscreen,30.51,1,Central,Bank Transfer,Website,3.6,70.35,2023-12-09,30.51,0.42,12.81,2023,2023-12,2023Q4,Saturday,Middle-Aged (35-49)
ORD-1290,CUST-151,42,Electronics,Wireless Headphones,317.37,3,Central,Bank Transfer,Website,3.2,48.34,2023-12-11,952.11,0.18,171.38,2023,2023-12,2023Q4,Monday,Middle-Aged (35-49)
ORD-1080,CUST-280,54,Books,Python Cookbook,36.79,4,North,COD (Cash on Delivery),Mobile App,3.2,119.54,2023-12-11,147.16,0.25,36.79,2023,2023-12,2023Q4,Monday,Seniors (50+)
ORD-1992,CUST-321,50,Sports & Outdoors,Camping Tent,36.63,1,North,Credit Card,Website,4.4,124.68,2023-12-11,36.63,0.3,10.99,2023,2023-12,2023Q4,Monday,Seniors (50+)
ORD-1893,CUST-299,42,Home & Kitchen,Robot Vacuum,191.87,1,South,COD (Cash on Delivery),Website,4.5,76.83,2023-12-11,191.87,0.28,53.72,2023,2023-12,2023Q4,Monday,Middle-Aged (35-49)
ORD-1504,CUST-133,64,Electronics,Wireless Headphones,964.95,3,North,Bank Transfer,Mobile App,4.2,65.11,2023-12-12,2894.85,0.18,521.07,2023,2023-12,2023Q4,Tuesday,Seniors (50+)
ORD-1425,CUST-139,62,Books,Data Science Handbook,43.73,3,North,COD (Cash on Delivery),Website,4.0,33.31,2023-12-13,131.19,0.25,32.8,2023,2023-12,2023Q4,Wednesday,Seniors (50+)
ORD-1247,CUST-104,58,Sports & Outdoors,Camping Tent,108.63,5,North,Credit Card,Website,4.3,72.85,2023-12-14,543.15,0.3,162.94,2023,2023-12,2023Q4,Thursday,Seniors (50+)
ORD-1831,CUST-162,61,Electronics,Laptop Pro,251.11,3,North,Credit Card,Store Affiliate,3.5,98.13,2023-12-15,753.33,0.18,135.6,2023,2023-12,2023Q4,Friday,Seniors (50+)
ORD-1809,CUST-306,27,Beauty & Care,Lipstick Matte,89.46,2,North,E-Wallet,Store Affiliate,4.6,123.53,2023-12-15,178.92,0.42,75.15,2023,2023-12,2023Q4,Friday,Young Adults (25-34)
ORD-2023,CUST-117,34,Fashion,Denim Jeans,98.77,1,North,Bank Transfer,Mobile App,4.5,133.49,2023-12-16,98.77,0.35,34.57,2023,2023-12,2023Q4,Saturday,Young Adults (25-34)
ORD-1285,CUST-337,44,Fashion,Leather Jacket,147.51,5,Central,Credit Card,Website,3.9,90.52,2023-12-17,737.55,0.35,258.14,2023,2023-12,2023Q4,Sunday,Middle-Aged (35-49)
ORD-1471,CUST-249,20,Beauty & Care,Face Sunscreen,37.14,2,South,Credit Card,Website,3.2,47.8,2023-12-17,74.28,0.42,31.2,2023,2023-12,2023Q4,Sunday,Gen Z (<25)
ORD-1271,CUST-132,48,Fashion,Denim Jeans,77.2,5,South,Credit Card,Store Affiliate,5.0,88.98,2023-12-18,386.0,0.35,135.1,2023,2023-12,2023Q4,Monday,Middle-Aged (35-49)
ORD-1053,CUST-197,62,Home & Kitchen,Robot Vacuum,171.4,1,Central,COD (Cash on Delivery),Website,4.1,18.0,2023-12-19,171.4,0.28,47.99,2023,2023-12,2023Q4,Tuesday,Seniors (50+)
ORD-1365,CUST-127,61,Sports & Outdoors,Camping Tent,52.86,5,Central,Credit Card,Store Affiliate,3.5,10.45,2023-12-19,264.3,0.3,79.29,2023,2023-12,2023Q4,Tuesday,Seniors (50+)
ORD-1173,CUST-293,56,Home & Kitchen,Non-Stick Pan,182.58,3,North,Credit Card,Social Media,4.0,128.66,2023-12-20,547.74,0.28,153.37,2023,2023-12,2023Q4,Wednesday,Seniors (50+)
ORD-1169,CUST-135,20,Fashion,Leather Jacket,50.49,4,North,Bank Transfer,Store Affiliate,3.9,90.42,2023-12-20,201.96,0.35,70.69,2023,2023-12,2023Q4,Wednesday,Gen Z (<25)
ORD-1407,CUST-197,58,Beauty & Care,Perfume 50Ml,85.15,1,North,Bank Transfer,Social Media,4.4,81.05,2023-12-20,85.15,0.42,35.76,2023,2023-12,2023Q4,Wednesday,Seniors (50+)
ORD-2163,CUST-304,27,Books,Psychology Of Money,40.11,2,North,E-Wallet,Store Affiliate,4.2,89.7,2023-12-21,80.22,0.25,20.06,2023,2023-12,2023Q4,Thursday,Young Adults (25-34)
ORD-1928,CUST-207,59,Beauty & Care,Hair Dryer,64.27,5,North,COD (Cash on Delivery),Social Media,3.0,36.32,2023-12-21,321.35,0.42,134.97,2023,2023-12,2023Q4,Thursday,Seniors (50+)
ORD-1486,CUST-265,26,Home & Kitchen,Blender 500W,233.83,4,North,Credit Card,Social Media,3.8,55.32,2023-12-21,935.32,0.28,261.89,2023,2023-12,2023Q4,Thursday,Young Adults (25-34)
ORD-1825,CUST-149,50,Books,Atomic Habits,13.8,1,South,COD (Cash on Delivery),Mobile App,4.2,92.15,2023-12-22,13.8,0.25,3.45,2023,2023-12,2023Q4,Friday,Seniors (50+)
ORD-2123,CUST-347,26,Electronics,Smart Watch,389.63,5,South,Bank Transfer,Social Media,3.1,67.19,2023-12-22,1948.15,0.18,350.67,2023,2023-12,2023Q4,Friday,Young Adults (25-34)
ORD-1083,CUST-269,33,Home & Kitchen,Blender 500W,999.99,2,South,COD (Cash on Delivery),Store Affiliate,4.7,27.4,2023-12-22,1999.98,0.28,559.99,2023,2023-12,2023Q4,Friday,Young Adults (25-34)
ORD-1044,CUST-187,42,Books,Atomic Habits,10.31,1,South,Bank Transfer,Mobile App,3.3,123.43,2023-12-22,10.31,0.25,2.58,2023,2023-12,2023Q4,Friday,Middle-Aged (35-49)
ORD-1618,CUST-349,26,Sports & Outdoors,Water Bottle,79.71,4,North,Credit Card,Social Media,4.7,102.31,2023-12-22,318.84,0.3,95.65,2023,2023-12,2023Q4,Friday,Young Adults (25-34)
ORD-2089,CUST-306,57,Sports & Outdoors,Yoga Mat,84.57,1,South,Bank Transfer,Mobile App,3.5,145.48,2023-12-23,84.57,0.3,25.37,2023,2023-12,2023Q4,Saturday,Seniors (50+)
ORD-2032,CUST-151,27,Books,Python Cookbook,30.18,1,Central,COD (Cash on Delivery),Mobile App,3.2,45.96,2023-12-24,30.18,0.25,7.54,2023,2023-12,2023Q4,Sunday,Young Adults (25-34)
ORD-1411,CUST-337,42,Electronics,Wireless Headphones,1117.22,5,Central,Credit Card,Mobile App,4.5,118.05,2023-12-25,5586.1,0.18,1005.5,2023,2023-12,2023Q4,Monday,Middle-Aged (35-49)
ORD-2080,CUST-260,39,Electronics,Wireless Headphones,906.59,5,Central,Credit Card,Store Affiliate,4.6,72.21,2023-12-25,4532.95,0.18,815.93,2023,2023-12,2023Q4,Monday,Middle-Aged (35-49)
ORD-2181,CUST-225,64,Sports & Outdoors,Bicycle Helmet,92.46,3,Central,COD (Cash on Delivery),Mobile App,4.2,135.22,2023-12-26,277.38,0.3,83.21,2023,2023-12,2023Q4,Tuesday,Seniors (50+)
ORD-2166,CUST-171,36,Home & Kitchen,Robot Vacuum,244.5,2,South,COD (Cash on Delivery),Store Affiliate,4.8,61.84,2023-12-26,489.0,0.28,136.92,2023,2023-12,2023Q4,Tuesday,Middle-Aged (35-49)
ORD-1941,CUST-222,57,Fashion,Women Dress,144.75,3,North,COD (Cash on Delivery),Mobile App,4.0,105.53,2023-12-26,434.25,0.35,151.99,2023,2023-12,2023Q4,Tuesday,Seniors (50+)
ORD-1598,CUST-193,42,Books,Atomic Habits,17.97,4,North,E-Wallet,Store Affiliate,3.4,107.17,2023-12-26,71.88,0.25,17.97,2023,2023-12,2023Q4,Tuesday,Middle-Aged (35-49)
ORD-1426,CUST-148,34,Sports & Outdoors,Bicycle Helmet,146.31,5,North,Credit Card,Store Affiliate,4.9,38.87,2023-12-27,731.55,0.3,219.46,2023,2023-12,2023Q4,Wednesday,Young Adults (25-34)
ORD-1334,CUST-325,51,Beauty & Care,Lipstick Matte,20.61,3,North,Bank Transfer,Social Media,3.8,48.66,2023-12-27,61.83,0.42,25.97,2023,2023-12,2023Q4,Wednesday,Seniors (50+)
ORD-2152,CUST-271,33,Home & Kitchen,Non-Stick Pan,64.16,5,North,E-Wallet,Store Affiliate,3.9,67.44,2023-12-28,320.8,0.28,89.82,2023,2023-12,2023Q4,Thursday,Young Adults (25-34)
ORD-1366,CUST-163,36,Beauty & Care,Moisturizer Cream,49.08,2,North,COD (Cash on Delivery),Social Media,4.8,19.42,2023-12-28,98.16,0.42,41.23,2023,2023-12,2023Q4,Thursday,Middle-Aged (35-49)
ORD-2173,CUST-102,57,Sports & Outdoors,Bicycle Helmet,99.7,5,South,COD (Cash on Delivery),Store Affiliate,3.2,32.59,2023-12-29,498.5,0.3,149.55,2023,2023-12,2023Q4,Friday,Seniors (50+)
ORD-1857,CUST-216,26,Electronics,Bluetooth Speaker,252.6,4,Central,Bank Transfer,Social Media,3.6,136.12,2023-12-29,1010.4,0.18,181.87,2023,2023-12,2023Q4,Friday,Young Adults (25-34)
ORD-2065,CUST-337,42,Fashion,Women Dress,56.57,3,South,COD (Cash on Delivery),Mobile App,4.8,40.99,2023-12-29,169.71,0.35,59.4,2023,2023-12,2023Q4,Friday,Middle-Aged (35-49)
ORD-1970,CUST-273,50,Fashion,Men T-Shirt,131.07,2,North,E-Wallet,Website,3.6,147.3,2023-12-29,262.14,0.35,91.75,2023,2023-12,2023Q4,Friday,Seniors (50+)
ORD-1047,CUST-155,26,Books,Psychology Of Money,31.04,2,Central,Credit Card,Mobile App,4.5,57.73,2023-12-30,62.08,0.25,15.52,2023,2023-12,2023Q4,Saturday,Young Adults (25-34)
ORD-1993,CUST-218,59,Books,Python Cookbook,33.58,4,North,COD (Cash on Delivery),Mobile App,4.6,85.98,2023-12-30,134.32,0.25,33.58,2023,2023-12,2023Q4,Saturday,Seniors (50+)
ORD-1718,CUST-100,22,Beauty & Care,Face Sunscreen,72.91,3,South,COD (Cash on Delivery),Social Media,3.6,113.07,2023-12-30,218.73,0.42,91.87,2023,2023-12,2023Q4,Saturday,Gen Z (<25)
ORD-1927,CUST-313,27,Sports & Outdoors,Water Bottle,50.21,1,North,Bank Transfer,Mobile App,3.2,29.33,2023-12-30,50.21,0.3,15.06,2023,2023-12,2023Q4,Saturday,Young Adults (25-34)
ORD-2094,CUST-110,44,Books,Psychology Of Money,29.61,3,Central,E-Wallet,Website,3.1,147.88,2023-12-31,88.83,0.25,22.21,2023,2023-12,2023Q4,Sunday,Middle-Aged (35-49)
ORD-1412,CUST-300,18,Sports & Outdoors,Bicycle Helmet,47.15,1,Central,COD (Cash on Delivery),Store Affiliate,3.3,46.62,2023-12-31,47.15,0.3,14.14,2023,2023-12,2023Q4,Sunday,Gen Z (<25)
ORD-1794,CUST-121,51,Beauty & Care,Face Sunscreen,62.22,1,North,Credit Card,Website,4.1,47.04,2023-12-31,62.22,0.42,26.13,2023,2023-12,2023Q4,Sunday,Seniors (50+)
