Order_ID,Customer_ID,Customer_Age,Category,Product_Name,Unit_Price,Quantity,Region,Payment_Method,Sales_Channel,Customer_Rating,Marketing_Spend,Order_Date
ORD-1735,CUST-335,25.0,Beauty & Care,Moisturizer Cream,$87.58,5,Central,Bank Transfer,Store Affiliate,3.7,109.3,"Nov 20, 2023"
ORD-1442,CUST-335,60.0,Electronics,Smartphone X, 855.99 ,3,Central,COD (Cash on Delivery),Social Media,3.0,60.69,2023-07-11
ORD-2117,CUST-281,50.0,Home & Kitchen,Air Fryer,104.23,4,,E-Wallet,Website,3.5,89.9,2023/03/21
ORD-1333,CUST-339,24.0,Fashion,Men T-Shirt,159.11,1,Central,COD (Cash on Delivery),Mobile App,4.2,80.99,2023-01-10
ORD-1327,CUST-271,26.0,Beauty & Care,Perfume 50ml,89.08,3,Central,E-Wallet,Store Affiliate,4.9,26.3,2023/07/29
ORD-1855,CUST-317,,Fashion,Men T-Shirt,141.85 USD,3,International,E-Wallet,Mobile App,4.1,132.84,2023-02-08
ORD-2026,CUST-266,56.0,Beauty & Care,Lipstick Matte, 80.16 ,2,South,COD (Cash on Delivery),Social Media,3.3,21.03,"May 08, 2023"
ORD-1081,CUST-117,37.0,Fashion,Running Shoes,163.95,2,International,COD (Cash on Delivery),Website,3.2,123.44,05-31-2023
ORD-1043,CUST-208,0.0,Books,Data Science Handbook,$36.87,2,South,Bank Transfer,Store Affiliate,3.6,137.04,2023-11-25
ORD-1945,CUST-176,27.0,Fashion,Women Dress, 102.84 ,5,South,Credit Card,Website,4.7,106.05,2023/11/23
ORD-1937,CUST-325,61.0,Beauty & Care,Perfume 50ml, 32.94 ,3,South,COD (Cash on Delivery),Social Media,3.2,14.88,05/07/2023
ORD-1477,CUST-152,64.0,Beauty & Care,Moisturizer Cream,70.46 USD,1,South,Credit Card,Social Media,3.5,12.06,30/11/2023
ORD-2035,CUST-259,59.0,Beauty & Care,Lipstick Matte,50.87,3,South,Bank Transfer,Website,4.5,127.16,24/03/2023
ORD-1969,CUST-271,56.0,,Lipstick Matte,58.12,1,International,Bank Transfer,Store Affiliate,3.0,119.97,"Feb 23, 2023"
ORD-1493,CUST-118,34.0,Sports & Outdoors,Bicycle Helmet,56.42,1,International,COD (Cash on Delivery),Store Affiliate,4.2,76.0,2023/11/16
ORD-1210,CUST-140,36.0,Sports & Outdoors,Camping Tent,27.47,1,Central,E-Wallet,Mobile App,4.5,53.94,2023/10/29
ORD-2046,CUST-279,59.0,Books,Atomic Habits,$17.38,4,Central,Bank Transfer,Store Affiliate,3.9,76.21,2023-06-20
ORD-1297,CUST-212,27.0,Fashion,Running Shoes,77.38 USD,5,North,Credit Card,Store Affiliate,3.7,139.43,22/03/2023
ORD-1247,CUST-104,58.0,Sports & Outdoors,Camping Tent,$108.63,5,International,Credit Card,Website,4.3,72.85,2023-12-14
ORD-1952,CUST-207,35.0,Sports & Outdoors,Dumbbell Set,$68.51,2,South,COD (Cash on Delivery),Store Affiliate,3.3,63.76,2023/06/18
ORD-1198,CUST-129,48.0,Electronics,Laptop Pro,$769.18,1,International,Bank Transfer,Store Affiliate,3.6,72.86,2023-06-13
ORD-2052,CUST-255,61.0,Electronics,Wireless Headphones,399.0,5,,Credit Card,Website,3.4,104.0,2023/06/06
ORD-2181,CUST-225,64.0,N/A,Bicycle Helmet,92.46,3,Central,COD (Cash on Delivery),Mobile App,4.2,135.22,2023-12-26
ORD-1462,CUST-245,61.0,Sports & Outdoors,Yoga Mat,$43.17,1,South,Bank Transfer,Social Media,3.3,42.2,23/03/2023
ORD-1001,CUST-128,55.0,Electronics,Smart Watch,$999.99,2,North,E-Wallet,Store Affiliate,4.8,17.56,08-29-2023
ORD-1615,CUST-326,18.0,books,Psychology of Money,20.55 USD,5,Central,Bank Transfer,Mobile App,3.3,66.46,"Sep 23, 2023"
ORD-1218,CUST-348,34.0,Books,Python Cookbook,32.06,3,Central,Credit Card,Store Affiliate,4.0,132.7,"Aug 09, 2023"
ORD-1826,CUST-283,25.0,Books,Python Cookbook,17.08,2,South,Credit Card,Website,,62.12,2023/09/29
ORD-1323,CUST-118,,  Home & Kitchen   ,Coffee Maker,$178.79,5,International,Bank Transfer,Mobile App,4.4,46.83,2023/08/02
ORD-1365,CUST-127,61.0,Sports & Outdoors,Camping Tent,$52.86,5,Central,Credit Card,Store Affiliate,3.5,10.45,2023-12-19
ORD-1465,CUST-252,61.0,Sports & Outdoors,Bicycle Helmet,118.77,5,North,E-Wallet,Store Affiliate,,48.14,10-21-2023
ORD-1807,CUST-179,23.0,Electronics,Bluetooth Speaker,240.04,5,South,Credit Card,Mobile App,3.9,108.31,10/04/2023
ORD-1233,CUST-139,49.0,Beauty & Care,Moisturizer Cream,$34.72,3,North,Credit Card,Store Affiliate,3.9,136.6,"Nov 20, 2023"
ORD-1168,CUST-156,56.0,Sports & Outdoors,Camping Tent,129.15,2,North,E-Wallet,Website,3.5,80.49,"Apr 04, 2023"
ORD-1643,CUST-321,46.0,Beauty & Care,Lipstick Matte,71.12,5,,COD (Cash on Delivery),Mobile App,3.0,132.45,06-06-2023
ORD-1294,CUST-271,55.0,Sports & Outdoors,Yoga Mat,$109.80,1,North,E-Wallet,Store Affiliate,4.1,138.48,"Apr 09, 2023"
ORD-1422,CUST-269,37.0,Sports & Outdoors,Water Bottle,$139.49,1,North,Bank Transfer,Mobile App,4.6,53.19,05/07/2023
ORD-1526,CUST-241,61.0,Sports & Outdoors,Bicycle Helmet,107.74,2,Central,E-Wallet,Store Affiliate,3.7,111.22,10-04-2023
ORD-1581,CUST-119,24.0,  Electronics   ,Wireless Headphones,$595.42,5,International,Credit Card,Social Media,4.2,82.71,2023/09/18
ORD-1290,CUST-151,-5.0,Electronics,Wireless Headphones,317.37,3,Central,Bank Transfer,Website,3.2,48.34,"Dec 11, 2023"
ORD-1420,CUST-300,40.0,Sports & Outdoors,Camping Tent,73.08,3,North,E-Wallet,Mobile App,3.5,57.58,27/04/2023
ORD-1270,CUST-296,44.0,Home & Kitchen,Blender 500W,67.51 USD,2,Central,E-Wallet,Store Affiliate,3.6,57.76,11-23-2023
ORD-1376,CUST-163,28.0,Sports & Outdoors,Yoga Mat,$128.74,4,CENTRAL,Credit Card,Social Media,5.0,101.97,24/11/2023
ORD-1519,CUST-256,61.0,Sports & Outdoors,Camping Tent,$113.71,1,Central,Bank Transfer,Mobile App,3.1,33.7,2023/04/03
ORD-2023,CUST-117,34.0,Fashion,Denim Jeans,98.77,-3,International,Bank Transfer,Mobile App,4.5,133.49,2023-12-16
ORD-1390,CUST-103,-999.0,Electronics,Laptop Pro,$562.54,4,Central,E-Wallet,Mobile App,3.9,50.22,2023-03-19
ORD-2128,CUST-335,41.0,BEAUTY & CARE,Lipstick Matte,35.34,3,International,Credit Card,Mobile App,3.2,60.84,"Nov 28, 2023"
ORD-1429,CUST-347,30.0,Electronics,Wireless Headphones,583.38 USD,2,Central,Credit Card,Social Media,4.2,95.86,"Nov 06, 2023"
ORD-1907,CUST-328,28.0,Fashion,Denim Jeans,174.33 USD,3,NORTH,E-Wallet,Website,4.0,118.26,2023-12-05
ORD-1425,CUST-139,62.0,Books,Data Science Handbook,43.73,3,International,COD (Cash on Delivery),Website,-1.0,33.31,12-13-2023
ORD-1599,CUST-330,19.0,Sports & Outdoors,Camping Tent,$57.33,4,International,Bank Transfer,Social Media,4.8,85.28,13/02/2023
ORD-2108,CUST-225,-999.0,Beauty & Care,Face Sunscreen,51.56 USD,5,International,COD (Cash on Delivery),Website,3.5,78.71,11/11/2023
ORD-1979,CUST-259,59.0,Beauty & Care,Face Sunscreen, 17.05 ,2,South,E-Wallet,Website,3.6,123.8,"Jul 15, 2023"
ORD-1049,CUST-295,,Fashion,Denim Jeans,$60.38,1,International,Credit Card,Website,3.0,70.77,2023/05/06
ORD-1567,CUST-297,59.0,Home & Kitchen,Non-stick Pan,$128.02,4,Central,Bank Transfer,Website,3.8,51.55,invalid_date
ORD-1298,CUST-330,46.0,Books,Python Cookbook,$11.01,1,South,COD (Cash on Delivery),Social Media,4.9,103.3,2023-11-09
ORD-1938,CUST-295,54.0,Beauty & Care,Hair Dryer,15.02,1,South,Credit Card,Social Media,3.8,144.19,2023/05/04
ORD-1296,CUST-195,49.0,Fashion,Men T-Shirt,80.76 USD,3,Central,Bank Transfer,Social Media,3.8,115.49,03-29-2023
ORD-1435,CUST-291,54.0,Fashion,Women Dress, 133.9 ,2,South,E-Wallet,Website,4.8,22.64,08-07-2023
ORD-1361,CUST-286,57.0,electronics,Smart Watch,$855.05,5,Central,COD (Cash on Delivery),Social Media,3.5,132.62,29/08/2023
ORD-1746,CUST-179,24.0,Books,Data Science Handbook,22.64,2,South,E-Wallet,Store Affiliate,3.2,80.21,15/06/2023
ORD-1078,CUST-247,27.0,Home & Kitchen,Robot Vacuum,95.73,2,International,E-Wallet,Social Media,4.3,60.64,2023/09/01
ORD-1063,CUST-217,46.0,Electronics,Smart Watch,$687.09,3,International,E-Wallet,Mobile App,3.3,82.65,13/03/2023
ORD-2124,CUST-266,34.0,N/A,Face Sunscreen,38.77 USD,4,South,Credit Card,Mobile App,5.0,115.18,2023/04/23
ORD-2119,CUST-211,44.0,Electronics,Wireless Headphones,750.22,9999,North,COD (Cash on Delivery),Store Affiliate,4.9,32.28,21/05/2023
ORD-1394,CUST-292,28.0,Sports & Outdoors,Bicycle Helmet, 38.47 ,2,International,Bank Transfer,Social Media,4.3,26.21,2023-04-13
ORD-1514,CUST-212,25.0,Beauty & Care,Face Sunscreen,56.74 USD,5,Central,Credit Card,Social Media,3.6,99.99,2023/03/20
ORD-2013,CUST-120,58.0,Fashion,Leather Jacket,$37.07,4,International,Credit Card,Website,3.1,125.58,2023-01-13
ORD-1765,CUST-245,,Sports & Outdoors,Water Bottle, 138.41 ,5,North,COD (Cash on Delivery),Social Media,4.4,22.68,2023-12-02
ORD-1076,CUST-320,61.0,Sports & Outdoors,Dumbbell Set,113.89 USD,1,International,COD (Cash on Delivery),Mobile App,3.3,65.24,11-21-2023
ORD-1323,CUST-118,,  Home & Kitchen   ,Coffee Maker,$178.79,5,International,Bank Transfer,Mobile App,4.4,46.83,2023/08/02
ORD-1752,CUST-175,48.0,Sports & Outdoors,Bicycle Helmet, 112.97 ,5,South,COD (Cash on Delivery),Mobile App,3.3,80.77,04-07-2023
ORD-1128,CUST-298,36.0,Electronics,Laptop Pro,1141.52,3,North,E-Wallet,Social Media,4.6,72.13,26/04/2023
ORD-1727,CUST-288,-999.0,Electronics,Smart Watch,$996.87,2,South  ,Bank Transfer,Website,3.5,86.17,2023-06-17
ORD-1560,CUST-262,52.0,Books,Data Science Handbook,23.51,1,North,E-Wallet,Website,3.6,69.39,"Feb 17, 2023"
ORD-1277,CUST-142,,Sports & Outdoors,Dumbbell Set,47.86,3,North,E-Wallet,Website,3.9,54.6,2023/04/20
ORD-1985,CUST-244,27.0,Beauty & Care,Lipstick Matte,$32.24,5,International,E-Wallet,Store Affiliate,4.4,78.55,2023-02-20
ORD-1944,CUST-190,38.0,Home & Kitchen,Non-stick Pan,158.94,1,South,COD (Cash on Delivery),Store Affiliate,4.4,21.57,01-30-2023
ORD-1712,CUST-247,60.0,Home & Kitchen,Air Fryer,$149.56,2,Central,COD (Cash on Delivery),Store Affiliate,4.5,115.08,2023-04-26
ORD-1894,CUST-233,24.0,Fashion,Denim Jeans,156.8,3,Central,COD (Cash on Delivery),Website,3.8,58.26,2023-05-22
ORD-2027,CUST-110,27.0,Sports & Outdoors,Camping Tent,$86.35,3,International,Credit Card,Website,4.8,139.84,22/05/2023
ORD-2133,CUST-211,25.0,Fashion,Running Shoes,174.48,3,North,E-Wallet,Social Media,3.1,54.49,2023-05-05
ORD-1044,CUST-187,,Books,Atomic Habits,10.31,1,South,Bank Transfer,Mobile App,3.3,123.43,22/12/2023
ORD-1737,CUST-259,0.0,Beauty & Care,Perfume 50ml,$51.26,1,North,Bank Transfer,Store Affiliate,3.5,92.16,2023/04/12
ORD-1809,CUST-306,27.0,Beauty & Care,Lipstick Matte,89.46,2,International,E-Wallet,Store Affiliate,4.6,123.53,12-15-2023
ORD-1506,CUST-189,43.0,Books,Business Strategy,20.3,4,South,Credit Card,Store Affiliate,4.1,86.52,09-30-2023
ORD-1031,CUST-207,35.0,Electronics,Wireless Headphones,449.32 USD,5,North,E-Wallet,Website,4.1,16.22,2023/03/28
ORD-1529,CUST-269,19.0,Home & Kitchen,Coffee Maker, 108.78 ,5,Central,E-Wallet,Mobile App,3.6,117.44,"Jun 17, 2023"
ORD-1594,CUST-210,60.0,Home & Kitchen,Air Fryer,41.94,4,North,Credit Card,Website,3.6,19.39,"Aug 11, 2023"
ORD-1622,CUST-336,25.0,Beauty & Care,Moisturizer Cream,55.01 USD,1,International,Credit Card,Social Media,3.8,49.2,"Nov 02, 2023"
ORD-1123,CUST-156,36.0,Fashion,Women Dress,67.05,2,North,E-Wallet,Store Affiliate,3.9,59.47,"Jul 14, 2023"
ORD-1086,CUST-174,44.0,Home & Kitchen,Coffee Maker,$179.77,5,North,COD (Cash on Delivery),Social Media,4.1,47.03,11-08-2023
ORD-1411,CUST-337,,ELECTRONICS,Wireless Headphones,1117.22,5,Central,Credit Card,Mobile App,4.5,118.05,"Dec 25, 2023"
ORD-1770,CUST-100,56.0,?,Hair Dryer,51.16,3,North,Credit Card,Store Affiliate,4.2,117.34,"May 11, 2023"
ORD-1558,CUST-113,65.0,Fashion,Running Shoes,166.55,5,Central,COD (Cash on Delivery),Mobile App,3.8,146.07,30/10/2023
ORD-1101,CUST-153,,Sports & Outdoors,Water Bottle,138.32,3,INTERNATIONAL,COD (Cash on Delivery),Store Affiliate,4.9,35.17,2023-09-18
ORD-1670,CUST-268,23.0,Beauty & Care,Hair Dryer,61.46,4,North,E-Wallet,Website,,105.95,08-03-2023
ORD-1342,CUST-204,0.0,Home & Kitchen,Coffee Maker,$81.70,1,International,E-Wallet,Store Affiliate,10.0,140.53,2023/99/99
ORD-2039,CUST-221,26.0,Beauty & Care,Moisturizer Cream,$66.48,3,North,Bank Transfer,Store Affiliate,3.6,46.54,2023-11-28
ORD-1551,CUST-167,33.0,Home & Kitchen,Air Fryer, 128.05 ,2,Central,Bank Transfer,Mobile App,4.6,107.9,2023-01-26
ORD-1308,CUST-241,30.0,Books,Psychology of Money,$21.00,3,Central,Bank Transfer,Website,4.3,10.93,04-28-2023
ORD-2005,CUST-197,41.0,Fashion,Women Dress,$51.95,3,North,E-Wallet,Website,4.6,23.24,24/07/2023
ORD-1917,CUST-154,64.0,Beauty & Care,Perfume 50ml,43.82,4,North,Bank Transfer,Website,4.0,41.04,"May 20, 2023"
ORD-2131,CUST-223,63.0,Electronics,Smart Watch,$531.32,1,South,COD (Cash on Delivery),Website,3.5,144.43,"Jan 07, 2023"
ORD-1825,CUST-149,50.0,Books,Atomic Habits,13.80 USD,1,South,COD (Cash on Delivery),Mobile App,4.2,92.15,2023/12/22
ORD-1113,CUST-286,29.0,  Electronics   ,Smart Watch,342.22,4,North,Credit Card,Store Affiliate,4.5,130.48,2023-09-25
ORD-1578,CUST-243,46.0,Electronics,Laptop Pro,853.85,5,International,Bank Transfer,Store Affiliate,3.8,38.62,04/07/2023
ORD-1382,CUST-320,21.0,Electronics,Smart Watch, 322.36 ,1,South,Bank Transfer,Website,4.6,121.54,26/05/2023
ORD-2166,CUST-171,36.0,Home & Kitchen,Robot Vacuum,244.50 USD,2,South,COD (Cash on Delivery),Store Affiliate,4.8,61.84,26/12/2023
ORD-2114,CUST-328,47.0,Fashion,Women Dress,43.18 USD,3,International,COD (Cash on Delivery),Mobile App,4.8,23.58,2023/01/21
ORD-1380,CUST-213,,Beauty & Care,Moisturizer Cream,$67.66,2,International,Credit Card,Store Affiliate,4.3,50.9,09/07/2023
ORD-1665,CUST-303,24.0,  Fashion   ,Denim Jeans,$97.95,1,South,Bank Transfer,Website,3.6,109.59,2023/02/21
ORD-1778,CUST-267,37.0,Sports & Outdoors,Yoga Mat,$48.36,4,North,Credit Card,Website,3.3,99.92,"Jun 25, 2023"
ORD-1974,CUST-142,,Fashion,Men T-Shirt,$141.2,3,International,Bank Transfer,Mobile App,3.1,31.05,10-17-2023
ORD-1513,CUST-140,52.0,Fashion,Denim Jeans,$88.56,2,International,Bank Transfer,Website,4.2,88.84,2023-10-23
ORD-1072,CUST-312,49.0,Home & Kitchen,Coffee Maker,$999.99,2,North,Bank Transfer,Website,3.9,21.98,05-30-2023
ORD-1893,CUST-299,-999.0,Home & Kitchen,Robot Vacuum, 191.87 ,1,South,COD (Cash on Delivery),Website,4.5,76.83,2023/12/11
ORD-1051,CUST-126,53.0,Home & Kitchen,Coffee Maker,$97.20,1,Central,E-Wallet,Mobile App,4.4,112.09,2023/99/99
ORD-1070,CUST-241,-999.0,Fashion,Running Shoes,$37.3,5,South,Credit Card,Social Media,4.7,121.94,"Oct 16, 2023"
ORD-1285,CUST-337,44.0,Fashion,Leather Jacket,$147.51,5,Central,Credit Card,Website,3.9,90.52,17/12/2023
ORD-1023,CUST-254,0.0,Sports & Outdoors,Yoga Mat,47.20 USD,4,South,E-Wallet,Website,4.3,63.78,14/08/2023
ORD-1528,CUST-338,48.0,-,Dumbbell Set,$96.58,4,VN-North,Bank Transfer,Social Media,3.2,42.54,02-05-2023
ORD-1192,CUST-241,29.0,Home & Kitchen,Blender 500W,232.01,2,International,E-Wallet,Mobile App,4.3,60.66,10-25-2023
ORD-1593,CUST-137,23.0,Books,Python Cookbook,$13.06,5,International,COD (Cash on Delivery),Mobile App,3.2,31.05,03/02/2023
ORD-1107,CUST-265,-999.0,Beauty & Care,Perfume 50ml,28.59 USD,3,South,Credit Card,Social Media,4.5,30.57,"Jun 26, 2023"
ORD-1058,CUST-254,,Books,Psychology of Money,26.33,3,North,COD (Cash on Delivery),Social Media,3.8,130.19,"May 13, 2023"
ORD-1398,CUST-204,42.0,Home & Kitchen,Coffee Maker,159.54,4,SOUTH,COD (Cash on Delivery),Mobile App,3.5,107.58,2023-05-06
ORD-2100,CUST-117,57.0,Fashion,Running Shoes,$174.10,5,International,Credit Card,Social Media,3.1,97.48,06-24-2023
ORD-2088,CUST-253,62.0,Home & Kitchen,Robot Vacuum,209.04,4,North,E-Wallet,Social Media,4.8,129.32,"Nov 13, 2023"
ORD-2139,CUST-318,50.0,Sports & Outdoors,Yoga Mat,$142.55,5,South,E-Wallet,Website,4.9,125.66,10-12-2023
ORD-1486,CUST-265,26.0,Unknown,Blender 500W,$233.83,4,International,Credit Card,Social Media,3.8,55.32,21/12/2023
ORD-1949,CUST-328,46.0,Beauty & Care,Lipstick Matte,$36.34,3,North,COD (Cash on Delivery),Website,3.4,11.71,09/05/2023
ORD-2062,CUST-127,37.0,Fashion,Men T-Shirt,48.78,4,South,COD (Cash on Delivery),Website,3.1,93.87,2023-07-15
ORD-1629,CUST-307,55.0,Books,Python Cookbook,$33.71,5,South,COD (Cash on Delivery),Mobile App,3.6,118.08,2023-03-22
ORD-1575,CUST-241,41.0,Home & Kitchen,Robot Vacuum,148.35,2,South,E-Wallet,Social Media,4.4,101.03,"Apr 18, 2023"
ORD-1277,CUST-142,,Sports & Outdoors,Dumbbell Set,47.86,3,North,E-Wallet,Website,3.9,54.6,2023/04/20
ORD-1621,CUST-139,29.0,Books,Atomic Habits,26.59,4,Central,COD (Cash on Delivery),Store Affiliate,4.9,112.29,01/02/2023
ORD-1413,CUST-300,47.0,  Sports & Outdoors   ,Water Bottle,$97.32,1,South,COD (Cash on Delivery),Website,3.9,54.47,2023/06/10
ORD-1155,CUST-135,46.0,Home & Kitchen,Robot Vacuum,137.71 USD,2,North,COD (Cash on Delivery),Store Affiliate,4.1,81.15,2023-02-04
ORD-1533,CUST-134,57.0,Beauty & Care,Face Sunscreen,$28.79,2,South,Bank Transfer,Website,4.6,31.09,2023-04-17
ORD-1743,CUST-330,56.0,Sports & Outdoors,Bicycle Helmet,$30.35,2,North,E-Wallet,Website,4.2,103.75,"May 02, 2023"
ORD-1054,CUST-124,26.0,books,Python Cookbook,24.83,4,International,Credit Card,Store Affiliate,4.7,25.29,"Aug 16, 2023"
ORD-2115,CUST-312,0.0,Books,Data Science Handbook,15.87,5,South,Credit Card,Website,4.3,40.56,06/05/2023
ORD-1346,CUST-268,57.0,Home & Kitchen,Coffee Maker,218.45,1,Central,E-Wallet,Social Media,3.8,102.56,2023/10/13
ORD-1056,CUST-316,49.0,-,Atomic Habits, 22.2 ,3,North,COD (Cash on Delivery),Website,4.0,110.98,19/08/2023
ORD-1109,CUST-255,,Fashion,Denim Jeans,$40.47,2,North,COD (Cash on Delivery),Website,4.9,16.94,2023-03-21
ORD-1922,CUST-238,27.0,Beauty & Care,Face Sunscreen,$59.81,4,International,E-Wallet,Social Media,3.6,125.25,"Nov 17, 2023"
ORD-1934,CUST-278,54.0,Beauty & Care,Hair Dryer,32.38,5,South,COD (Cash on Delivery),Website,4.7,49.89,2023-02-15
ORD-1174,CUST-112,34.0,Books,Psychology of Money,22.05 USD,4,North,COD (Cash on Delivery),Social Media,3.2,83.89,22/08/2023
ORD-1787,CUST-303,22.0,Electrnics,Wireless Headphones,371.24,5,South,COD (Cash on Delivery),Social Media,4.3,54.18,"Mar 06, 2023"
ORD-1220,CUST-295,25.0,Home & Kitchen,Blender 500W,175.57,3,North,Bank Transfer,Store Affiliate,4.0,26.91,08-15-2023
ORD-1584,CUST-276,52.0,Books,Data Science Handbook,$34.60,5,North,E-Wallet,Social Media,3.9,141.07,2023-01-09
ORD-1331,CUST-133,24.0,Books,Business Strategy, 39.71 ,5,intl,E-Wallet,Website,3.2,111.83,22/08/2023
ORD-1661,CUST-217,48.0,Fashion,Men T-Shirt,$66.50,4,South,Bank Transfer,Website,4.7,127.91,2023/11/03
ORD-2102,CUST-265,65.0,Fashion,Leather Jacket,$112.14,2,South,E-Wallet,Store Affiliate,3.2,59.23,"Jul 01, 2023"
ORD-2135,CUST-287,0.0,Beauty & Care,Perfume 50ml,28.79,3,South,E-Wallet,Social Media,4.3,64.9,2023-11-10
ORD-1771,CUST-177,60.0,Electronics,Wireless Headphones,784.42,1,Central,E-Wallet,Social Media,3.2,120.42,"Jun 24, 2023"
ORD-1332,CUST-285,0.0,Electronics,Bluetooth Speaker,"$1,044.46",2,Central,E-Wallet,Mobile App,4.3,55.8,2023-05-21
ORD-1451,CUST-147,65.0,Sports & Outdoors,Yoga Mat,85.05 USD,2,International,Bank Transfer,Website,3.4,40.19,"May 25, 2023"
ORD-1626,CUST-141,18.0,Home & Kitchen,Air Fryer,150.06 USD,4,North,COD (Cash on Delivery),Website,4.2,92.22,10/07/2023
ORD-1409,CUST-199,47.0,Electronics,Wireless Headphones,657.08,4,North,COD (Cash on Delivery),Mobile App,,119.6,"Mar 13, 2023"
ORD-1535,CUST-129,59.0,Fashion,Denim Jeans,100.82,2,International,E-Wallet,Website,4.1,89.14,"Jun 05, 2023"
ORD-1724,CUST-284,65.0,Books,Python Cookbook,27.58 USD,1,North,Credit Card,Store Affiliate,4.0,99.25,23/10/2023
ORD-1892,CUST-296,23.0,Books,Psychology of Money,$34.69,5,International,COD (Cash on Delivery),Mobile App,3.6,62.4,2023-03-14
ORD-1884,CUST-221,43.0,Sports & Outdoors,Camping Tent,76.65 USD,3,Central,COD (Cash on Delivery),Mobile App,4.5,52.18,2023-03-13
ORD-1196,CUST-274,49.0,Electronics,Laptop Pro,287.77,4,South,Credit Card,Mobile App,3.0,101.47,"Oct 02, 2023"
ORD-1943,CUST-341,58.0,Fashion,Denim Jeans,$83.22,1,Central,E-Wallet,Mobile App,4.6,75.09,2023/08/04
ORD-1275,CUST-342,53.0,Fashion,Running Shoes,34.87,3,South,E-Wallet,Website,,69.74,2023/02/25
ORD-1170,CUST-230,,Sports & Outdoors,Camping Tent,109.59,3,North,Bank Transfer,Social Media,3.5,86.75,2023/11/30
ORD-1231,CUST-255,41.0,Sports & Outdoors,Yoga Mat,$49.83,5,North,E-Wallet,Social Media,3.7,131.36,19/05/2023
ORD-2024,CUST-299,64.0,Home & Kitchen,Blender 500W,$246.78,3,Central,E-Wallet,Store Affiliate,3.5,63.47,2023/06/26
ORD-1208,CUST-175,62.0,Books,Python Cookbook,33.17,4,North,COD (Cash on Delivery),Social Media,3.9,46.44,2023-02-21
ORD-1306,CUST-105,47.0,Electronics,Laptop Pro,198.27,3,International,Bank Transfer,Store Affiliate,4.7,85.58,2023-08-02
ORD-1424,CUST-224,45.0,Sports & Outdoors,Yoga Mat, 59.2 ,2,International,Bank Transfer,Website,4.3,90.15,"Apr 12, 2023"
ORD-1609,CUST-163,,Electronics,Smart Watch,$764.89,2,Central,COD (Cash on Delivery),Website,-1.0,48.44,2023/03/14
ORD-1303,CUST-157,53.0,Sports & Outdoors,Bicycle Helmet,$140.05,3,Central,Bank Transfer,Mobile App,3.0,13.83,31/08/2023
ORD-1240,CUST-336,,Beauty & Care,Hair Dryer,$30.58,3,Central,COD (Cash on Delivery),Social Media,3.2,135.77,2023-11-27
ORD-2145,CUST-325,40.0,Books,Atomic Habits,40.75,4,International,E-Wallet,Store Affiliate,4.7,56.77,09-23-2023
ORD-1482,CUST-167,65.0,Books,Atomic Habits,37.45,1,Central,Credit Card,Social Media,3.6,120.97,2023-10-22
ORD-1209,CUST-211,49.0,Electronics,Wireless Headphones,836.25,2,International,E-Wallet,Store Affiliate,3.2,50.16,2023/99/99
ORD-1244,CUST-253,49.0,Sports & Outdoors,Yoga Mat,108.95,-3,Central,E-Wallet,Mobile App,4.4,16.33,2023/05/08
ORD-1912,CUST-159,51.0,Beauty & Care,Moisturizer Cream, 47.65 ,2,South,COD (Cash on Delivery),Store Affiliate,4.5,65.14,2023-11-09
ORD-1010,CUST-273,39.0,Electronics,Smart Watch,"$1,028.83",4,International,Credit Card,Store Affiliate,4.9,113.87,2023-10-01
ORD-1147,CUST-227,22.0,Sports & Outdoors,Water Bottle, 103.88 ,3,International,COD (Cash on Delivery),Social Media,4.2,16.25,"Jul 06, 2023"
ORD-1352,CUST-321,61.0,Electronics,Bluetooth Speaker,582.96,2,Central,Bank Transfer,Website,3.8,62.67,14/08/2023
ORD-1990,CUST-209,63.0,Beauty & Care,Face Sunscreen,77.41 USD,4,International,COD (Cash on Delivery),Mobile App,4.4,57.24,2023-07-04
ORD-1693,CUST-166,25.0,Fashion,Men T-Shirt,108.27 USD,5,North,Bank Transfer,Mobile App,,45.53,2023/99/99
ORD-1585,CUST-331,59.0,Home & Kitchen,Coffee Maker,$244.77,2,South,Bank Transfer,Website,4.7,139.79,2023/01/04
ORD-2157,CUST-317,19.0,Fashion,Leather Jacket,$65.47,3,North,Credit Card,Mobile App,5.0,149.85,06/07/2023
ORD-1467,CUST-258,58.0,Beauty & Care,Lipstick Matte,$36.50,3,International,COD (Cash on Delivery),Social Media,3.0,119.77,"Nov 09, 2023"
ORD-1609,CUST-163,,Electronics,Smart Watch,$764.89,2,Central,COD (Cash on Delivery),Website,-1.0,48.44,2023/03/14
ORD-1991,CUST-134,23.0,Beauty & Care,Lipstick Matte,33.62 USD,1,Central,E-Wallet,Mobile App,3.7,51.46,2023/10/25
ORD-2077,CUST-251,51.0,Books,Business Strategy,44.84,4,South,COD (Cash on Delivery),Website,3.8,11.76,"Oct 25, 2023"
ORD-1289,CUST-276,18.0,Sports & Outdoors,Dumbbell Set, 142.81 ,3,International,Bank Transfer,Store Affiliate,4.9,26.6,2023/10/20
ORD-1676,CUST-117,,Books,Python Cookbook,$30.45,4,South,E-Wallet,Social Media,3.1,75.25,10-02-2023
ORD-1720,CUST-336,23.0,Fashion,Leather Jacket,$66.56,4,South,E-Wallet,Mobile App,4.5,28.43,"Dec 09, 2023"
ORD-1859,CUST-305,52.0,Books,Data Science Handbook, 26.7 ,1,South,Bank Transfer,Website,4.4,68.94,2023/12/09
ORD-1411,CUST-337,,ELECTRONICS,Wireless Headphones,1117.22,5,Central,Credit Card,Mobile App,4.5,118.05,"Dec 25, 2023"
ORD-1381,CUST-306,38.0,Electronics,Wireless Headphones,$198.07,3,Central,Bank Transfer,Mobile App,4.7,77.91,08-13-2023
ORD-1679,CUST-171,-5.0,Sports & Outdoors,Camping Tent, 64.54 ,4,International,E-Wallet,Store Affiliate,3.5,39.93,05/11/2023
ORD-1135,CUST-202,58.0,Electronics,Laptop Pro, 206.77 ,2,South,Bank Transfer,Social Media,4.3,99.86,03-03-2023
ORD-1350,CUST-205,23.0,Sports & Outdoors,Camping Tent, 106.67 ,4,North,Bank Transfer,Store Affiliate,4.9,11.12,2023-11-13
ORD-1367,CUST-149,0.0,Fashion,Denim Jeans, 109.62 ,2,Central,Bank Transfer,Social Media,3.8,88.08,2023-09-07
ORD-1083,CUST-269,33.0,Home & Kitchen,Blender 500W,$999.99,2,South,COD (Cash on Delivery),Store Affiliate,4.7,27.4,2023-12-22
ORD-2045,CUST-219,42.0,Fashion,Denim Jeans,$21.89,1,South,COD (Cash on Delivery),Mobile App,3.5,62.39,2023/02/15
ORD-1700,CUST-252,46.0,Beauty & Care,Lipstick Matte,34.74 USD,3,Central,COD (Cash on Delivery),Mobile App,4.9,107.37,21/09/2023
ORD-1553,CUST-225,26.0,   ,Coffee Maker,165.01,2,South,E-Wallet,Website,5.0,115.96,13/08/2023
ORD-1158,CUST-243,62.0,Sports & Outdoors,Bicycle Helmet,101.81 USD,5,intl,Bank Transfer,Mobile App,3.2,40.08,10-01-2023
ORD-1140,CUST-341,25.0,Home & Kitchen,Robot Vacuum,155.27,3,International,Credit Card,Store Affiliate,3.7,56.9,"Aug 24, 2023"
ORD-1974,CUST-142,,Fashion,Men T-Shirt,$141.2,3,International,Bank Transfer,Mobile App,3.1,31.05,10-17-2023
ORD-1312,CUST-101,42.0,Fashion,Men T-Shirt,$112.26,5,North,Credit Card,Website,4.1,141.85,09/07/2023
ORD-1328,CUST-224,50.0,home & kitchen,Air Fryer,$42.00,1,North,Bank Transfer,Mobile App,4.7,59.52,2023-07-01
ORD-1916,CUST-280,40.0,books,Python Cookbook,$11.32,1,North,Credit Card,Mobile App,4.5,92.1,2023-06-24
ORD-2079,CUST-312,60.0,Electronics,Smartphone X,692.86 USD,5,International,Bank Transfer,Store Affiliate,3.2,58.49,2023-09-17
ORD-1286,CUST-238,39.0,Books,Python Cookbook,13.96,2,North,E-Wallet,Website,4.7,96.17,06-03-2023
ORD-2174,CUST-232,18.0,Home & Kitchen,Non-stick Pan,168.83,2,International,E-Wallet,Social Media,3.3,61.67,"Sep 01, 2023"
ORD-1065,CUST-131,29.0,Beauty & Care,Moisturizer Cream,78.25,2,International,E-Wallet,Mobile App,4.2,63.38,25/09/2023
ORD-1377,CUST-323,0.0,Beauty & Care,Hair Dryer,$87.33,3,International,COD (Cash on Delivery),Website,3.5,35.21,25/06/2023
ORD-1745,CUST-229,40.0,Sports & Outdoors,Bicycle Helmet,138.47,2,South,Credit Card,Website,3.5,125.51,invalid_date
ORD-1671,CUST-149,38.0,Books,Python Cookbook,41.50 USD,4,Central,E-Wallet,Social Media,4.8,88.11,03/02/2023
ORD-1920,CUST-204,33.0,Books,Atomic Habits, 28.24 ,2,Central,E-Wallet,Social Media,4.7,61.68,"May 11, 2023"
ORD-1363,CUST-304,33.0,Home & Kitchen,Non-stick Pan,$109.94,2,Central,E-Wallet,Store Affiliate,,130.0,2023-12-04
ORD-1096,CUST-313,55.0,Fashion,Denim Jeans, 50.39 ,1,South,Credit Card,Social Media,4.1,141.44,03-17-2023
ORD-1184,CUST-116,54.0,Sports & Outdoors,Bicycle Helmet,$67.23,3,North,Bank Transfer,Website,4.9,117.47,03-09-2023
ORD-1962,CUST-156,21.0,Electronics,Smartphone X,$226.01,2,South,Credit Card,Mobile App,4.4,122.34,"Oct 27, 2023"
ORD-2159,CUST-146,24.0,Electronics,Laptop Pro,287.84 USD,2,Central,Bank Transfer,Social Media,3.4,112.5,06-13-2023
ORD-1163,CUST-209,0.0,Beauty & Care,Face Sunscreen,17.83,5,International,E-Wallet,Store Affiliate,3.6,149.69,2023-10-18
ORD-1461,CUST-327,34.0,Home & Kitchen,Air Fryer,35.56 USD,2,North,COD (Cash on Delivery),Website,4.1,52.21,2023-09-30
ORD-1221,CUST-145,43.0,Sports & Outdoors,Dumbbell Set,$107.81,2,Central,Credit Card,Store Affiliate,3.6,46.87,"Nov 26, 2023"
ORD-2007,CUST-292,42.0,Home & Kitchen,Blender 500W,$222.0,9999,International,COD (Cash on Delivery),Social Media,3.3,98.61,2023-08-10
ORD-1156,CUST-163,25.0,Home & Kitchen,Air Fryer,197.99 USD,5,International,Credit Card,Social Media,4.9,91.41,2023-05-19
ORD-1631,CUST-325,19.0,Electrnics,Smartphone X,984.77,5,International,E-Wallet,Social Media,,48.81,2023-03-30
ORD-1704,CUST-301,47.0,Home & Kitchen,Non-stick Pan, 34.1 ,2,South,E-Wallet,Mobile App,3.5,125.27,"Dec 04, 2023"
ORD-1618,CUST-349,26.0,Sports & Outdoors,Water Bottle, 79.71 ,4,North,Credit Card,Social Media,4.7,102.31,2023-12-22
ORD-1722,CUST-237,45.0,Books,Psychology of Money,$27.86,4,South,Bank Transfer,Website,4.0,128.41,2023/09/24
ORD-1199,CUST-274,40.0,-,Lipstick Matte,27.67 USD,1,North,E-Wallet,Store Affiliate,,68.64,11-21-2023
ORD-1572,CUST-141,35.0,Sports & Outdoors,Camping Tent, 143.53 ,2,South,Bank Transfer,Mobile App,3.1,83.15,2023/06/12
ORD-2011,CUST-164,56.0,Fashion,Denim Jeans,118.98,2,South,COD (Cash on Delivery),Mobile App,4.2,106.46,10-18-2023
ORD-2049,CUST-194,60.0,Fashion,Men T-Shirt,118.04,5,North,Bank Transfer,Social Media,,114.56,2023-10-03
ORD-1939,CUST-247,59.0,Sports & Outdoors,Dumbbell Set,44.68 USD,5,South,Credit Card,Social Media,5.0,69.04,2023-12-07
ORD-1344,CUST-124,,Home & Kitchen,Non-stick Pan,206.28,4,North,Credit Card,Social Media,3.4,54.45,2023-07-15
ORD-1243,CUST-100,0.0,Beauty & Care,Lipstick Matte,15.21,5,,E-Wallet,Mobile App,3.6,149.18,2023-09-30
ORD-1380,CUST-213,,Beauty & Care,Moisturizer Cream,$67.66,2,International,Credit Card,Store Affiliate,4.3,50.9,09/07/2023
ORD-1259,CUST-245,25.0,Sports & Outdoors,Dumbbell Set,$46.84,5,North,COD (Cash on Delivery),Website,3.3,135.38,2023/08/29
ORD-1923,CUST-219,34.0,Fashion,Denim Jeans,171.31,5,central,E-Wallet,Store Affiliate,5.0,95.48,27/08/2023
ORD-2144,CUST-171,46.0,Fashion,Leather Jacket,$30.21,4,International,E-Wallet,Mobile App,4.1,84.57,2023-04-06
ORD-2060,CUST-346,19.0,Fashion,Running Shoes,156.69,5,Central,Credit Card,Mobile App,3.8,28.17,24/11/2023
ORD-2190,CUST-214,21.0,Sports & Outdoors,Camping Tent,$67.99,5,North,COD (Cash on Delivery),Store Affiliate,4.8,25.56,13/11/2023
ORD-1423,CUST-283,,Home & Kitchen,Air Fryer,197.72,3,International,Bank Transfer,Mobile App,4.5,67.37,06-20-2023
ORD-1624,CUST-160,19.0,Books,Python Cookbook,23.68,4,International,Credit Card,Mobile App,3.2,24.33,12-05-2023
ORD-1390,CUST-103,-999.0,Electronics,Laptop Pro,$562.54,4,Central,E-Wallet,Mobile App,3.9,50.22,2023-03-19
ORD-1254,CUST-178,-5.0,-,Face Sunscreen,$32.34,2,SOUTH,E-Wallet,Store Affiliate,3.3,35.68,"Apr 04, 2023"
ORD-2054,CUST-291,23.0,Electronics,Smartphone X,793.74,4,South,Credit Card,Mobile App,4.3,137.36,16/02/2023
ORD-2029,CUST-107,23.0,Beauty & Care,Hair Dryer,83.7,4,Central,Credit Card,Social Media,-1.0,69.15,2023/01/25
ORD-1309,CUST-158,62.0,Sports & Outdoors,Dumbbell Set,113.07 USD,5,North,Bank Transfer,Mobile App,3.9,126.55,2023-05-15
ORD-1850,CUST-218,38.0,Fashion,Leather Jacket,148.37,5,International,COD (Cash on Delivery),Website,4.9,62.25,invalid_date
ORD-1561,CUST-208,44.0,Beauty & Care,Perfume 50ml,$55.52,2,South,Bank Transfer,Store Affiliate,4.3,33.9,31/03/2023
ORD-1802,CUST-309,37.0,Beauty & Care,Face Sunscreen,$57.27,5,VN-Central,COD (Cash on Delivery),Website,3.1,15.14,2023-02-12
ORD-1886,CUST-166,38.0,Fashion,Denim Jeans,97.19 USD,5,North,COD (Cash on Delivery),Website,3.6,43.07,"Mar 05, 2023"
ORD-1178,CUST-260,300.0,Electronics,Wireless Headphones,$325.37,2,North,E-Wallet,Mobile App,3.8,71.74,2023-05-17
ORD-2121,CUST-287,30.0,Books,Atomic Habits,12.5,1,South,Bank Transfer,Mobile App,4.4,112.82,"Sep 11, 2023"
ORD-1926,CUST-152,56.0,Fashion,Men T-Shirt,90.24,2,International,E-Wallet,Store Affiliate,4.4,100.38,2023-03-28
ORD-1265,CUST-308,63.0,Sports & Outdoors,Water Bottle,36.87,8888,International,E-Wallet,Social Media,4.6,81.21,11/12/2023
ORD-1987,CUST-106,46.0,sports & outdoors,Water Bottle,$144.43,1,Central,E-Wallet,Store Affiliate,3.1,134.48,2023/02/18
ORD-1980,CUST-236,30.0,Fashion,Running Shoes,38.6,2,North,E-Wallet,Mobile App,5.0,111.87,2023-01-22
ORD-1088,CUST-318,56.0,Electronics,Bluetooth Speaker,$838.17,4,International,E-Wallet,Website,4.2,74.78,16/07/2023
ORD-2098,CUST-269,33.0,Electronics,Smart Watch,277.3,2,,Bank Transfer,Store Affiliate,4.0,104.43,2023-05-15
ORD-2067,CUST-247,30.0,Fashion,Running Shoes,63.19 USD,5,Central,COD (Cash on Delivery),Mobile App,4.0,55.45,2023-06-29
ORD-1447,CUST-345,61.0,Beauty & Care,Hair Dryer,$67.07,4,Central,COD (Cash on Delivery),Mobile App,,42.11,2023-09-16
ORD-1808,CUST-157,21.0,Electronics,Laptop Pro,621.66,3,Central,E-Wallet,Store Affiliate,4.9,58.57,2023-03-14
ORD-1660,CUST-335,21.0,Beauty & Care,Lipstick Matte,$56.22,2,International,Bank Transfer,Store Affiliate,5.0,133.66,"Jul 13, 2023"
ORD-1614,CUST-243,56.0,Electronics,Smartphone X,976.24,4,International,COD (Cash on Delivery),Website,3.3,97.43,03-07-2023
ORD-2178,CUST-161,,Books,Business Strategy,$32.38,5,Central,Credit Card,Store Affiliate,4.3,138.99,2023/11/06
ORD-1803,CUST-343,64.0,Home & Kitchen,Air Fryer,34.10 USD,3,North,Credit Card,Store Affiliate,4.0,126.86,2023-09-16
ORD-1266,CUST-117,36.0,ELECTRONICS,Smartphone X,946.11,5,South,Credit Card,Social Media,4.2,92.33,05/06/2023
ORD-1059,CUST-167,54.0,Beauty & Care,Moisturizer Cream, 65.79 ,4,VN-Central,Bank Transfer,Mobile App,3.3,141.32,10-18-2023
ORD-1605,CUST-330,31.0,Fashion,Men T-Shirt,105.57,4,North,E-Wallet,Website,3.5,88.28,05-21-2023
ORD-1754,CUST-132,24.0,Sports & Outdoors,Yoga Mat,128.71,3,North,E-Wallet,Website,3.2,114.56,2023/10/23
ORD-1706,CUST-211,44.0,Sports & Outdoors,Yoga Mat,28.9,1,International,Bank Transfer,Store Affiliate,3.2,139.86,18/02/2023
ORD-1552,CUST-229,52.0,Sports & Outdoors,Yoga Mat,138.06,4,Central,Credit Card,Website,4.0,62.6,"Aug 17, 2023"
ORD-1358,CUST-125,,Beauty & Care,Moisturizer Cream,$37.84,5,Central,Credit Card,Mobile App,3.4,112.7,"Jun 16, 2023"
ORD-1673,CUST-184,27.0,Books,Atomic Habits,$25.77,4,South,Bank Transfer,Social Media,3.5,58.75,2023-09-01
ORD-1788,CUST-330,27.0,Sports & Outdoors,Bicycle Helmet,45.16,4,NORTH,Credit Card,Website,4.9,41.63,02-18-2023
ORD-1905,CUST-185,32.0,Sports & Outdoors,Bicycle Helmet,113.35,2,South,Credit Card,Website,3.2,116.83,2023-08-30
ORD-1793,CUST-268,65.0,Electronics,Smart Watch,319.19,1,South,E-Wallet,Social Media,4.9,107.66,"Oct 09, 2023"
ORD-1705,CUST-180,43.0,Unknown,Air Fryer,141.58,2,South,COD (Cash on Delivery),Mobile App,3.1,130.85,"Feb 12, 2023"
ORD-1772,CUST-173,62.0,Books,Data Science Handbook,27.56,1,NORTH,Credit Card,Social Media,4.4,40.45,2023/09/07
ORD-1355,CUST-272,-999.0,Beauty & Care,Perfume 50ml,21.82,4,International,E-Wallet,Website,4.5,47.14,2023-02-08
ORD-1083,CUST-269,33.0,Home & Kitchen,Blender 500W,$206.52,2,South,COD (Cash on Delivery),Store Affiliate,4.7,27.4,2023-12-22
ORD-1129,CUST-114,62.0,Books,Python Cookbook,12.49,1,Central,Bank Transfer,Website,4.3,81.54,08/06/2023
ORD-1667,CUST-158,63.0,Home & Kitchen,Robot Vacuum, 58.21 ,5,International,Credit Card,Store Affiliate,3.6,88.47,06-28-2023
ORD-2156,CUST-226,32.0,Electronics,Laptop Pro,$409.77,2,International,E-Wallet,Website,4.8,96.79,09/07/2023
ORD-1971,CUST-304,42.0,Home & Kitchen,Non-stick Pan,$242.53,5,International,COD (Cash on Delivery),Store Affiliate,4.3,84.44,2023-09-07
ORD-1755,CUST-149,40.0,-,Data Science Handbook,$39.22,3,Central,Bank Transfer,Social Media,3.6,127.3,2023-07-27
ORD-1260,CUST-342,47.0,Books,Business Strategy,11.38,3,north,COD (Cash on Delivery),Website,4.4,93.1,2023-09-11
ORD-1573,CUST-289,20.0,Beauty & Care,Hair Dryer,27.55,1,International,Bank Transfer,Website,3.2,96.11,2023-08-01
ORD-2034,CUST-105,37.0,Home & Kitchen,Air Fryer, 205.84 ,1,Central,Credit Card,Website,3.1,133.61,05-15-2023
ORD-1948,CUST-318,48.0,Electronics,Bluetooth Speaker,$244.67,5,International,E-Wallet,Website,4.3,122.5,22/05/2023
ORD-1598,CUST-193,,?,Atomic Habits,17.97,4,North,E-Wallet,Store Affiliate,3.4,107.17,2023-12-26
ORD-1138,CUST-154,30.0,Books,Atomic Habits,17.01,3,International,COD (Cash on Delivery),Social Media,4.6,55.72,2023/07/02
ORD-1292,CUST-179,37.0,Books,Psychology of Money,30.68,4,International,Bank Transfer,Store Affiliate,5.0,133.95,"Jun 15, 2023"
ORD-1997,CUST-197,63.0,HOME & KITCHEN,Air Fryer,$134.84,4,NORTH,Credit Card,Social Media,3.8,55.45,21/01/2023
ORD-1141,CUST-245,52.0,Sports & Outdoors,Bicycle Helmet,138.33,4,South,Credit Card,Store Affiliate,4.7,67.14,2023/10/19
ORD-1588,CUST-109,43.0,Fashion,Men T-Shirt,170.36,3,South,Bank Transfer,Website,-1.0,28.95,2023-07-24
ORD-1541,CUST-169,59.0,BOOKS,Atomic Habits,$21.62,5,South,COD (Cash on Delivery),Website,4.2,86.38,2023/07/01
ORD-1430,CUST-114,42.0,Beauty & Care,Lipstick Matte,67.5,4,North,Credit Card,Store Affiliate,3.2,56.16,2023/01/12
ORD-1139,CUST-333,45.0,Beauty & Care,Lipstick Matte,$45.69,5,South,E-Wallet,Website,3.7,120.34,13/09/2023
ORD-1415,CUST-173,61.0,Home & Kitchen,Non-stick Pan,$58.24,4,Central,COD (Cash on Delivery),Store Affiliate,3.7,71.87,17/08/2023
ORD-1906,CUST-181,39.0,Books,Data Science Handbook,15.63,5,North,COD (Cash on Delivery),Social Media,3.6,28.69,"Apr 29, 2023"
ORD-1224,CUST-127,60.0,Fashion,Men T-Shirt,41.95,1,International,COD (Cash on Delivery),Website,3.9,114.0,2023/11/22
ORD-1371,CUST-135,24.0,Books,Business Strategy,35.06,5,North,E-Wallet,Social Media,4.6,46.83,"Oct 28, 2023"
ORD-1274,CUST-221,47.0,Books,Psychology of Money,40.75,3,Central,E-Wallet,Store Affiliate,4.5,128.17,2023-04-10
ORD-1651,CUST-127,57.0,Sports & Outdoors,Camping Tent,$129.34,3,North,E-Wallet,Website,4.7,80.05,2023-01-14
ORD-1644,CUST-288,41.0,N/A,Moisturizer Cream,82.77,4,Central,E-Wallet,Store Affiliate,3.4,55.27,2023/07/26
ORD-1739,CUST-269,45.0,SPORTS & OUTDOORS,Dumbbell Set, 52.35 ,5,International,Credit Card,Store Affiliate,4.4,82.29,2023-01-08
ORD-1617,CUST-204,27.0,Electronics,Bluetooth Speaker,953.54,3,South,Bank Transfer,Website,3.3,85.74,2023/03/13
ORD-1738,CUST-180,60.0,Books,Data Science Handbook,$22.56,2,International,E-Wallet,Mobile App,3.2,142.2,2023-04-04
ORD-1613,CUST-299,27.0,Beauty & Care,Perfume 50ml,22.96,2,VN-North,Credit Card,Store Affiliate,3.5,52.81,05/01/2023
ORD-1727,CUST-288,-999.0,Electronics,Smart Watch,$996.87,2,South  ,Bank Transfer,Website,3.5,86.17,2023-06-17
ORD-1717,CUST-211,48.0,Electronics,Laptop Pro,$384.47,5,South,Bank Transfer,Social Media,3.7,31.45,2023-06-18
ORD-1924,CUST-206,30.0,Home & Kitchen,Coffee Maker,$210.45,3,South,Bank Transfer,Social Media,3.0,115.24,2023/08/07
ORD-1610,CUST-270,31.0,Beauty & Care,Perfume 50ml, 67.57 ,2,North,Bank Transfer,Social Media,3.7,124.91,2023/05/08
ORD-1620,CUST-291,34.0,Beauty & Care,Lipstick Matte, 64.55 ,4,International,Bank Transfer,Mobile App,4.8,31.34,20/01/2023
ORD-1654,CUST-109,60.0,Home & Kitchen,Robot Vacuum,$205.93,2,International,Bank Transfer,Social Media,3.9,62.82,2023-08-29
ORD-2127,CUST-306,48.0,Sports & Outdoors,Camping Tent,$105.58,1,International,Bank Transfer,Store Affiliate,4.2,54.72,
ORD-1858,CUST-134,42.0,Electronics,Wireless Headphones,290.58,4,North,Bank Transfer,Store Affiliate,4.2,80.97,2023-10-12
ORD-1321,CUST-320,-999.0,Home & Kitchen,Coffee Maker,84.69,-3,South,COD (Cash on Delivery),Mobile App,3.8,72.22,16/10/2023
ORD-1602,CUST-348,33.0,  Electronics   ,Smart Watch,$604.68,2,South,E-Wallet,Mobile App,5.0,75.62,2023/07/19
ORD-2096,CUST-236,61.0,Fashion,Women Dress,61.23 USD,1,North,Bank Transfer,Mobile App,4.7,50.86,12-06-2023
ORD-1908,CUST-238,22.0,Books,Atomic Habits,10.19,2,International,Bank Transfer,Social Media,3.7,135.72,2023-08-13
ORD-1983,CUST-200,48.0,books,Python Cookbook, 44.8 ,5,Central,COD (Cash on Delivery),Website,4.0,49.44,"Oct 30, 2023"
ORD-1039,CUST-294,36.0,Electronics,Smartphone X, 432.54 ,2,South,E-Wallet,Store Affiliate,3.8,13.64,2023/04/18
ORD-1030,CUST-239,48.0,Beauty & Care,Face Sunscreen,66.66,4,Central,COD (Cash on Delivery),Store Affiliate,3.2,63.85,"Feb 27, 2023"
ORD-1242,CUST-335,46.0,Books,Python Cookbook,21.57,2,North,E-Wallet,Store Affiliate,3.8,96.33,2023/99/99
ORD-1701,CUST-211,32.0,Fashion,Running Shoes,$161.81,5,South,Credit Card,Social Media,3.4,45.43,2023/03/08
ORD-1136,CUST-168,55.0,Electronics,Smartphone X,"1,046.95 USD",4,International,COD (Cash on Delivery),Store Affiliate,4.9,132.62,2023-11-29
ORD-1310,CUST-250,33.0,Home & Kitchen,Air Fryer,179.14,5,Central,E-Wallet,Store Affiliate,3.8,13.61,30/08/2023
ORD-2037,CUST-161,60.0,Books,Atomic Habits, 27.59 ,4,International,Bank Transfer,Social Media,4.7,26.3,"Oct 13, 2023"
ORD-2198,CUST-162,49.0,Beauty & Care,Hair Dryer,36.97,5,International,Bank Transfer,Social Media,3.5,14.53,"Oct 14, 2023"
ORD-2097,CUST-209,64.0,Electronics,Laptop Pro, 170.83 ,1,Central,E-Wallet,Store Affiliate,4.9,54.15,07-27-2023
ORD-1036,CUST-307,36.0,Books,Atomic Habits,$999.99,2,VN-North,Credit Card,Social Media,4.5,52.72,2023/03/14
ORD-1003,CUST-289,48.0,Sports & Outdoors,Bicycle Helmet,88.35,2,North,COD (Cash on Delivery),Mobile App,3.7,108.77,06/02/2023
ORD-1111,CUST-143,28.0,N/A,Non-stick Pan,207.84 USD,5,North,Bank Transfer,Social Media,3.2,15.39,"Sep 14, 2023"
ORD-1677,CUST-347,,Home & Kitchen,Coffee Maker,154.42,5,International,E-Wallet,Website,4.3,103.81,2023/08/14
ORD-2073,CUST-341,24.0,Books,Psychology of Money,15.23,2,South,COD (Cash on Delivery),Store Affiliate,4.1,98.87,2023-06-15
ORD-1453,CUST-252,36.0,Fashion,Women Dress,126.75,2,North,E-Wallet,Website,3.4,141.6,
ORD-1885,CUST-215,19.0,Home & Kitchen,Air Fryer,202.43 USD,4,North,Bank Transfer,Store Affiliate,4.2,21.25,"Jul 25, 2023"
ORD-2019,CUST-343,53.0,Books,Psychology of Money,28.95,-1,International,Bank Transfer,Social Media,4.0,62.19,2023-01-15
ORD-1522,CUST-235,42.0,Books,Business Strategy, 21.29 ,2,intl,Bank Transfer,Social Media,4.6,45.0,2023-10-01
ORD-1314,CUST-281,44.0,Beauty & Care,Hair Dryer,88.34,2,South,COD (Cash on Delivery),Store Affiliate,4.5,112.49,2023-06-06
ORD-1989,CUST-264,39.0,Home & Kitchen,Coffee Maker,32.14,1,South,E-Wallet,Social Media,3.7,45.33,2023/05/03
ORD-1319,CUST-331,63.0,Books,Business Strategy,13.33 USD,2,North,Credit Card,Mobile App,4.2,108.89,2023-06-07
ORD-1438,CUST-112,36.0,Sports & Outdoors,Water Bottle,50.11,1,North,Bank Transfer,Website,3.7,117.36,2023-01-25
ORD-1847,CUST-345,26.0,Sports & Outdoors,Bicycle Helmet,30.43 USD,3,International,Credit Card,Mobile App,4.6,65.91,25/09/2023
ORD-1005,CUST-162,51.0,Fashion,Women Dress,156.21,5,south,Credit Card,Social Media,4.7,49.17,"May 14, 2023"
ORD-1100,CUST-190,57.0,Home & Kitchen,Coffee Maker,$202.68,2,South,Bank Transfer,Store Affiliate,3.6,18.97,07-06-2023
ORD-1049,CUST-295,,Fashion,Denim Jeans,$60.38,1,International,Credit Card,Website,3.0,70.77,2023/05/06
ORD-1548,CUST-275,49.0,Beauty & Care,Face Sunscreen,88.58 USD,2,South,COD (Cash on Delivery),Store Affiliate,3.6,148.99,"Aug 16, 2023"
ORD-1527,CUST-176,32.0,Fashion,Men T-Shirt,98.49,1,North,Bank Transfer,Store Affiliate,4.6,89.33,2023/99/99
ORD-1873,CUST-328,22.0,  Electronics   ,Smartphone X, 481.7 ,5,International,COD (Cash on Delivery),Social Media,3.6,56.64,2023-03-23
ORD-2107,CUST-310,37.0,Home & Kitchen,Blender 500W,$178.1,4,South,COD (Cash on Delivery),Website,3.7,87.9,2023/05/31
ORD-1439,CUST-249,,Beauty & Care,Face Sunscreen,61.81,2,North,Credit Card,Social Media,4.7,87.41,09-28-2023
ORD-1986,CUST-269,21.0,Fashion,Running Shoes,70.52 USD,4,South,Credit Card,Store Affiliate,3.8,61.39,10-22-2023
ORD-1227,CUST-176,44.0,Beauty & Care,Lipstick Matte,$68.91,1,South,Credit Card,Website,3.1,70.4,2023/01/01
ORD-1942,CUST-101,38.0,Beauty & Care,Lipstick Matte,$41.48,4,VN-North,Bank Transfer,Social Media,4.1,126.79,08-10-2023
ORD-1566,CUST-185,44.0,Books,Data Science Handbook,$38.10,4,Central,Credit Card,Website,4.7,65.92,2023-03-25
ORD-2006,CUST-171,36.0,Home & Kitchen,Coffee Maker,191.79 USD,2,International,COD (Cash on Delivery),Mobile App,4.1,111.75,2023/11/18
ORD-1875,CUST-209,54.0,Books,Atomic Habits,15.42,1,South,Bank Transfer,Store Affiliate,4.4,145.85,2023/08/03
ORD-1066,CUST-349,21.0,electronics,Smartphone X,$542.94,1,Central,Bank Transfer,Store Affiliate,,114.39,2023-05-28
ORD-1067,CUST-336,34.0,Home & Kitchen,Blender 500W,172.42,3,Central,COD (Cash on Delivery),Website,3.4,139.45,01-14-2023
ORD-2001,CUST-183,0.0,Electronics,Smart Watch,"1,144.47 USD",4,North,Bank Transfer,Social Media,3.9,15.13,2023/08/24
ORD-1211,CUST-216,60.0,Sports & Outdoors,Dumbbell Set,111.22,1,South,COD (Cash on Delivery),Social Media,4.8,21.41,21/04/2023
ORD-1012,CUST-328,62.0,Home & Kitchen,Air Fryer,130.42,2,South,E-Wallet,Social Media,3.5,62.13,2023-08-13
ORD-2083,CUST-278,56.0,Beauty & Care,Hair Dryer,57.16,5,North,Bank Transfer,Website,3.5,39.49,2023/06/01
ORD-1695,CUST-248,59.0,Beauty & Care,Hair Dryer,60.5,4,Central,E-Wallet,Store Affiliate,4.1,94.95,2023-09-10
ORD-1299,CUST-232,52.0,Sports & Outdoors,Dumbbell Set,110.56,5,International,Credit Card,Store Affiliate,4.9,29.74,2023-12-06
ORD-1485,CUST-271,30.0,Beauty & Care,Perfume 50ml,64.84 USD,2,south,COD (Cash on Delivery),Social Media,,53.71,28/09/2023
ORD-1816,CUST-256,46.0,Books,Python Cookbook,16.37,2,Central,Bank Transfer,Website,4.9,22.71,03-19-2023
ORD-2116,CUST-217,42.0,Fashion,Running Shoes,149.23,3,South,Credit Card,Mobile App,4.8,148.9,2023-10-08
ORD-1494,CUST-102,48.0,Beauty & Care,Moisturizer Cream,61.54,2,North,E-Wallet,Website,4.5,50.77,2023-07-19
ORD-2008,CUST-343,44.0,Beauty & Care,Face Sunscreen,$30.51,1,Central,Bank Transfer,Website,3.6,70.35,"Dec 09, 2023"
ORD-2180,CUST-204,53.0,Electronics,Smart Watch,514.53 USD,4,South,E-Wallet,Social Media,3.6,51.02,06-28-2023
ORD-1405,CUST-115,32.0,Books,Business Strategy,$28.56,2,Central,Credit Card,Website,4.2,42.88,29/09/2023
ORD-2074,CUST-283,50.0,  Books   ,Psychology of Money,38.20 USD,2,SOUTH,Credit Card,Store Affiliate,3.3,56.03,09/01/2023
ORD-1732,CUST-117,53.0,Fashion,Denim Jeans,48.66 USD,4,North,Bank Transfer,Website,3.3,127.22,2023-10-24
ORD-2162,CUST-190,39.0,Fashion,Denim Jeans, 126.17 ,1,North,Bank Transfer,Store Affiliate,3.5,44.99,2023/02/09
ORD-1714,CUST-165,300.0,Fashion,Men T-Shirt,95.54,2,  North ,COD (Cash on Delivery),Store Affiliate,3.5,15.35,04-05-2023
ORD-1710,CUST-198,45.0,Home & Kitchen,Non-stick Pan,229.39,4,South,COD (Cash on Delivery),Mobile App,3.8,76.28,23/02/2023
ORD-2084,CUST-297,42.0,Electronics,Bluetooth Speaker, 746.23 ,1,South,E-Wallet,Website,4.2,107.68,2023/10/14
ORD-1273,CUST-268,33.0,Home & Kitchen,Robot Vacuum,166.8,4,North,Bank Transfer,Mobile App,4.5,91.18,04/04/2023
ORD-1427,CUST-175,-999.0,Electronics,Smartphone X, 625.49 ,4,International,Bank Transfer,Website,4.3,97.54,"May 13, 2023"
ORD-1362,CUST-186,-999.0,Electronics,Bluetooth Speaker,1147.87,5,North,E-Wallet,Store Affiliate,4.7,143.12,2023-01-24
ORD-1237,CUST-238,31.0,Electronics,Smartphone X, 460.12 ,5,North,COD (Cash on Delivery),Store Affiliate,4.4,109.68,2023-09-05
ORD-1479,CUST-283,23.0,Home & Kitchen,Blender 500W,$193.33,3,North,COD (Cash on Delivery),Store Affiliate,4.9,94.68,02-07-2023
ORD-1002,CUST-106,41.0,Books,Atomic Habits,20.89,3,International,Credit Card,Website,3.1,136.06,2023-07-17
ORD-1006,CUST-157,40.0,Books,Atomic Habits,40.78,4,International,Credit Card,Social Media,4.6,38.5,2023-10-03
ORD-2031,CUST-163,60.0,Books,Business Strategy,17.77,1,International,Bank Transfer,Social Media,4.2,143.05,2023/08/23
ORD-1311,CUST-156,54.0,Books,Atomic Habits,36.86 USD,5,International,Credit Card,Website,3.7,38.44,06-05-2023
ORD-2068,CUST-273,32.0,SPORTS & OUTDOORS,Water Bottle,$54.48,4,missing,COD (Cash on Delivery),Website,4.7,18.92,22/06/2023
ORD-2140,CUST-162,27.0,Electronics,Laptop Pro,$885.73,4,International,E-Wallet,Mobile App,3.0,72.92,2023/10/10
ORD-1534,CUST-167,32.0,Home & Kitchen,Non-stick Pan,45.00 USD,5,International,Credit Card,Social Media,4.8,55.0,14/04/2023
ORD-1818,CUST-296,45.0,Beauty & Care,Hair Dryer, 34.84 ,2,North,Credit Card,Store Affiliate,4.3,46.15,09-29-2023
ORD-2113,CUST-262,46.0,Sports & Outdoors,Dumbbell Set,$103.96,3,South,COD (Cash on Delivery),Store Affiliate,4.5,128.95,2023-08-15
ORD-1215,CUST-324,47.0,Books,Atomic Habits,$26.60,5,International,Credit Card,Store Affiliate,3.7,98.57,19/10/2023
ORD-1532,CUST-324,38.0,Sports & Outdoors,Camping Tent,52.5,4,South,Bank Transfer,Mobile App,3.9,57.3,2023-12-03
ORD-1027,CUST-283,30.0,Sports & Outdoors,Water Bottle,45.44,2,South,E-Wallet,Social Media,3.1,95.36,2023-03-16
ORD-2178,CUST-161,,Books,Business Strategy,$32.38,5,Central,Credit Card,Store Affiliate,4.3,138.99,2023/11/06
ORD-1428,CUST-155,37.0,Fashion,Men T-Shirt,41.34,5,International,E-Wallet,Mobile App,4.3,142.7,"May 11, 2023"
ORD-1692,CUST-348,-999.0,Electronics,Smart Watch,470.75,5,South,COD (Cash on Delivery),Website,3.6,61.64,2023/12/09
ORD-1842,CUST-299,21.0,Beauty & Care,Face Sunscreen,82.27,5,North,Bank Transfer,Store Affiliate,4.2,13.04,2023-05-23
ORD-1721,CUST-306,23.0,Beauty & Care,Face Sunscreen,$49.85,4,North,Credit Card,Social Media,3.2,68.74,2023-10-30
ORD-1523,CUST-102,,Electronics,Smartphone X,$203.40,2,International,Bank Transfer,Store Affiliate,3.7,29.79,2023/11/05
ORD-1936,CUST-319,46.0,Sports & Outdoors,Camping Tent, 29.51 ,1,International,Credit Card,Mobile App,3.1,124.98,03/11/2023
ORD-2110,CUST-210,41.0,Home & Kitchen,Blender 500W,225.72,4,Central,Bank Transfer,Website,4.5,138.96,2023-02-12
ORD-1354,CUST-113,0.0,Fashion,Women Dress,$20.03,1,South,COD (Cash on Delivery),Social Media,,104.27,02-24-2023
ORD-2090,CUST-130,28.0,Home & Kitchen,Coffee Maker,168.57,5,South,Bank Transfer,Website,4.4,98.39,02-08-2023
ORD-1597,CUST-178,58.0,Sports & Outdoors,Water Bottle,96.87 USD,4,South,Credit Card,Website,3.3,36.27,2023-04-28
ORD-1256,CUST-114,44.0,Sports & Outdoors,Water Bottle,62.0,5,International,Bank Transfer,Social Media,,138.29,2023-01-04
ORD-1291,CUST-282,64.0,sports & outdoors,Water Bottle, 77.0 ,4,North,Credit Card,Mobile App,3.4,71.45,2023-03-21
ORD-1025,CUST-243,62.0,Sports & Outdoors,Bicycle Helmet,$98.36,1,North,E-Wallet,Store Affiliate,4.7,21.83,05/03/2023
ORD-1336,CUST-247,18.0,Beauty & Care,Moisturizer Cream,$33.07,2,South,COD (Cash on Delivery),Store Affiliate,4.5,81.8,17/04/2023
ORD-1549,CUST-262,25.0,Fashion,Denim Jeans,21.41,3,South,COD (Cash on Delivery),Mobile App,3.6,21.4,"Apr 17, 2023"
ORD-1047,CUST-155,26.0,,Psychology of Money, 31.04 ,2,Central,Credit Card,Mobile App,4.5,57.73,2023-12-30
ORD-1318,CUST-117,48.0,Beauty & Care,Perfume 50ml,67.54,3,Central,Bank Transfer,Mobile App,3.4,25.35,2023-08-19
ORD-1106,CUST-274,58.0,Electronics,Laptop Pro,1070.32,4,Central,Bank Transfer,Social Media,3.4,98.25,2023-03-29
ORD-1865,CUST-181,,  Electronics   ,Bluetooth Speaker, 348.47 ,3,Central,COD (Cash on Delivery),Website,4.1,139.13,2023-01-31
ORD-1055,CUST-191,58.0,Fashion,Leather Jacket,$80.24,2,Central,Credit Card,Mobile App,4.8,64.34,N/A
ORD-1692,CUST-348,-999.0,Electronics,Smart Watch,470.75,5,South,COD (Cash on Delivery),Website,3.6,61.64,2023/12/09
ORD-1213,CUST-344,53.0,Home & Kitchen,Blender 500W,113.66,4,North,Bank Transfer,Website,4.5,147.65,07/09/2023
ORD-1120,CUST-263,62.0,Sports & Outdoors,Camping Tent,123.51,2,Central,E-Wallet,Website,4.7,46.04,04/09/2023
ORD-1851,CUST-112,25.0,,Hair Dryer, 74.22 ,5,,Bank Transfer,Mobile App,3.2,57.3,2023-06-14
ORD-1478,CUST-271,26.0,Sports & Outdoors,Bicycle Helmet, 133.11 ,4,Central,COD (Cash on Delivery),Mobile App,4.0,126.24,06-19-2023
ORD-1994,CUST-146,29.0,Home & Kitchen,Blender 500W,210.64,1,Central,E-Wallet,Mobile App,3.6,35.02,2023/11/06
ORD-1072,CUST-312,49.0,Home & Kitchen,Coffee Maker,247.44,2,North,Bank Transfer,Website,3.9,21.98,05-30-2023
ORD-1410,CUST-167,34.0,?,Lipstick Matte,$53.12,3,International,E-Wallet,Website,3.8,18.51,04/02/2023
ORD-1649,CUST-301,50.0,Electronics,Smart Watch,319.0,4,International,Credit Card,Mobile App,4.2,103.08,14/06/2023
ORD-1806,CUST-272,56.0,Sports & Outdoors,Dumbbell Set,$60.43,5,International,Bank Transfer,Social Media,3.9,39.49,19/09/2023
ORD-1545,CUST-283,20.0,Books,Data Science Handbook, 28.57 ,5,South,Credit Card,Website,4.8,109.24,03-05-2023
ORD-1432,CUST-288,24.0,Home & Kitchen,Air Fryer,$95.76,2,International,COD (Cash on Delivery),Mobile App,4.2,12.79,"Mar 03, 2023"
ORD-1490,CUST-337,50.0,Fashion,Women Dress,$70.02,4,South,E-Wallet,Mobile App,4.8,38.37,10-22-2023
ORD-1967,CUST-199,23.0,sports & outdoors,Yoga Mat,134.51 USD,5,South,E-Wallet,Store Affiliate,3.9,84.9,2023-12-07
ORD-1848,CUST-278,34.0,Beauty & Care,Hair Dryer,54.74,3,North,Credit Card,Website,4.3,126.77,2023-08-04
ORD-1596,CUST-110,-999.0,Electronics,Laptop Pro,735.99 USD,2,North,E-Wallet,Mobile App,3.9,53.66,2023/06/03
ORD-1780,CUST-219,40.0,Electronics,Smartphone X,903.17,1,South,Bank Transfer,Store Affiliate,3.5,36.75,"May 15, 2023"
ORD-1583,CUST-326,41.0,Beauty & Care,Lipstick Matte, 55.33 ,2,Central,Bank Transfer,Website,,74.8,2023-08-22
ORD-1543,CUST-254,25.0,books,Psychology of Money,17.65 USD,2,International,Credit Card,Store Affiliate,4.7,101.28,2023-03-12
ORD-1325,CUST-160,49.0,Fashion,Leather Jacket,$154.25,2,South,E-Wallet,Mobile App,3.6,149.03,"Jul 26, 2023"
ORD-1554,CUST-164,42.0,Fashion,Leather Jacket,119.38,5,VN-Central,E-Wallet,Mobile App,3.8,32.69,2023/07/24
ORD-2000,CUST-216,51.0,Beauty & Care,Hair Dryer,35.18,5,central,E-Wallet,Social Media,3.8,60.01,"Aug 14, 2023"
ORD-1316,CUST-115,38.0,Books,Business Strategy,21.84,1,North,COD (Cash on Delivery),Social Media,3.4,126.35,2023-07-01
ORD-1666,CUST-323,49.0,Electronics,Smartphone X,$497.39,2,Global,E-Wallet,Website,3.3,127.58,2023-01-08
ORD-2196,CUST-203,22.0,Books,Psychology of Money,$10.32,1,Central,Bank Transfer,Mobile App,4.3,144.75,2023/03/29
ORD-1570,CUST-350,,Sports & Outdoors,Dumbbell Set,49.06,3,South,Bank Transfer,Website,3.1,139.08,06/11/2023
ORD-1736,CUST-184,44.0,-,Women Dress,$137.75,5,VN-Central,COD (Cash on Delivery),Website,,136.8,"Jan 25, 2023"
ORD-2063,CUST-248,29.0,Electronics,Bluetooth Speaker,$287.70,4,Central,Credit Card,Social Media,3.4,146.63,"Apr 14, 2023"
ORD-2042,CUST-244,23.0,Books,Data Science Handbook,34.44,5,South,COD (Cash on Delivery),Social Media,5.0,129.59,2023/06/28
ORD-1590,CUST-194,30.0,Sports & Outdoors,Dumbbell Set,44.22 USD,4,International,Credit Card,Store Affiliate,3.1,126.12,2023-07-01
ORD-1060,CUST-306,36.0,Books,Python Cookbook,$38.85,3,Central,COD (Cash on Delivery),Store Affiliate,4.9,74.89,2023-05-21
ORD-1433,CUST-238,33.0,Sports & Outdoors,Bicycle Helmet,$112.69,2,Central,COD (Cash on Delivery),Social Media,3.2,111.11,11-25-2023
ORD-1777,CUST-255,62.0,Electronics,Wireless Headphones,372.09,1,South,E-Wallet,Social Media,4.3,127.22,2023-12-09
ORD-1092,CUST-197,42.0,Books,Business Strategy,23.59 USD,2,North,Bank Transfer,Mobile App,4.3,77.23,2023-01-15
ORD-1930,CUST-331,29.0,Fashion,Women Dress,$65.76,2,International,E-Wallet,Social Media,3.2,70.96,2023-05-30
ORD-1464,CUST-248,60.0,Sports & Outdoors,Yoga Mat,49.99 USD,5,South,COD (Cash on Delivery),Mobile App,4.9,44.62,2023/02/14
ORD-1351,CUST-219,39.0,Sports & Outdoors,Water Bottle,37.83,1,North,Credit Card,Website,4.8,29.16,2023-09-15
ORD-2010,CUST-207,61.0,Sports & Outdoors,Yoga Mat,$56.21,5,North,Bank Transfer,Social Media,3.7,146.06,2023/04/21
ORD-1280,CUST-323,50.0,Home & Kitchen,Coffee Maker,89.8,4,International,Bank Transfer,Store Affiliate,3.2,123.96,06-06-2023
ORD-1497,CUST-244,39.0,Books,Python Cookbook,39.05,4,International,Credit Card,Mobile App,4.9,88.54,26/04/2023
ORD-2002,CUST-186,57.0,Books,Data Science Handbook,$33.91,5,North,COD (Cash on Delivery),Website,4.3,113.42,2023-10-21
ORD-1359,CUST-115,52.0,Fashion,Men T-Shirt,$101.33,1,North,COD (Cash on Delivery),Website,3.6,49.56,09-03-2023
ORD-1901,CUST-282,43.0,Home & Kitchen,Robot Vacuum,118.12,2,South,COD (Cash on Delivery),Store Affiliate,3.1,108.87,"Sep 26, 2023"
ORD-1591,CUST-249,25.0,HOME & KITCHEN,Air Fryer,131.03 USD,2,South,E-Wallet,Website,3.1,11.37,2023/07/04
ORD-1910,CUST-135,58.0,Beauty & Care,Moisturizer Cream,$25.90,3,International,COD (Cash on Delivery),Social Media,4.5,112.25,"Mar 05, 2023"
ORD-1774,CUST-210,19.0,Books,Psychology of Money,$15.80,3,Unknown,COD (Cash on Delivery),Website,3.0,21.38,2023-08-22
ORD-1481,CUST-161,38.0,Books,Data Science Handbook,18.32,1,Central,Credit Card,Mobile App,4.1,113.02,2023/11/28
ORD-1536,CUST-327,22.0,Beauty & Care,Moisturizer Cream,46.19,4,International,COD (Cash on Delivery),Mobile App,3.8,66.91,25/03/2023
ORD-1781,CUST-213,18.0,Beauty & Care,Moisturizer Cream,23.87,3,,Credit Card,Website,4.5,115.82,2023-02-02
ORD-1182,CUST-208,61.0,Sports & Outdoors,Yoga Mat,115.98,5,South,E-Wallet,Mobile App,3.7,44.16,2023-04-08
ORD-2047,CUST-165,39.0,Sports & Outdoors,Bicycle Helmet,97.63 USD,1,International,Credit Card,Mobile App,3.6,116.5,2023/06/30
ORD-1903,CUST-160,65.0,Electronics,Smartphone X, 728.11 ,4,International,E-Wallet,Website,4.3,23.42,2023/11/18
ORD-1110,CUST-262,23.0,Sports & Outdoors,Bicycle Helmet,$57.33,3,North,Bank Transfer,Store Affiliate,4.4,26.02,28/10/2023
ORD-1370,CUST-214,45.0,Sports & Outdoors,Camping Tent,107.15,4,International,Credit Card,Mobile App,3.7,68.54,2023-11-07
ORD-1458,CUST-203,58.0,Beauty & Care,Moisturizer Cream,$78.55,5,International,COD (Cash on Delivery),Mobile App,5.0,65.71,2023/02/17
ORD-1239,CUST-299,53.0,Home & Kitchen,Blender 500W,$139.20,1,International,Bank Transfer,Website,4.3,135.64,2023-05-26
ORD-2065,CUST-337,-999.0,Fashion,Women Dress,$56.57,3,South  ,COD (Cash on Delivery),Mobile App,4.8,40.99,2023-12-29
ORD-1678,CUST-297,58.0,Home & Kitchen,Non-stick Pan,110.19,2,Central,COD (Cash on Delivery),Website,3.9,111.99,2023-03-10
ORD-1931,CUST-297,58.0,Home & Kitchen,Blender 500W,$37.39,1,Central,Bank Transfer,Social Media,,57.54,"Apr 26, 2023"
ORD-1204,CUST-296,24.0,books,Data Science Handbook,18.95,2,International,Bank Transfer,Store Affiliate,3.2,118.7,2023/08/15
ORD-1888,CUST-163,57.0,Sports & Outdoors,Camping Tent,94.36 USD,5,North,E-Wallet,Mobile App,4.0,22.62,11/12/2023
ORD-1872,CUST-284,47.0,Books,Atomic Habits,34.07,3,International,E-Wallet,Website,3.9,28.18,07-20-2023
ORD-1261,CUST-120,25.0,Sports & Outdoors,Camping Tent,61.32,4,International,Bank Transfer,Store Affiliate,3.7,61.78,2023/03/25
ORD-1538,CUST-290,47.0,Home & Kitchen,Robot Vacuum,$50.23,5,Central,Bank Transfer,Store Affiliate,4.1,106.66,2023-05-19
ORD-1713,CUST-148,34.0,Books,Atomic Habits,44.96,1,Central,E-Wallet,Mobile App,4.8,123.04,2023-05-09
ORD-2193,CUST-123,58.0,Beauty & Care,Lipstick Matte,$84.16,5,International,Bank Transfer,Mobile App,4.9,138.82,2023-10-30
ORD-1339,CUST-300,44.0,Home & Kitchen,Blender 500W,79.0,1,International,COD (Cash on Delivery),Website,3.9,54.07,"May 31, 2023"
ORD-1718,CUST-100,22.0,Beauty & Care,Face Sunscreen,$72.91,3,South,COD (Cash on Delivery),Social Media,3.6,113.07,2023/12/30
ORD-1716,CUST-281,61.0,Books,Python Cookbook,$22.80,1,South,E-Wallet,Store Affiliate,,135.2,2023/06/04
ORD-1836,CUST-328,60.0,Fashion,Women Dress,100.53,2,International,Credit Card,Mobile App,4.5,100.7,"Apr 26, 2023"
ORD-1183,CUST-252,35.0,Beauty & Care,Hair Dryer,59.73,2,International,Bank Transfer,Store Affiliate,4.7,44.03,2023-02-02
ORD-1137,CUST-116,60.0,Books,Psychology of Money,$14.81,2,North,Credit Card,Website,3.7,30.03,2023-04-11
ORD-1439,CUST-249,,Beauty & Care,Face Sunscreen,61.81,2,North,Credit Card,Social Media,4.7,87.41,09-28-2023
ORD-2061,CUST-179,41.0,Books,Business Strategy,19.79,2,Central,Credit Card,Social Media,4.1,47.39,2023/04/06
ORD-1879,CUST-214,63.0,Fashion,Women Dress,$87.77,3,North,E-Wallet,Mobile App,3.8,74.22,"May 08, 2023"
ORD-1080,CUST-280,54.0,Books,Python Cookbook,36.79,4,International,COD (Cash on Delivery),Mobile App,3.2,119.54,2023-12-11
ORD-1542,CUST-172,44.0,Books,Python Cookbook,22.63,2,Central,COD (Cash on Delivery),Social Media,4.8,53.82,2023-01-14
ORD-1857,CUST-216,26.0,Electronics,Bluetooth Speaker,$252.60,4,Central,Bank Transfer,Social Media,3.6,136.12,12-29-2023
ORD-2188,CUST-282,37.0,Electronics,Smart Watch,$1006.15,4,,Bank Transfer,Store Affiliate,4.5,146.19,28/01/2023
ORD-1029,CUST-279,65.0,Beauty & Care,Moisturizer Cream,71.17,1,International,COD (Cash on Delivery),Mobile App,3.2,130.79,24/10/2023
ORD-1783,CUST-272,27.0,Sports & Outdoors,Yoga Mat,$126.4,2,North,Credit Card,Website,3.7,17.47,07/08/2023
ORD-1471,CUST-249,20.0,Beauty & Care,Face Sunscreen,37.14,2,South,Credit Card,Website,3.2,47.8,2023/12/17
ORD-1982,CUST-332,56.0,Sports & Outdoors,Bicycle Helmet,$104.21,3,North,COD (Cash on Delivery),Store Affiliate,4.7,16.8,02-25-2023
ORD-1165,CUST-249,49.0,Home & Kitchen,Blender 500W,$112.08,2,North,Credit Card,Mobile App,3.2,20.82,2023-05-07
ORD-1248,CUST-128,56.0,Electronics,Smart Watch,306.60 USD,4,North,Bank Transfer,Social Media,3.5,67.24,2023/10/15
ORD-1307,CUST-250,38.0,Electronics,Laptop Pro,424.69,1,Central,Bank Transfer,Social Media,4.4,121.86,18/05/2023
ORD-1909,CUST-120,50.0,Books,Python Cookbook, 13.19 ,1,North,Bank Transfer,Social Media,3.1,124.77,2023-06-02
ORD-2160,CUST-224,63.0,Fashion,Men T-Shirt,154.16,1,International,Bank Transfer,Mobile App,3.9,142.37,2023/10/04
ORD-1334,CUST-325,51.0,Beauty & Care,Lipstick Matte,20.61,3,North,Bank Transfer,Social Media,3.8,48.66,"Dec 27, 2023"
ORD-1097,CUST-193,45.0,Beauty & Care,Hair Dryer,$69.49,3,South,E-Wallet,Social Media,4.1,48.7,2023-10-27
ORD-2120,CUST-145,,Books,Python Cookbook,$39.71,5,Central,Bank Transfer,Store Affiliate,4.8,118.85,2023/01/14
ORD-2066,CUST-179,49.0,Electronics,Smart Watch,254.86,2,,E-Wallet,Store Affiliate,4.3,12.53,06/09/2023
ORD-1868,CUST-328,65.0,Electronics,Smartphone X,$756.89,1,South,Credit Card,Mobile App,3.8,142.0,15/03/2023
ORD-2015,CUST-104,39.0,Home & Kitchen,Air Fryer,$178.68,4,Central,E-Wallet,Mobile App,3.3,112.58,"Jun 18, 2023"
ORD-1741,CUST-131,21.0,Beauty & Care,Moisturizer Cream,19.71,5,North,Bank Transfer,Website,,66.44,2023/11/21
ORD-1785,CUST-230,60.0,Beauty & Care,Moisturizer Cream,$51.11,3,CENTRAL,Bank Transfer,Social Media,3.4,34.92,2023-01-14
ORD-2125,CUST-169,21.0,Beauty & Care,Face Sunscreen,36.85,2,North,Bank Transfer,Store Affiliate,4.9,68.55,06/05/2023
ORD-1302,CUST-163,39.0,Home & Kitchen,Robot Vacuum,$58.74,1,Central,Bank Transfer,Social Media,4.6,115.68,"Sep 22, 2023"
ORD-2009,CUST-312,39.0,Electronics,Bluetooth Speaker,$362.90,4,South,Bank Transfer,Mobile App,4.9,48.46,14/01/2023
ORD-1388,CUST-238,33.0,Sports & Outdoors,Water Bottle,48.44 USD,3,North,E-Wallet,Store Affiliate,4.8,133.33,"Jul 31, 2023"
ORD-1235,CUST-295,46.0,Fashion,Men T-Shirt,$52.27,5,North,Bank Transfer,Store Affiliate,4.7,66.32,2023-06-18
ORD-1876,CUST-312,45.0,Electronics,Laptop Pro,$834.15,2,Central,Bank Transfer,Mobile App,3.9,53.3,2023-07-20
ORD-1767,CUST-203,59.0,FASHION,Leather Jacket,$76.46,2,North,E-Wallet,Website,4.5,35.99,
ORD-1305,CUST-186,42.0,Electronics,Laptop Pro,581.85,2,International,Credit Card,Mobile App,4.0,144.38,2023-11-01
ORD-1832,CUST-137,61.0,Fashion,Men T-Shirt,96.14,3,International,Bank Transfer,Store Affiliate,3.7,131.71,2023/03/26
ORD-1993,CUST-218,59.0,?,Python Cookbook,33.58,4,missing,COD (Cash on Delivery),Mobile App,4.6,85.98,2023-12-30
ORD-1249,CUST-337,33.0,Fashion,Leather Jacket,34.41,2,Central,Credit Card,Store Affiliate,4.7,72.97,2023-09-15
ORD-1862,CUST-235,50.0,Electronics,Laptop Pro,$447.43,2,central,COD (Cash on Delivery),Social Media,4.1,66.11,2023-11-10
ORD-1071,CUST-175,43.0,Electronics,Smart Watch,$217.03,4,North,COD (Cash on Delivery),Store Affiliate,4.6,143.14,"Jul 05, 2023"
ORD-1094,CUST-216,46.0,,Perfume 50ml,$68.11,5,International,E-Wallet,Store Affiliate,3.5,40.5,"Oct 26, 2023"
ORD-1589,CUST-313,35.0,Fashion,Denim Jeans,$139.5,1,Central,COD (Cash on Delivery),Store Affiliate,,83.41,02-21-2023
ORD-1033,CUST-214,55.0,Beauty & Care,Lipstick Matte,27.22 USD,3,North,E-Wallet,Social Media,,35.82,31/07/2023
ORD-1844,CUST-156,31.0,Books,Business Strategy,32.72,3,South,COD (Cash on Delivery),Social Media,3.4,73.9,25/07/2023
ORD-1448,CUST-230,65.0,Sports & Outdoors,Dumbbell Set,65.30 USD,4,International,Credit Card,Social Media,3.6,122.18,2023-06-17
ORD-1445,CUST-140,18.0,Books,Data Science Handbook,43.54 USD,1,International,COD (Cash on Delivery),Store Affiliate,3.2,85.0,2023-08-12
ORD-1963,CUST-169,41.0,Fashion,Women Dress,67.08 USD,3,North,E-Wallet,Store Affiliate,3.2,73.04,2023-09-11
ORD-1630,CUST-145,38.0,Electronics,Bluetooth Speaker,"$1,109.88",5,south,Credit Card,Mobile App,4.5,92.9,03/08/2023
ORD-1798,CUST-262,47.0,Fashion,Running Shoes, 61.32 ,4,North,COD (Cash on Delivery),Mobile App,3.8,99.86,2023/06/07
ORD-1077,CUST-192,21.0,Beauty & Care,Lipstick Matte,$81.93,1,South,Credit Card,Mobile App,4.6,96.18,2023-06-06
ORD-1084,CUST-158,25.0,Electrnics,Smart Watch,780.03,4,Central,COD (Cash on Delivery),Website,3.1,89.58,03-07-2023
ORD-1582,CUST-341,61.0,Home & Kitchen,Air Fryer,52.86,5,VN-South,Bank Transfer,Mobile App,3.8,45.17,"Feb 27, 2023"
ORD-1082,CUST-111,23.0,,Air Fryer,207.19 USD,1,International,Bank Transfer,Website,4.2,95.12,21/03/2023
ORD-1457,CUST-160,32.0,Fashion,Leather Jacket,$65.75,3,South,E-Wallet,Social Media,5.0,24.35,2023-10-17
ORD-1796,CUST-231,42.0,Electronics,Smartphone X,750.88,5,North,Bank Transfer,Store Affiliate,4.4,91.02,03-06-2023
ORD-1436,CUST-180,40.0,Fashion,Denim Jeans, 169.68 ,1,South,Bank Transfer,Mobile App,3.2,108.66,2023-07-22
ORD-1890,CUST-263,62.0,Sports & Outdoors,Camping Tent,$63.33,4,North,Bank Transfer,Store Affiliate,4.1,105.86,"Apr 16, 2023"
ORD-1965,CUST-224,22.0,Books,Business Strategy,38.1,1,Central,Credit Card,Social Media,3.8,76.3,"Oct 30, 2023"
ORD-1404,CUST-331,27.0,Home & Kitchen,Coffee Maker,$139.74,5,International,Bank Transfer,Store Affiliate,-1.0,67.68,13/10/2023
ORD-2085,CUST-177,27.0,Electronics,Laptop Pro,568.32 USD,4,International,E-Wallet,Mobile App,3.7,104.22,03/10/2023
ORD-1668,CUST-157,46.0,Fashion,Running Shoes,$124.88,5,Central,COD (Cash on Delivery),Website,4.7,78.61,"Apr 25, 2023"
ORD-1889,CUST-315,47.0,Home & Kitchen,Blender 500W,85.83 USD,5,International,E-Wallet,Mobile App,3.3,44.26,03-19-2023
ORD-1104,CUST-279,24.0,Books,Business Strategy,39.59,1,Central,Bank Transfer,Mobile App,3.6,131.67,"Sep 02, 2023"
ORD-1823,CUST-261,35.0,Beauty & Care,Perfume 50ml,32.24,1,Central,Bank Transfer,Website,3.1,36.1,04/10/2023
ORD-1650,CUST-279,32.0,Home & Kitchen,Air Fryer,$78.57,4,North,Credit Card,Mobile App,4.1,55.79,01-15-2023
ORD-1062,CUST-286,48.0,Fashion,Denim Jeans,36.37,1,International,Credit Card,Mobile App,5.0,89.56,2023-01-19
ORD-1281,CUST-255,65.0,Fashion,Women Dress,81.71,3,Central,E-Wallet,Mobile App,4.9,112.85,2023-06-13
ORD-1711,CUST-330,38.0,Books,Psychology of Money, 29.31 ,3,North,Bank Transfer,Store Affiliate,3.2,132.49,"May 08, 2023"
ORD-1238,CUST-344,35.0,Electronics,Bluetooth Speaker,191.38,1,Central,Bank Transfer,Store Affiliate,3.5,26.66,2023/09/21
ORD-1223,CUST-333,18.0,Electronics,Laptop Pro,$785.92,1,Central,COD (Cash on Delivery),Store Affiliate,3.3,140.22,2023/10/29
ORD-1145,CUST-154,35.0,Electronics,Bluetooth Speaker,967.89,3,South,COD (Cash on Delivery),Website,3.8,97.07,2023/04/27
ORD-2161,CUST-154,59.0,Sports & Outdoors,Dumbbell Set,$28.57,1,Central,Credit Card,Store Affiliate,3.1,55.5,07-02-2023
ORD-1373,CUST-146,63.0,Fashion,Men T-Shirt,$141.49,5,Central,COD (Cash on Delivery),Store Affiliate,4.2,91.75,31/01/2023
ORD-1118,CUST-169,44.0,Home & Kitchen,Robot Vacuum,$193.73,4,South,E-Wallet,Social Media,3.8,110.04,2023/03/28
ORD-1869,CUST-213,20.0,Beauty & Care,Moisturizer Cream,23.84,5,South,Credit Card,Mobile App,4.8,37.78,09-04-2023
ORD-1250,CUST-192,63.0,Home & Kitchen,Coffee Maker,$142.58,2,Central,Credit Card,Store Affiliate,3.2,126.87,06-08-2023
ORD-2199,CUST-178,56.0,Beauty & Care,Face Sunscreen,$32.34,4,International,E-Wallet,Store Affiliate,4.4,104.76,2023/08/18
ORD-1009,CUST-126,53.0,Beauty & Care,Perfume 50ml,$77.47,2,Central,Bank Transfer,Store Affiliate,4.7,42.28,2023-11-28
ORD-1449,CUST-120,21.0,Beauty & Care,Lipstick Matte,23.66,1,Central,COD (Cash on Delivery),Website,4.8,137.49,N/A
ORD-1947,CUST-199,22.0,Books,Data Science Handbook,$12.40,1,South,E-Wallet,Mobile App,3.9,130.75,2023/05/24
ORD-1389,CUST-314,51.0,Home & Kitchen,Coffee Maker,234.65,1,South,Credit Card,Store Affiliate,4.0,115.69,2023/03/19
ORD-1672,CUST-202,56.0,Home & Kitchen,Non-stick Pan,99.91 USD,3,South,COD (Cash on Delivery),Social Media,4.5,70.96,2023/02/27
ORD-1976,CUST-219,20.0,Books,Business Strategy,26.06 USD,2,South,Credit Card,Mobile App,4.9,140.78,07/11/2023
ORD-1557,CUST-316,60.0,Books,Psychology of Money,21.23,1,VN-Central,COD (Cash on Delivery),Social Media,3.7,71.26,2023/07/14
ORD-1460,CUST-341,57.0,Books,Psychology of Money,$28.30,5,Central,Credit Card,Store Affiliate,4.2,31.97,"Feb 27, 2023"
ORD-2146,CUST-215,19.0,Sports & Outdoors,Yoga Mat,93.55,5,International,COD (Cash on Delivery),Mobile App,,74.96,2023-10-25
ORD-1144,CUST-180,27.0,Fashion,Running Shoes,$134.51,4,North,Bank Transfer,Mobile App,4.5,146.29,26/09/2023
ORD-1501,CUST-154,27.0,Fashion,Denim Jeans,$140.82,2,International,Bank Transfer,Store Affiliate,4.5,44.25,2023-05-13
ORD-2149,CUST-218,43.0,Electronics,Smartphone X,$953.25,4,North,Credit Card,Social Media,3.1,63.67,22/10/2023
ORD-1539,CUST-241,62.0,Sports & Outdoors,Bicycle Helmet,52.65,3,South,Credit Card,Mobile App,3.2,115.71,04-30-2023
ORD-1177,CUST-139,32.0,Electronics,Bluetooth Speaker,$768.10,4,North,COD (Cash on Delivery),Website,4.7,83.42,11-08-2023
ORD-1865,CUST-181,,  Electronics   ,Bluetooth Speaker, 348.47 ,3,Central,COD (Cash on Delivery),Website,4.1,139.13,2023-01-31
ORD-2142,CUST-339,23.0,Electronics,Wireless Headphones,$325.26,4,South,Bank Transfer,Store Affiliate,4.5,34.87,04-09-2023
ORD-1628,CUST-304,33.0,Home & Kitchen,Air Fryer,61.7,5,South,E-Wallet,Website,5.0,56.22,2023-08-01
ORD-1068,CUST-196,48.0,Fashion,Running Shoes,$999.99,2,South,Bank Transfer,Website,4.5,28.46,2023/04/24
ORD-1007,CUST-135,45.0,Fashion,Running Shoes,24.63 USD,4,North,Bank Transfer,Website,3.6,29.2,03/03/2023
ORD-1852,CUST-242,18.0,Home & Kitchen,Coffee Maker,113.87,1,North,Bank Transfer,Mobile App,3.5,105.0,03-11-2023
ORD-1914,CUST-277,30.0,Home & Kitchen,Air Fryer, 78.79 ,4,International,COD (Cash on Delivery),Social Media,3.4,78.36,20/03/2023
ORD-1357,CUST-265,63.0,Home & Kitchen,Blender 500W,166.19,3,Unknown,Credit Card,Website,3.7,123.94,2023/99/99
ORD-1329,CUST-154,55.0,  Beauty & Care   ,Hair Dryer,63.25,5,,COD (Cash on Delivery),Mobile App,5.0,21.07,2023-11-27
ORD-1759,CUST-197,35.0,Electronics,Smartphone X,836.36,4,South,Bank Transfer,Store Affiliate,5.0,57.8,15/11/2023
ORD-1899,CUST-212,51.0,Fashion,Men T-Shirt,$45.89,1,International,Credit Card,Mobile App,3.9,103.58,2023/09/24
ORD-1258,CUST-324,32.0,fashion,Leather Jacket,$35.97,1,North,Bank Transfer,Store Affiliate,4.4,21.73,2023-09-18
ORD-1941,CUST-222,57.0,Fashion,Women Dress,144.75,3,North,COD (Cash on Delivery),Mobile App,,105.53,"Dec 26, 2023"
ORD-1966,CUST-107,59.0,Books,Python Cookbook,$43.48,5,North,COD (Cash on Delivery),Social Media,3.1,56.91,11/08/2023
ORD-1984,CUST-251,50.0,Fashion,Running Shoes,$128.31,3,South,Bank Transfer,Mobile App,10.0,27.02,2023-11-26
ORD-2106,CUST-207,33.0,?,Robot Vacuum,108.12,3,North,Bank Transfer,Social Media,3.1,146.27,2023/02/23
ORD-1898,CUST-170,43.0,Sports & Outdoors,Yoga Mat,112.41 USD,4,International,E-Wallet,Mobile App,4.7,137.8,"Mar 02, 2023"
ORD-1525,CUST-309,24.0,Fashion,Running Shoes,$118.50,4,South,E-Wallet,Mobile App,4.3,76.29,2023/03/07
ORD-1881,CUST-140,44.0,Fashion,Leather Jacket,$64.09,2,International,Credit Card,Mobile App,4.1,10.12,2023-02-06
ORD-1707,CUST-255,64.0,Books,Python Cookbook, 30.37 ,4,South,E-Wallet,Social Media,3.5,149.61,2023-07-26
ORD-1811,CUST-137,57.0,home & kitchen,Air Fryer,67.52,5,Central,COD (Cash on Delivery),Social Media,4.9,39.04,01-09-2023
ORD-2183,CUST-294,51.0,Home & Kitchen,Blender 500W,127.21 USD,2,International,Bank Transfer,Store Affiliate,3.2,74.57,2023-10-11
ORD-1440,CUST-222,36.0,Sports & Outdoors,Water Bottle, 61.32 ,5,intl,E-Wallet,Mobile App,3.8,101.69,31/01/2023
ORD-1531,CUST-340,53.0,Beauty & Care,Face Sunscreen,38.84,2,International,E-Wallet,Mobile App,3.7,53.6,2023-04-28
ORD-1226,CUST-260,47.0,Fashion,Women Dress,36.79,4,North,Credit Card,Store Affiliate,3.6,14.77,"Aug 22, 2023"
ORD-1228,CUST-315,21.0,  Electronics   ,Bluetooth Speaker,273.62,4,International,Credit Card,Social Media,4.2,106.61,05-09-2023
ORD-2080,CUST-260,39.0,Electronics,Wireless Headphones, 906.59 ,5,Central,Credit Card,Store Affiliate,4.6,72.21,25/12/2023
ORD-1212,CUST-100,43.0,Home & Kitchen,Robot Vacuum,121.69,5,International,E-Wallet,Store Affiliate,4.8,68.94,03/11/2023
ORD-1079,CUST-149,27.0,  Electronics   ,Bluetooth Speaker,307.43 USD,4,Central,Bank Transfer,Mobile App,3.4,102.29,2023-08-14
ORD-1148,CUST-201,21.0,Books,Atomic Habits,16.19,1,International,Credit Card,Mobile App,3.1,140.24,2023/12/07
ORD-1636,CUST-336,65.0,Books,Psychology of Money,$29.43,4,International,COD (Cash on Delivery),Social Media,,33.53,2023-04-03
ORD-1762,CUST-331,45.0,Sports & Outdoors,Dumbbell Set,129.43 USD,3,Central,E-Wallet,Mobile App,3.7,89.27,08-14-2023
ORD-1634,CUST-145,21.0,Fashion,Women Dress,171.91,1,International,E-Wallet,Mobile App,3.2,103.59,2023-03-19
ORD-1133,CUST-306,32.0,HOME & KITCHEN,Blender 500W,113.97,5,Central,COD (Cash on Delivery),Social Media,4.0,125.18,2023/05/23
ORD-1845,CUST-145,37.0,Sports & Outdoors,Bicycle Helmet,90.26,1,Central,Bank Transfer,Store Affiliate,3.9,90.64,01/06/2023
ORD-1408,CUST-100,34.0,HOME & KITCHEN,Coffee Maker,214.54,3,South,COD (Cash on Delivery),Mobile App,4.8,134.57,2023/01/12
ORD-1723,CUST-275,24.0,Sports & Outdoors,Dumbbell Set,$74.60,5,,Credit Card,Social Media,,17.85,invalid_date
ORD-1507,CUST-325,53.0,Electronics,Smartphone X,336.3,2,North,Credit Card,Social Media,3.7,25.16,"Aug 23, 2023"
ORD-2092,CUST-244,46.0,Sports & Outdoors,Bicycle Helmet,$66.83,5,Central,Credit Card,Website,4.7,58.34,2023/02/17
ORD-1504,CUST-133,64.0,Electronics,Wireless Headphones,964.95,3,INTERNATIONAL,Bank Transfer,Mobile App,4.2,65.11,12/12/2023
ORD-2136,CUST-251,28.0,Beauty & Care,Perfume 50ml, 16.73 ,1,Central,Credit Card,Website,3.9,130.27,05/09/2023
ORD-1347,CUST-210,62.0,Beauty & Care,Face Sunscreen,$48.53,3,Central,E-Wallet,Website,3.4,132.86,10-14-2023
ORD-1386,CUST-112,45.0,Fashion,Women Dress,$37.11,5,Central,Credit Card,Social Media,5.0,23.51,02-07-2023
ORD-1000,CUST-263,60.0,Sports & Outdoors,Dumbbell Set,$89.41,1,South,COD (Cash on Delivery),Website,4.9,80.48,"Sep 24, 2023"
ORD-1360,CUST-203,20.0,Fashion,Leather Jacket,53.1,3,South,COD (Cash on Delivery),Store Affiliate,4.8,37.8,"Oct 31, 2023"
ORD-2176,CUST-148,19.0,Books,Data Science Handbook,$29.74,5,Central,E-Wallet,Store Affiliate,3.1,34.53,2023/06/10
ORD-1475,CUST-339,55.0,Books,Business Strategy,13.59,4,Central,Bank Transfer,Social Media,4.5,116.73,2023-08-20
ORD-1839,CUST-297,32.0,Electronics,Bluetooth Speaker,$286.85,1,South,Credit Card,Website,3.5,52.88,2023-11-09
ORD-1813,CUST-111,61.0,Fashion,Running Shoes,$116.13,5,International,Credit Card,Store Affiliate,4.4,80.53,2023-07-01
ORD-1172,CUST-123,38.0,Beauty & Care,Lipstick Matte, 33.66 ,5,South,E-Wallet,Mobile App,4.3,112.63,2023-04-27
ORD-1450,CUST-317,56.0,fashion,Men T-Shirt,76.36,3,SOUTH,E-Wallet,Social Media,4.6,56.41,"Sep 09, 2023"
ORD-1125,CUST-183,32.0,  Beauty & Care   ,Hair Dryer,50.29,4,Central,E-Wallet,Store Affiliate,3.2,94.08,2023/12/09
ORD-1731,CUST-210,53.0,Sports & Outdoors,Bicycle Helmet,80.78,4,Central,Credit Card,Mobile App,4.8,12.33,2023/03/16
ORD-1530,CUST-126,57.0,Books,Atomic Habits,37.44,5,South,Credit Card,Mobile App,3.0,45.28,2023-06-11
ORD-1090,CUST-321,32.0,Beauty & Care,Hair Dryer,$34.46,3,South,Bank Transfer,Website,3.6,75.3,2023-11-23
ORD-1058,CUST-254,,Books,Psychology of Money,26.33,3,North,COD (Cash on Delivery),Social Media,3.8,130.19,"May 13, 2023"
ORD-1181,CUST-274,19.0,Beauty & Care,Lipstick Matte,36.81,3,Central,COD (Cash on Delivery),Social Media,3.3,51.03,16/02/2023
ORD-1708,CUST-230,24.0,Sports & Outdoors,Camping Tent,75.64 USD,3,North,COD (Cash on Delivery),Website,4.2,98.51,25/05/2023
ORD-1414,CUST-216,36.0,Fashion,Denim Jeans,136.88,4,International,Bank Transfer,Social Media,4.3,64.79,04/07/2023
ORD-1251,CUST-324,28.0,Books,Atomic Habits,35.32 USD,5,  North ,Bank Transfer,Store Affiliate,4.8,50.5,invalid_date
ORD-1069,CUST-120,25.0,Electronics,Smart Watch,$463.40,1,North,E-Wallet,Store Affiliate,4.1,12.13,2023/07/09
ORD-1131,CUST-310,22.0,Sports & Outdoors,Dumbbell Set,87.56,3,Central,COD (Cash on Delivery),Store Affiliate,3.3,55.61,"Apr 25, 2023"
ORD-1300,CUST-215,48.0,Books,Psychology of Money,39.35,2,International,Credit Card,Website,4.2,38.96,2023/03/22
ORD-2173,CUST-102,57.0,Sports & Outdoors,Bicycle Helmet,99.7,5,South,COD (Cash on Delivery),Store Affiliate,3.2,32.59,29/12/2023
ORD-1326,CUST-171,20.0,Books,Data Science Handbook,29.54,3,North,COD (Cash on Delivery),Website,4.2,112.43,2023-01-29
ORD-1765,CUST-245,,Sports & Outdoors,Water Bottle, 138.41 ,5,North,COD (Cash on Delivery),Social Media,4.4,22.68,2023-12-02
ORD-1499,CUST-118,47.0,Sports & Outdoors,Camping Tent,113.08 USD,1,North,E-Wallet,Website,4.8,137.07,08-07-2023
ORD-1715,CUST-111,27.0,Electronics,Bluetooth Speaker,963.96,2,Central,COD (Cash on Delivery),Social Media,3.4,14.04,04/12/2023
ORD-2022,CUST-266,36.0,fashion,Men T-Shirt,119.31,5,Central,Bank Transfer,Social Media,4.6,99.29,2023/07/03
ORD-1495,CUST-217,36.0,Fashion,Men T-Shirt,144.95,2,,Bank Transfer,Social Media,3.6,23.03,01-10-2023
ORD-2158,CUST-183,38.0,Home & Kitchen,Robot Vacuum,$167.83,2,North,E-Wallet,Mobile App,3.7,93.94,"May 01, 2023"
ORD-1338,CUST-162,27.0,Fashion,Men T-Shirt,$28.06,5,Central,Bank Transfer,Mobile App,3.2,108.95,05-12-2023
ORD-1421,CUST-242,55.0,Beauty & Care,Lipstick Matte,$88.46,5,International,Bank Transfer,Mobile App,4.6,124.59,"Aug 24, 2023"
ORD-1164,CUST-329,52.0,Home & Kitchen,Non-stick Pan,$73.87,5,Central,Bank Transfer,Social Media,3.7,20.98,
ORD-1028,CUST-266,31.0,Electronics,Smartphone X, 1089.22 ,3,North,Credit Card,Store Affiliate,3.7,79.35,05-15-2023
ORD-1516,CUST-239,41.0,Fashion,Women Dress,113.44,1,North,Bank Transfer,Mobile App,4.3,123.36,2023-03-17
ORD-1193,CUST-320,55.0,Books,Atomic Habits,24.12 USD,5,International,Bank Transfer,Website,4.5,59.28,09-02-2023
ORD-1682,CUST-230,38.0,Fashion,Leather Jacket,$59.39,3,North,Bank Transfer,Website,3.9,141.52,2023/06/09
ORD-1841,CUST-127,56.0,Home & Kitchen,Robot Vacuum,$212.05,3,Central,Credit Card,Store Affiliate,,36.06,2023-04-14
ORD-1169,CUST-135,20.0,Fashion,Leather Jacket,50.49,4,North,Bank Transfer,Store Affiliate,3.9,90.42,20/12/2023
ORD-1764,CUST-257,57.0,Sports & Outdoors,Dumbbell Set,72.04 USD,5,International,Credit Card,Website,3.7,26.28,24/05/2023
ORD-1652,CUST-197,-999.0,Sports & Outdoors,Water Bottle,$49.29,3,International,E-Wallet,Social Media,4.5,26.42,2023-06-19
ORD-1173,CUST-293,56.0,Home & Kitchen,Non-stick Pan,182.58,3,International,Credit Card,Social Media,,128.66,"Dec 20, 2023"
ORD-1518,CUST-177,65.0,Sports & Outdoors,Camping Tent,$66.32,4,International,COD (Cash on Delivery),Website,3.7,23.35,06-07-2023
ORD-1996,CUST-166,33.0,Home & Kitchen,Air Fryer,$234.91,4,South,E-Wallet,Store Affiliate,3.6,12.45,2023-07-21
ORD-1756,CUST-207,53.0,Home & Kitchen,Blender 500W,$87.93,1,Central,COD (Cash on Delivery),Mobile App,4.5,10.45,2023/08/20
ORD-1491,CUST-292,35.0,Books,Psychology of Money,$29.32,5,South,COD (Cash on Delivery),Store Affiliate,3.6,47.0,2023-05-31
ORD-1073,CUST-260,22.0,Home & Kitchen,Air Fryer,170.93,2,Central,E-Wallet,Website,3.6,44.99,07/06/2023
ORD-2041,CUST-129,63.0,Fashion,Denim Jeans,176.24,5,International,Bank Transfer,Social Media,3.8,81.97,2023-07-25
ORD-1587,CUST-239,21.0,Beauty & Care,Perfume 50ml,$63.49,1,International,Credit Card,Store Affiliate,3.2,129.34,"Aug 04, 2023"
ORD-1657,CUST-156,47.0,-,Python Cookbook,$42.63,5,Central,COD (Cash on Delivery),Mobile App,4.8,53.65,2023/07/28
ORD-1234,CUST-195,58.0,SPORTS & OUTDOORS,Water Bottle,90.39,1,South,Credit Card,Social Media,3.1,59.61,2023/04/01
ORD-1214,CUST-284,20.0,Fashion,Denim Jeans,$107.57,4,South,COD (Cash on Delivery),Social Media,3.4,90.64,2023/06/03
ORD-1162,CUST-249,35.0,Books,Data Science Handbook,23.42 USD,3,CENTRAL,E-Wallet,Mobile App,3.3,63.35,17/08/2023
ORD-1132,CUST-108,61.0,Beauty & Care,Hair Dryer, 80.06 ,2,North,Credit Card,Mobile App,4.9,61.99,2023-03-18
ORD-1838,CUST-320,,Fashion,Women Dress, 97.16 ,3,International,COD (Cash on Delivery),Social Media,3.2,137.84,2023/10/04
ORD-1843,CUST-208,18.0,Books,Psychology of Money,37.12,5,International,Credit Card,Mobile App,3.2,123.29,2023-01-26
ORD-2018,CUST-113,24.0,Sports & Outdoors,Camping Tent,$120.53,4,South,E-Wallet,Social Media,4.9,20.72,"Jul 31, 2023"
ORD-1185,CUST-198,20.0,Electronics,Smartphone X,"$1,082.37",1,International,Bank Transfer,Website,3.7,60.68,2023-09-25
ORD-1041,CUST-140,41.0,Fashion,Denim Jeans,23.21 USD,5,Central,Bank Transfer,Website,4.6,135.04,19/02/2023
ORD-1108,CUST-118,34.0,Sports & Outdoors,Dumbbell Set,$37.20,1,North,Bank Transfer,Mobile App,4.5,96.51,2023-11-26
ORD-1921,CUST-184,24.0,Beauty & Care,Hair Dryer,68.37,3,International,Credit Card,Mobile App,,57.58,"Feb 27, 2023"
ORD-1568,CUST-133,24.0,Home & Kitchen,Air Fryer,$39.65,3,North,Bank Transfer,Website,4.8,70.97,03-03-2023
ORD-1953,CUST-237,55.0,Books,Atomic Habits,43.72,2,International,E-Wallet,Website,4.5,73.66,2023-08-03
ORD-2053,CUST-346,51.0,Sports & Outdoors,Water Bottle,83.92 USD,4,central,COD (Cash on Delivery),Store Affiliate,4.2,94.65,2023-02-21
ORD-2197,CUST-277,25.0,Home & Kitchen,Robot Vacuum,124.7,1,North,Bank Transfer,Website,4.1,10.96,"Jan 12, 2023"
ORD-1483,CUST-201,44.0,Electronics,Bluetooth Speaker,988.76 USD,3,South,Credit Card,Mobile App,4.5,37.2,23/06/2023
ORD-1468,CUST-120,24.0,Books,Data Science Handbook, 18.77 ,2,VN-South,COD (Cash on Delivery),Social Media,4.0,101.74,"Nov 29, 2023"
ORD-1024,CUST-106,52.0,Sports & Outdoors,Water Bottle,133.81 USD,2,Central,Bank Transfer,Website,3.1,125.81,2023/08/08
ORD-2099,CUST-194,46.0,Sports & Outdoors,Yoga Mat,$133.42,2,South,Bank Transfer,Mobile App,3.8,14.14,2023/03/16
ORD-1730,CUST-193,55.0,Home & Kitchen,Non-stick Pan,143.11,4,,Credit Card,Website,3.4,95.96,2023-12-05
ORD-1812,CUST-106,21.0,Beauty & Care,Lipstick Matte,$77.28,4,South,COD (Cash on Delivery),Social Media,4.0,107.95,2023-04-12
ORD-2189,CUST-225,25.0,Home & Kitchen,Coffee Maker,216.55,2,North,COD (Cash on Delivery),Website,3.7,80.03,"Aug 24, 2023"
ORD-1366,CUST-163,36.0,Beauty & Care,Moisturizer Cream,49.08 USD,2,International,COD (Cash on Delivery),Social Media,4.8,19.42,2023/12/28
ORD-1911,CUST-138,25.0,Sports & Outdoors,Water Bottle,$140.73,1,International,COD (Cash on Delivery),Social Media,4.3,69.44,2023-10-05
ORD-2093,CUST-300,20.0,  Books   ,Atomic Habits, 22.63 ,4,International,COD (Cash on Delivery),Social Media,4.9,39.06,2023-02-16
ORD-1383,CUST-319,36.0,Beauty & Care,Moisturizer Cream,25.53,4,South,Credit Card,Website,4.2,64.91,2023/02/26
ORD-1454,CUST-117,32.0,Home & Kitchen,Coffee Maker,121.85,2,International,Bank Transfer,Social Media,4.1,15.05,"Nov 21, 2023"
ORD-1264,CUST-224,49.0,Beauty & Care,Moisturizer Cream,70.39,2,Central,E-Wallet,Store Affiliate,3.0,71.4,"Aug 10, 2023"
ORD-1820,CUST-216,,Beauty & Care,Lipstick Matte,40.7,2,North,COD (Cash on Delivery),Mobile App,3.6,14.4,2023/01/25
ORD-1232,CUST-150,57.0,Home & Kitchen,Blender 500W,$73.94,4,South,Bank Transfer,Store Affiliate,3.9,138.61,"Sep 10, 2023"
ORD-1444,CUST-235,35.0,Fashion,Women Dress,124.01,3,North,Bank Transfer,Store Affiliate,4.9,31.98,17/10/2023
ORD-1395,CUST-317,29.0,Books,Atomic Habits,$24.51,4,Central,Bank Transfer,Website,4.6,75.06,10-15-2023
ORD-2081,CUST-162,57.0,Sports & Outdoors,Yoga Mat,123.17 USD,4,Central,Bank Transfer,Website,3.6,74.67,25/11/2023
ORD-1176,CUST-128,23.0,Fashion,Leather Jacket,$81.37,5,Central,Bank Transfer,Mobile App,3.1,76.13,01-21-2023
ORD-1018,CUST-107,25.0,Books,Psychology of Money,$32.24,5,International,E-Wallet,Mobile App,3.8,73.53,2023-07-06
ORD-2091,CUST-303,64.0,ELECTRONICS,Bluetooth Speaker,622.35,1,International,COD (Cash on Delivery),Website,,88.59,04-12-2023
ORD-1760,CUST-273,54.0,Electronics,Wireless Headphones,$533.56,2,Central,E-Wallet,Store Affiliate,3.5,89.54,2023-05-15
ORD-1900,CUST-119,23.0,Beauty & Care,Moisturizer Cream,31.08,4,Central,Bank Transfer,Social Media,3.1,126.39,2023-06-09
ORD-1595,CUST-132,31.0,,Women Dress,147.07,3,Central,Credit Card,Mobile App,4.4,146.78,30/11/2023
ORD-1061,CUST-111,48.0,Fashion,Denim Jeans,$83.54,4,intl,E-Wallet,Social Media,4.0,90.16,2023-11-01
ORD-1272,CUST-132,48.0,Fashion,Women Dress,90.03,5,Central,E-Wallet,Mobile App,4.9,135.62,2023/10/03
ORD-2168,CUST-252,62.0,Sports & Outdoors,Yoga Mat,$59.05,2,North,Bank Transfer,Mobile App,,133.69,2023/10/03
ORD-1278,CUST-167,30.0,Home & Kitchen,Robot Vacuum,118.17,3,South,Credit Card,Mobile App,3.3,34.98,2023-06-07
ORD-2132,CUST-219,51.0,N/A,Atomic Habits,30.54,5,South,Credit Card,Social Media,3.1,116.65,01/06/2023
ORD-1694,CUST-145,59.0,Fashion,Running Shoes,$48.12,2,South,COD (Cash on Delivery),Social Media,4.2,139.02,"Sep 02, 2023"
ORD-1368,CUST-148,65.0,Fashion,Denim Jeans, 119.16 ,1,North,Credit Card,Social Media,3.0,39.2,08/05/2023
ORD-1961,CUST-224,20.0,Electronics,Smart Watch,$261.79,2,North,Credit Card,Mobile App,3.8,94.51,"May 05, 2023"
ORD-1887,CUST-292,28.0,Books,Atomic Habits,22.96,2,North,COD (Cash on Delivery),Social Media,3.5,38.47,10-27-2023
ORD-1932,CUST-249,49.0,Books,Psychology of Money,30.98,4,North,E-Wallet,Social Media,3.4,101.57,25/09/2023
ORD-1904,CUST-169,39.0,Sports & Outdoors,Camping Tent,$112.13,3,South,E-Wallet,Store Affiliate,3.7,27.99,2023/11/03
ORD-1834,CUST-276,49.0,Beauty & Care,Hair Dryer,17.93,2,International,Credit Card,Website,4.7,69.0,2023-11-21
ORD-1547,CUST-152,37.0,Sports & Outdoors,Yoga Mat,$127.96,2,Central,COD (Cash on Delivery),Social Media,4.5,130.21,2023-01-14
ORD-2004,CUST-325,41.0,Home & Kitchen,Non-stick Pan,139.78,3,South,Bank Transfer,Mobile App,4.9,21.77,20/01/2023
ORD-1688,CUST-340,50.0,Home & Kitchen,Blender 500W,191.25,3,International,Credit Card,Social Media,3.2,83.64,2023-12-03
ORD-1358,CUST-125,,Beauty & Care,Moisturizer Cream,$37.84,5,Central,Credit Card,Mobile App,3.4,112.7,"Jun 16, 2023"
ORD-1456,CUST-320,40.0,Home & Kitchen,Blender 500W,$215.11,0,North,Bank Transfer,Website,3.1,141.65,2023-02-08
ORD-1393,CUST-337,29.0,BEAUTY & CARE,Face Sunscreen,68.76,2,International,COD (Cash on Delivery),Website,4.0,102.74,2023-10-21
ORD-1675,CUST-321,26.0,Electronics,Bluetooth Speaker,$470.96,2,North,Credit Card,Mobile App,3.4,61.2,2023-08-01
ORD-1988,CUST-121,0.0,Home & Kitchen,Robot Vacuum,$143.63,2,South,COD (Cash on Delivery),Store Affiliate,4.3,106.09,2023-03-02
ORD-1728,CUST-271,53.0,Books,Psychology of Money,31.49 USD,2,International,Bank Transfer,Website,3.6,147.68,2023-08-05
ORD-1419,CUST-287,46.0,Beauty & Care,Moisturizer Cream,52.81,3,,E-Wallet,Store Affiliate,4.1,111.95,"Aug 28, 2023"
ORD-1375,CUST-218,46.0,Beauty & Care,Lipstick Matte,40.6,2,International,COD (Cash on Delivery),Social Media,4.9,77.79,2023-01-29
ORD-1412,CUST-300,18.0,sports & outdoors,Bicycle Helmet,47.15,1,Central,COD (Cash on Delivery),Store Affiliate,3.3,46.62,12-31-2023
ORD-1074,CUST-258,54.0,Sports & Outdoors,Water Bottle,$132.69,3,International,COD (Cash on Delivery),Website,4.3,85.99,"Mar 23, 2023"
ORD-2164,CUST-166,26.0,Beauty & Care,Moisturizer Cream,$39.39,4,Central,E-Wallet,Website,3.5,76.07,2023/99/99
ORD-1935,CUST-105,55.0,Electronics,Wireless Headphones,327.96 USD,1,Global,Credit Card,Website,3.9,64.15,2023-11-05
ORD-1500,CUST-237,22.0,BEAUTY & CARE,Lipstick Matte,63.57 USD,1,Central,COD (Cash on Delivery),Mobile App,3.8,84.65,"Mar 19, 2023"
ORD-1867,CUST-293,43.0,Sports & Outdoors,Dumbbell Set,$123.68,4,International,Credit Card,Mobile App,4.1,145.13,03-13-2023
ORD-1616,CUST-323,35.0,Fashion,Running Shoes,33.84 USD,4,International,E-Wallet,Social Media,3.9,45.66,21/03/2023
ORD-1114,CUST-162,53.0,Electronics,Smartphone X,863.7,2,North,E-Wallet,Mobile App,3.2,91.18,07-11-2023
ORD-1417,CUST-278,28.0,Home & Kitchen,Robot Vacuum,162.12,3,North,E-Wallet,Store Affiliate,4.8,137.73,2023-04-05
ORD-1601,CUST-303,39.0,Fashion,Women Dress,$120.83,2,International,Credit Card,Website,4.8,18.56,N/A
ORD-1604,CUST-110,54.0,sports & outdoors,Water Bottle,$109.16,1,South,COD (Cash on Delivery),Mobile App,4.7,59.06,"Jan 09, 2023"
ORD-1089,CUST-159,57.0,Home & Kitchen,Coffee Maker,$249.44,4,International,COD (Cash on Delivery),Mobile App,4.5,71.59,2023/05/12
ORD-1893,CUST-299,-999.0,Home & Kitchen,Robot Vacuum, 191.87 ,1,South,COD (Cash on Delivery),Website,4.5,76.83,2023/12/11
ORD-2191,CUST-302,33.0,Sports & Outdoors,Yoga Mat,$83.65,3,Central,Bank Transfer,Mobile App,3.4,94.56,2023-08-13
ORD-1753,CUST-241,32.0,Beauty & Care,Hair Dryer,54.1,5,North,E-Wallet,Mobile App,3.3,34.22,18/11/2023
ORD-1498,CUST-125,25.0,Unknown,Data Science Handbook,$41.90,5,South,COD (Cash on Delivery),Mobile App,4.0,77.67,15/06/2023
ORD-1950,CUST-344,-999.0,Home & Kitchen,Robot Vacuum,212.55 USD,2,International,E-Wallet,Mobile App,4.6,54.66,"Nov 24, 2023"
ORD-1044,CUST-187,,Books,Atomic Habits,10.31,1,South,Bank Transfer,Mobile App,3.3,123.43,22/12/2023
ORD-2194,CUST-175,57.0,Home & Kitchen,Blender 500W,238.33,5,missing,E-Wallet,Social Media,4.6,32.3,2023-08-12
ORD-1011,CUST-289,40.0,Sports & Outdoors,Dumbbell Set,$56.19,4,North,E-Wallet,Website,4.8,39.51,2023-01-13
ORD-1396,CUST-160,23.0,Books,Business Strategy,42.43 USD,5,South  ,Credit Card,Social Media,4.7,54.65,2023-02-15
ORD-1814,CUST-162,23.0,Fashion,Women Dress,$147.14,4,International,Credit Card,Mobile App,3.9,126.18,09-27-2023
ORD-1555,CUST-331,47.0,Home & Kitchen,Non-stick Pan,$240.96,2,Central,Bank Transfer,Store Affiliate,3.2,114.74,"Apr 12, 2023"
ORD-1042,CUST-278,29.0,Books,Atomic Habits,37.31,1,South,E-Wallet,Mobile App,4.4,139.18,"Jun 18, 2023"
ORD-1167,CUST-192,23.0,Electronics,Bluetooth Speaker,$488.32,5,South,E-Wallet,Social Media,4.5,41.44,"May 12, 2023"
ORD-1416,CUST-208,52.0,Sports & Outdoors,Water Bottle,$73.43,3,Central,E-Wallet,Mobile App,3.5,65.82,20/04/2023
ORD-1576,CUST-280,31.0,Fashion,Men T-Shirt,$21.17,1,North,Bank Transfer,Website,3.5,29.81,16/02/2023
ORD-1267,CUST-350,50.0,Electronics,Wireless Headphones,$198.18,4,International,E-Wallet,Store Affiliate,3.2,142.27,02-18-2023
ORD-1874,CUST-229,38.0,Fashion,Women Dress,$77.96,5,International,COD (Cash on Delivery),Mobile App,4.9,144.39,11-27-2023
ORD-1426,CUST-148,34.0,Sports & Outdoors,Bicycle Helmet, 146.31 ,5,North,Credit Card,Store Affiliate,4.9,38.87,27/12/2023
ORD-1690,CUST-129,45.0,Beauty & Care,Hair Dryer,49.71,5,International,Bank Transfer,Social Media,4.5,53.45,2023/07/07
ORD-1544,CUST-153,26.0,Books,Data Science Handbook,36.34,2,South,E-Wallet,Mobile App,3.1,55.06,2023-08-14
ORD-2165,CUST-187,20.0,Electronics,Bluetooth Speaker,$649.96,4,South,E-Wallet,Website,4.5,22.74,"Jun 14, 2023"
ORD-1674,CUST-171,22.0,Fashion,Denim Jeans,$118.61,1,International,Bank Transfer,Mobile App,4.8,13.54,2023-08-26
ORD-1689,CUST-107,56.0,Electronics,Bluetooth Speaker,1071.78,1,South,Credit Card,Social Media,4.3,10.79,2023/10/04
ORD-1052,CUST-123,36.0,Sports & Outdoors,Yoga Mat,$999.99,2,South,Bank Transfer,Social Media,4.8,112.96,2023/06/01
ORD-1423,CUST-283,,Home & Kitchen,Air Fryer,197.72,3,International,Bank Transfer,Mobile App,4.5,67.37,06-20-2023
ORD-1159,CUST-237,37.0,Electronics,Smart Watch,815.16 USD,3,Central,Credit Card,Store Affiliate,3.2,126.3,"Oct 03, 2023"
ORD-1958,CUST-254,37.0,Books,Data Science Handbook,30.12,4,Central,Credit Card,Mobile App,4.9,52.41,07/01/2023
ORD-1257,CUST-161,23.0,Home & Kitchen,Coffee Maker,132.14,4,central,Bank Transfer,Website,4.0,141.13,06-13-2023
ORD-1918,CUST-116,59.0,Sports & Outdoors,Dumbbell Set,148.06,5,Central,Credit Card,Website,3.4,95.19,"Jan 21, 2023"
ORD-1335,CUST-246,47.0,Beauty & Care,Perfume 50ml,$51.87,4,North,E-Wallet,Store Affiliate,4.0,98.29,
ORD-1015,CUST-251,37.0,Beauty & Care,Moisturizer Cream,$35.55,4,North,COD (Cash on Delivery),Social Media,3.3,146.91,2023/05/30
ORD-1977,CUST-335,46.0,  Electronics   ,Smartphone X,633.76,3,International,E-Wallet,Social Media,3.9,92.62,2023/09/23
ORD-1324,CUST-231,27.0,Beauty & Care,Perfume 50ml, 43.87 ,2,Central,Credit Card,Store Affiliate,3.9,131.03,03/01/2023
ORD-1768,CUST-240,53.0,Home & Kitchen,Air Fryer,220.9,4,International,E-Wallet,Social Media,4.7,92.76,2023-06-22
ORD-1607,CUST-153,53.0,Fashion,Denim Jeans,$118.94,3,Central,Bank Transfer,Website,3.2,98.04,2023-06-15
ORD-2094,CUST-110,44.0,Books,Psychology of Money,$29.61,3,central,E-Wallet,Website,3.1,147.88,2023-12-31
ORD-1855,CUST-317,,Fashion,Men T-Shirt,141.85 USD,3,International,E-Wallet,Mobile App,4.1,132.84,2023-02-08
ORD-2105,CUST-317,52.0,Home & Kitchen,Robot Vacuum,201.67,5,South,Credit Card,Website,,13.28,07-17-2023
ORD-1222,CUST-229,50.0,Fashion,Running Shoes,$63.20,5,North,Bank Transfer,Mobile App,3.1,87.64,10/04/2023
ORD-1179,CUST-140,54.0,Books,Business Strategy,38.83,1,International,COD (Cash on Delivery),Mobile App,4.7,47.69,10/10/2023
ORD-1099,CUST-194,54.0,  Beauty & Care   ,Moisturizer Cream,55.1,3,North,Credit Card,Mobile App,3.1,53.96,05-13-2023
ORD-1757,CUST-270,41.0,Electronics,Smart Watch,$721.57,1,Central,Credit Card,Social Media,3.9,48.33,04-20-2023
ORD-1521,CUST-267,55.0,Books,Psychology of Money, 15.38 ,3,South,Bank Transfer,Website,3.6,78.57,2023/01/14
ORD-1761,CUST-291,32.0,Sports & Outdoors,Water Bottle,106.67 USD,2,Central,Credit Card,Store Affiliate,4.0,107.48,2023/10/07
ORD-1022,CUST-229,25.0,Electronics,Smartphone X,773.75,3,South,COD (Cash on Delivery),Store Affiliate,4.4,48.92,"Nov 29, 2023"
ORD-1356,CUST-267,58.0,Electronics,Wireless Headphones,$784.41,1,Central,E-Wallet,Website,3.0,31.2,2023-05-05
ORD-1733,CUST-342,39.0,Fashion,Women Dress,$171.79,4,CENTRAL,Credit Card,Website,3.0,128.75,2023-01-18
ORD-2032,CUST-151,27.0,Books,Python Cookbook,$30.18,1,Central,COD (Cash on Delivery),Mobile App,3.2,45.96,12-24-2023
ORD-2153,CUST-197,42.0,Sports & Outdoors,Bicycle Helmet,106.85,4,South,COD (Cash on Delivery),Social Media,3.9,99.1,07-06-2023
ORD-1611,CUST-126,32.0,Home & Kitchen,Air Fryer,45.97,2,North,Credit Card,Social Media,4.2,131.53,2023-04-01
ORD-2058,CUST-309,50.0,Electronics,Laptop Pro,885.75,5,International,E-Wallet,Mobile App,4.8,12.62,N/A
ORD-1340,CUST-221,59.0,Sports & Outdoors,Water Bottle,105.41,5,South,Bank Transfer,Social Media,4.2,139.46,2023/07/11
ORD-1431,CUST-248,48.0,Home & Kitchen,Coffee Maker,$194.65,1,North,Credit Card,Social Media,3.9,94.69,03-13-2023
ORD-1846,CUST-305,31.0,Beauty & Care,Perfume 50ml, 42.78 ,1,North,Credit Card,Store Affiliate,3.7,70.9,2023-07-19
ORD-1217,CUST-167,38.0,Books,Psychology of Money,$34.33,5,International,Credit Card,Mobile App,5.0,135.98,25/10/2023
ORD-1203,CUST-168,60.0,Electronics,Smartphone X, 1070.37 ,2,North,COD (Cash on Delivery),Mobile App,3.9,85.27,01/03/2023
ORD-2072,CUST-201,36.0,Sports & Outdoors,Water Bottle,$144.89,5,North,E-Wallet,Mobile App,4.2,92.31,28/03/2023
ORD-1999,CUST-154,46.0,Beauty & Care,Face Sunscreen,82.07 USD,5,International,Credit Card,Mobile App,4.3,93.41,2023-11-28
ORD-1093,CUST-171,46.0,N/A,Lipstick Matte,17.65,1,South,Credit Card,Website,3.1,128.21,2023/04/19
ORD-1864,CUST-252,60.0,Fashion,Denim Jeans,85.38,5,North,Bank Transfer,Store Affiliate,3.2,81.71,2023-02-04
ORD-1068,CUST-196,48.0,Fashion,Running Shoes,117.45 USD,4,South,Bank Transfer,Website,4.5,28.46,2023/04/24
ORD-1970,CUST-273,50.0,Fashion,Men T-Shirt,$131.07,2,International,E-Wallet,Website,3.6,147.3,2023-12-29
ORD-1284,CUST-154,35.0,Home & Kitchen,Blender 500W,172.75 USD,5,International,Credit Card,Mobile App,3.0,82.68,02-22-2023
ORD-1696,CUST-346,53.0,Home & Kitchen,Air Fryer,$215.19,5,North,COD (Cash on Delivery),Mobile App,4.0,14.69,"Oct 20, 2023"
ORD-1085,CUST-297,53.0,Books,Data Science Handbook,33.12 USD,1,International,COD (Cash on Delivery),Website,3.6,54.94,2023-03-17
ORD-1434,CUST-115,42.0,Home & Kitchen,Blender 500W,219.36 USD,3,Central,Bank Transfer,Store Affiliate,3.6,122.34,2023-07-30
ORD-1861,CUST-270,32.0,Sports & Outdoors,Yoga Mat,132.38,4,South,Credit Card,Store Affiliate,3.3,143.56,17/04/2023
ORD-1153,CUST-136,54.0,Fashion,Denim Jeans,46.98 USD,5,Central,Credit Card,Mobile App,3.3,81.51,2023-06-18
ORD-1075,CUST-326,58.0,Beauty & Care,Hair Dryer,$34.59,4,International,Credit Card,Store Affiliate,4.7,57.25,2023-10-18
ORD-1838,CUST-320,,Fashion,Women Dress, 97.16 ,3,International,COD (Cash on Delivery),Social Media,3.2,137.84,2023/10/04
ORD-1789,CUST-345,65.0,Beauty & Care,Hair Dryer,77.5,5,North,Bank Transfer,Website,4.8,36.35,2023-04-27
ORD-1580,CUST-128,41.0,Books,Data Science Handbook,$40.27,5,Central,COD (Cash on Delivery),Store Affiliate,3.6,110.03,2023-05-11
ORD-1446,CUST-114,54.0,Home & Kitchen,Coffee Maker,$140.86,3,International,COD (Cash on Delivery),Mobile App,4.4,130.36,2023-01-17
ORD-1703,CUST-286,39.0,Home & Kitchen,Blender 500W,46.59 USD,2,North,Credit Card,Mobile App,3.1,145.96,2023/04/26
ORD-1188,CUST-219,51.0,   ,Business Strategy,41.55 USD,2,International,Bank Transfer,Mobile App,3.5,26.16,2023-04-17
ORD-1271,CUST-132,48.0,Fashion,Denim Jeans,$77.20,5,South,Credit Card,Store Affiliate,5.0,88.98,"Dec 18, 2023"
ORD-1236,CUST-141,21.0,Sports & Outdoors,Camping Tent,112.93 USD,3,International,COD (Cash on Delivery),Social Media,4.9,87.97,"Sep 17, 2023"
ORD-1487,CUST-176,52.0,Books,Psychology of Money,23.56,5,South,Bank Transfer,Website,3.4,81.73,2023/08/10
ORD-1101,CUST-153,,Sports & Outdoors,Water Bottle,138.32,3,INTERNATIONAL,COD (Cash on Delivery),Store Affiliate,4.9,35.17,2023-09-18
ORD-1559,CUST-123,62.0,Books,Psychology of Money,$43.07,5,North,E-Wallet,Store Affiliate,4.2,15.47,2023/03/05
ORD-1117,CUST-197,18.0,Home & Kitchen,Robot Vacuum,108.16,5,Central,Credit Card,Website,4.2,18.51,"Nov 28, 2023"
ORD-1637,CUST-185,44.0,Books,Business Strategy,$14.31,1,South,E-Wallet,Mobile App,4.3,119.67,06/07/2023
ORD-2118,CUST-139,51.0,Books,Psychology of Money,$32.09,3,North,E-Wallet,Mobile App,3.1,35.01,2023-12-08
ORD-1801,CUST-123,41.0,Electronics,Smart Watch,779.33 USD,-3,South,E-Wallet,Store Affiliate,3.6,126.44,11/10/2023
ORD-1750,CUST-203,27.0,Sports & Outdoors,Bicycle Helmet,$147.57,2,south,E-Wallet,Store Affiliate,4.7,48.57,2023-09-05
ORD-1512,CUST-172,34.0,Beauty & Care,Perfume 50ml,$43.29,3,Central,E-Wallet,Store Affiliate,4.0,61.78,07-01-2023
ORD-1633,CUST-106,34.0,Sports & Outdoors,Yoga Mat,$71.64,5,Central,Bank Transfer,Mobile App,3.6,131.99,23/09/2023
ORD-1849,CUST-232,,Fashion,Leather Jacket,56.72 USD,4,International,Credit Card,Website,,45.36,09-01-2023
ORD-2055,CUST-283,59.0,Electronics,Laptop Pro,534.22,5,International,COD (Cash on Delivery),Store Affiliate,4.3,104.95,2023-11-24
ORD-1925,CUST-115,29.0,Beauty & Care,Perfume 50ml,63.02 USD,3,Unknown,E-Wallet,Website,4.0,138.04,"Oct 27, 2023"
ORD-1126,CUST-315,36.0,Home & Kitchen,Air Fryer,220.61 USD,1,North,Bank Transfer,Website,4.4,58.96,03/02/2023
ORD-1790,CUST-303,58.0,Books,Data Science Handbook,$10.79,2,Central,Bank Transfer,Social Media,4.4,133.7,23/08/2023
ORD-1829,CUST-226,25.0,Books,Psychology of Money,$24.69,4,South,Credit Card,Website,4.3,14.74,"Mar 23, 2023"
ORD-1116,CUST-218,28.0,Books,Python Cookbook,$13.13,1,South,COD (Cash on Delivery),Mobile App,3.3,110.43,2023/99/99
ORD-1473,CUST-233,46.0,Home & Kitchen,Air Fryer,37.11,3,Central,E-Wallet,Website,3.7,20.34,05-22-2023
ORD-1740,CUST-317,64.0,-,Air Fryer,137.28,3,North,Credit Card,Store Affiliate,4.7,141.68,03-15-2023
ORD-2050,CUST-142,62.0,Sports & Outdoors,Yoga Mat,$57.46,1,Central,E-Wallet,Mobile App,4.6,118.96,"Apr 27, 2023"
ORD-1057,CUST-188,24.0,Beauty & Care,Moisturizer Cream,$33.90,4,South,Bank Transfer,Website,4.4,104.92,
ORD-1603,CUST-320,26.0,Books,Python Cookbook,10.59,2,north,Credit Card,Mobile App,4.9,31.9,30/08/2023
ORD-1786,CUST-221,43.0,Sports & Outdoors,Dumbbell Set,84.85,3,Central,Bank Transfer,Social Media,4.9,29.66,10-06-2023
ORD-1830,CUST-202,36.0,Home & Kitchen,Robot Vacuum,62.9,1,International,Bank Transfer,Mobile App,3.0,108.18,"Feb 21, 2023"
ORD-1119,CUST-336,46.0,Beauty & Care,Moisturizer Cream,$38.03,5,South,COD (Cash on Delivery),Social Media,4.2,46.27,invalid_date
ORD-1656,CUST-220,37.0,Beauty & Care,Moisturizer Cream,78.85,3,International,Credit Card,Store Affiliate,,76.43,"Mar 15, 2023"
ORD-1978,CUST-132,54.0,Books,Data Science Handbook,$30.54,5,International,E-Wallet,Website,4.4,37.67,"Dec 08, 2023"
ORD-1998,CUST-183,46.0,?,Water Bottle,69.19,2,South,Bank Transfer,Social Media,4.8,99.04,"Jun 27, 2023"
ORD-1105,CUST-339,31.0,Beauty & Care,Hair Dryer,$78.05,2,South,Credit Card,Website,3.8,27.81,2023-11-13
ORD-1635,CUST-288,26.0,Sports & Outdoors,Yoga Mat,$94.19,4,International,Credit Card,Social Media,4.1,76.28,2023/12/09
ORD-1369,CUST-237,23.0,Home & Kitchen,Non-stick Pan,$134.09,4,Global,E-Wallet,Social Media,3.3,34.94,05-24-2023
ORD-1268,CUST-294,63.0,Sports & Outdoors,Water Bottle,$131.50,5,South,Credit Card,Social Media,4.3,23.57,2023/08/15
ORD-1655,CUST-319,51.0,Home & Kitchen,Air Fryer,$217.50,4,,Bank Transfer,Mobile App,3.3,63.97,2023-01-18
ORD-1819,CUST-118,49.0,Home & Kitchen,Non-stick Pan,189.32,3,South,COD (Cash on Delivery),Mobile App,3.6,75.48,09-26-2023
ORD-1822,CUST-326,44.0,Beauty & Care,Face Sunscreen,59.29,1,North,Credit Card,Store Affiliate,3.0,102.17,invalid_date
ORD-1046,CUST-139,52.0,Sports & Outdoors,Water Bottle,105.92 USD,3,North,Credit Card,Social Media,3.1,116.02,2023-08-23
ORD-1349,CUST-208,59.0,Home & Kitchen,Blender 500W,139.42,4,International,E-Wallet,Store Affiliate,3.2,98.83,2023/04/21
ORD-1773,CUST-153,35.0,Fashion,Running Shoes,42.23,3,North,E-Wallet,Mobile App,4.5,62.43,2023-10-09
ORD-1195,CUST-102,58.0,Fashion,Denim Jeans,$136.35,3,South,Credit Card,Mobile App,4.6,138.05,2023-02-20
ORD-1102,CUST-271,57.0,Home & Kitchen,Blender 500W,177.81 USD,1,International,E-Wallet,Website,3.0,117.24,"Sep 22, 2023"
ORD-1004,CUST-170,300.0,Sports & Outdoors,Bicycle Helmet,41.96,4,Central,E-Wallet,Mobile App,4.7,97.06,2023-08-02
ORD-1619,CUST-258,52.0,Fashion,Men T-Shirt, 83.22 ,2,South,COD (Cash on Delivery),Store Affiliate,4.5,20.85,"Aug 29, 2023"
ORD-1571,CUST-167,44.0,Books,Python Cookbook,$27.99,2,Central,COD (Cash on Delivery),Store Affiliate,4.3,104.74,2023/07/03
ORD-1052,CUST-123,36.0,Sports & Outdoors,Yoga Mat,145.88,2,South,Bank Transfer,Social Media,4.8,112.96,2023/06/01
ORD-1263,CUST-287,300.0,Fashion,Men T-Shirt,$70.03,1,North,Credit Card,Mobile App,3.8,63.11,03/02/2023
ORD-2134,CUST-311,36.0,Electronics,Smartphone X,$584.69,1,Central,Credit Card,Website,4.0,84.99,01-11-2023
ORD-1443,CUST-318,43.0,Electronics,Smart Watch,"$1,180.40",1,International,Bank Transfer,Store Affiliate,3.1,37.78,2023/01/09
ORD-2036,CUST-139,62.0,Books,Atomic Habits,$28.93,4,International,COD (Cash on Delivery),Store Affiliate,4.2,70.68,2023/04/18
ORD-1782,CUST-213,29.0,Fashion,Men T-Shirt,$56.86,4,North,Bank Transfer,Social Media,4.9,28.58,07/07/2023
ORD-1837,CUST-292,37.0,Books,Psychology of Money, 14.11 ,3,Central,Bank Transfer,Store Affiliate,3.3,24.03,2023/03/19
ORD-1919,CUST-206,27.0,Home & Kitchen,Air Fryer,165.07,2,South,Bank Transfer,Website,4.4,117.5,15/07/2023
ORD-1691,CUST-324,24.0,Books,Data Science Handbook,22.56,4,North,COD (Cash on Delivery),Website,3.8,23.18,11-11-2023
ORD-1304,CUST-116,52.0,Electronics,Laptop Pro,$268.58,2,South,COD (Cash on Delivery),Social Media,4.8,136.36,01/12/2023
ORD-1341,CUST-306,27.0,Fashion,Men T-Shirt,84.52,3,South,E-Wallet,Website,3.1,70.67,01-13-2023
ORD-1940,CUST-197,58.0,Sports & Outdoors,Camping Tent,149.6,1,North,E-Wallet,Social Media,4.6,32.9,"Sep 11, 2023"
ORD-1313,CUST-118,32.0,Sports & Outdoors,Dumbbell Set,95.63,5,South,Bank Transfer,Website,4.0,89.96,"Mar 16, 2023"
ORD-1149,CUST-326,28.0,Beauty & Care,Perfume 50ml, 62.59 ,4,Unknown,Bank Transfer,Store Affiliate,3.3,137.66,"Jan 17, 2023"
ORD-1124,CUST-275,20.0,Books,Psychology of Money,$39.79,2,North,Credit Card,Social Media,4.8,110.56,2023-01-08
ORD-2103,CUST-187,46.0,Sports & Outdoors,Camping Tent, 106.14 ,2,North,E-Wallet,Mobile App,3.9,70.41,2023-07-23
ORD-1574,CUST-213,62.0,Beauty & Care,Lipstick Matte,$86.72,2,Central,E-Wallet,Store Affiliate,4.6,62.03,04-08-2023
ORD-1697,CUST-167,64.0,Fashion,Women Dress,157.39,4,Central,Credit Card,Social Media,3.9,48.49,"Apr 11, 2023"
ORD-1664,CUST-310,61.0,Home & Kitchen,Non-stick Pan,189.63,5,South,Credit Card,Social Media,3.4,126.7,2023-03-22
ORD-1050,CUST-186,21.0,Electronics,Laptop Pro,$995.34,2,South,COD (Cash on Delivery),Website,4.7,69.86,14/05/2023
ORD-1933,CUST-342,-5.0,Fashion,Running Shoes,102.53,4,International,Credit Card,Website,3.9,69.6,2023-02-22
ORD-1726,CUST-289,41.0,Books,Business Strategy,39.68,4,missing,Bank Transfer,Website,4.8,23.65,2023-03-09
ORD-1799,CUST-258,39.0,Sports & Outdoors,Dumbbell Set,47.50 USD,5,,Credit Card,Website,3.8,72.95,2023-08-20
ORD-1833,CUST-267,55.0,N/A,Yoga Mat,101.84 USD,5,South,Credit Card,Social Media,3.6,11.11,2023-11-22
ORD-1353,CUST-286,52.0,home & kitchen,Coffee Maker,$152.57,5,International,Bank Transfer,Website,4.6,142.04,2023-05-21
ORD-2195,CUST-156,47.0,Electronics,Laptop Pro,650.92,3,South,E-Wallet,Website,3.6,74.71,2023/02/03
ORD-1142,CUST-324,220.0,Books,Atomic Habits,26.02,2,South,Bank Transfer,Mobile App,3.9,101.28,"Nov 23, 2023"
ORD-1470,CUST-268,59.0,Home & Kitchen,Coffee Maker,181.93 USD,3,North,Credit Card,Mobile App,4.7,113.67,02-07-2023
ORD-2003,CUST-294,28.0,Beauty & Care,Face Sunscreen,$83.24,3,South,Bank Transfer,Mobile App,4.2,44.81,2023-09-25
ORD-1653,CUST-323,64.0,Electronics,Smartphone X,$340.43,4,South,E-Wallet,Mobile App,3.6,88.42,"Jan 15, 2023"
ORD-1399,CUST-224,57.0,Sports & Outdoors,Bicycle Helmet, 121.52 ,4,Central,COD (Cash on Delivery),Store Affiliate,,108.67,"Jun 17, 2023"
ORD-1973,CUST-285,55.0,Electronics,Wireless Headphones,958.47,5,NORTH,E-Wallet,Website,,104.46,2023/11/07
ORD-1992,CUST-321,50.0,Sports & Outdoors,Camping Tent,36.63,1,International,Credit Card,Website,4.4,124.68,2023-12-11
ORD-1320,CUST-108,42.0,Sports & Outdoors,Dumbbell Set,107.71 USD,2,North,Bank Transfer,Social Media,4.1,128.26,08-06-2023
ORD-1019,CUST-123,64.0,Electronics,Smart Watch,280.07,3,South,Bank Transfer,Social Media,3.1,25.99,2023-07-24
ORD-1684,CUST-273,56.0,Unknown,Python Cookbook,35.89,1,International,Credit Card,Mobile App,4.0,35.06,2023/08/29
ORD-1035,CUST-171,56.0,Home & Kitchen,Robot Vacuum,$242.28,4,International,Bank Transfer,Mobile App,4.5,17.32,"Jun 23, 2023"
ORD-1824,CUST-247,31.0,Electronics,Bluetooth Speaker,$554.73,4,Global,E-Wallet,Social Media,3.6,29.57,2023/04/28
ORD-1902,CUST-173,300.0,Home & Kitchen,Blender 500W,104.46 USD,3,International,E-Wallet,Store Affiliate,4.7,116.83,02-22-2023
ORD-1505,CUST-338,61.0,Sports & Outdoors,Dumbbell Set,145.54 USD,4,Central,Bank Transfer,Website,3.9,62.18,2023/06/17
ORD-1827,CUST-278,40.0,Sports & Outdoors,Water Bottle,132.45,5,North,COD (Cash on Delivery),Mobile App,3.6,62.91,2023/99/99
ORD-2112,CUST-192,54.0,Beauty & Care,Moisturizer Cream,36.49 USD,2,Central,Bank Transfer,Website,4.1,95.0,"Apr 26, 2023"
ORD-1407,CUST-197,58.0,Beauty & Care,Perfume 50ml,85.15,1,International,Bank Transfer,Social Media,4.4,81.05,2023/12/20
ORD-1817,CUST-317,60.0,Books,Python Cookbook, 33.09 ,5,International,Bank Transfer,Store Affiliate,4.2,118.28,2023/10/16
ORD-1866,CUST-343,22.0,Electronics,Wireless Headphones,$894.61,4,International,E-Wallet,Store Affiliate,4.3,134.12,2023-07-30
ORD-1537,CUST-127,58.0,Sports & Outdoors,Bicycle Helmet,$92.13,3,South,Credit Card,Store Affiliate,4.2,10.78,"Aug 06, 2023"
ORD-1758,CUST-340,25.0,Sports & Outdoors,Camping Tent,$46.73,1,Central,COD (Cash on Delivery),Website,,59.1,2023-08-21
ORD-2111,CUST-345,61.0,Beauty & Care,Moisturizer Cream, 43.58 ,2,South,Bank Transfer,Social Media,,28.44,2023-06-15
ORD-1968,CUST-186,57.0,Fashion,Denim Jeans,150.1,5,North,COD (Cash on Delivery),Website,4.1,61.08,2023/05/17
ORD-1038,CUST-101,30.0,Home & Kitchen,Air Fryer,179.09,1,North,Bank Transfer,Store Affiliate,3.6,58.69,"Sep 05, 2023"
ORD-1175,CUST-320,19.0,Home & Kitchen,Coffee Maker,58.36,1,International,Bank Transfer,Mobile App,4.1,17.2,2023-04-01
ORD-1245,CUST-182,25.0,Beauty & Care,Hair Dryer,83.02,1,International,Credit Card,Mobile App,4.7,113.42,24/06/2023
ORD-1810,CUST-150,28.0,Electronics,Laptop Pro,"1,060.67 USD",5,North,E-Wallet,Social Media,3.6,121.48,2023-04-24
ORD-1074,CUST-258,54.0,Sports & Outdoors,Water Bottle,$999.99,2,International,COD (Cash on Delivery),Website,4.3,85.99,"Mar 23, 2023"
ORD-2033,CUST-314,40.0,Home & Kitchen,Air Fryer,$41.91,4,Central,E-Wallet,Social Media,4.7,101.41,2023/99/99
ORD-1784,CUST-154,54.0,Beauty & Care,Face Sunscreen,69.02,1,Central,COD (Cash on Delivery),Store Affiliate,4.5,108.83,2023-11-25
ORD-1598,CUST-193,,?,Atomic Habits,17.97,4,North,E-Wallet,Store Affiliate,3.4,107.17,2023-12-26
ORD-1489,CUST-180,51.0,Sports & Outdoors,Dumbbell Set,146.98 USD,3,North,E-Wallet,Store Affiliate,4.4,48.37,2023-07-25
ORD-1154,CUST-167,36.0,Books,Python Cookbook,36.76,4,International,COD (Cash on Delivery),Social Media,4.7,119.32,09-17-2023
ORD-1638,CUST-300,51.0,Electronics,Laptop Pro,$155.28,2,Central,Credit Card,Store Affiliate,4.5,148.47,2023-02-26
ORD-1662,CUST-189,43.0,Sports & Outdoors,Bicycle Helmet, 33.42 ,4,International,Credit Card,Mobile App,4.0,143.75,2023/09/26
ORD-1853,CUST-163,49.0,Fashion,Denim Jeans,$114.25,2,Central,Credit Card,Social Media,3.6,52.02,2023-06-03
ORD-1287,CUST-293,50.0,Home & Kitchen,Coffee Maker,$183.16,4,Central,E-Wallet,Website,3.3,23.93,11-09-2023
ORD-1625,CUST-321,26.0,Fashion,Denim Jeans,147.6,3,South,E-Wallet,Website,4.1,121.56,2023-05-31
ORD-2169,CUST-279,26.0,Fashion,Running Shoes,91.18,4,Central,E-Wallet,Website,5.0,101.58,2023-10-24
ORD-1685,CUST-315,51.0,Beauty & Care,Face Sunscreen,47.71,1,North,Bank Transfer,Social Media,4.0,114.67,2023/05/12
ORD-2143,CUST-122,32.0,Fashion,Leather Jacket,36.48,4,North,COD (Cash on Delivery),Social Media,4.6,50.38,31/07/2023
ORD-1946,CUST-292,46.0,home & kitchen,Blender 500W,192.12,3,North,Credit Card,Website,4.2,24.2,02-23-2023
ORD-1569,CUST-263,49.0,Electronics,Bluetooth Speaker,1093.2,4,South,COD (Cash on Delivery),Website,4.8,51.19,2023-09-08
ORD-2186,CUST-221,36.0,Beauty & Care,Lipstick Matte,$37.77,1,International,Credit Card,Store Affiliate,4.1,148.56,"May 18, 2023"
ORD-1734,CUST-270,60.0,Fashion,Men T-Shirt,125.51,1,Central,COD (Cash on Delivery),Social Media,3.9,54.31,07-17-2023
ORD-1792,CUST-143,23.0,Books,Atomic Habits,30.07 USD,5,South,Credit Card,Store Affiliate,3.9,51.29,2023-03-03
ORD-1017,CUST-108,32.0,Books,Python Cookbook,27.68,5,International,Bank Transfer,Store Affiliate,4.4,100.99,2023-01-21
ORD-1127,CUST-296,63.0,Beauty & Care,Lipstick Matte,58.77,5,North,Credit Card,Mobile App,4.8,20.85,"Jun 25, 2023"
ORD-1322,CUST-184,60.0,Books,Atomic Habits,22.1,3,Central,Bank Transfer,Mobile App,4.7,70.52,07-21-2023
ORD-1255,CUST-161,53.0,-,Business Strategy,44.6,5,North,Bank Transfer,Store Affiliate,3.7,117.23,"Sep 07, 2023"
ORD-2187,CUST-265,33.0,Fashion,Denim Jeans,$20.01,5,International,COD (Cash on Delivery),Mobile App,4.0,121.55,2023-10-22
ORD-1927,CUST-313,27.0,Sports & Outdoors,Water Bottle,50.21,1,North,Bank Transfer,Mobile App,3.2,29.33,30/12/2023
ORD-1676,CUST-117,,Books,Python Cookbook,$30.45,4,South,E-Wallet,Social Media,3.1,75.25,10-02-2023
ORD-1190,CUST-164,46.0,Fashion,Denim Jeans,$50.15,4,Central,Bank Transfer,Mobile App,4.4,112.59,05/05/2023
ORD-1115,CUST-141,22.0,Home & Kitchen,Robot Vacuum,$103.84,1,International,Credit Card,Store Affiliate,4.6,15.87,2023-07-13
ORD-1523,CUST-102,,Electronics,Smartphone X,$203.40,2,International,Bank Transfer,Store Affiliate,3.7,29.79,2023/11/05
ORD-1964,CUST-211,36.0,SPORTS & OUTDOORS,Water Bottle,143.38,1,South,Bank Transfer,Social Media,3.8,62.2,2023-04-24
ORD-1606,CUST-191,-5.0,Books,Data Science Handbook,$32.45,1,Central,E-Wallet,Social Media,,41.64,11-28-2023
ORD-1180,CUST-302,55.0,Fashion,Men T-Shirt,67.71 USD,5,South,Credit Card,Store Affiliate,4.8,127.04,"May 23, 2023"
ORD-1301,CUST-130,40.0,Sports & Outdoors,Camping Tent, 146.68 ,3,Central,Bank Transfer,Website,3.0,127.43,16/06/2023
ORD-1496,CUST-259,65.0,Sports & Outdoors,Yoga Mat,133.76 USD,5,South,E-Wallet,Mobile App,4.6,145.36,05/01/2023
ORD-1348,CUST-190,43.0,Fashion,Women Dress,38.99,3,North,E-Wallet,Mobile App,3.9,14.99,2023/04/13
ORD-2075,CUST-150,52.0,Sports & Outdoors,Water Bottle,47.08 USD,1,North,COD (Cash on Delivery),Website,3.1,64.47,2023-02-27
ORD-1036,CUST-307,36.0,Books,Atomic Habits,40.0,2,VN-North,Credit Card,Social Media,4.5,52.72,2023/03/14
ORD-1744,CUST-176,37.0,Beauty & Care,Hair Dryer,30.51,1,International,Bank Transfer,Mobile App,4.0,19.09,"Mar 24, 2023"
ORD-1047,CUST-155,26.0,,Psychology of Money,$999.99,2,Central,Credit Card,Mobile App,4.5,57.73,2023-12-30
ORD-2030,CUST-343,55.0,Sports & Outdoors,Water Bottle, 60.03 ,4,VN-South,COD (Cash on Delivery),Mobile App,3.1,13.13,2023-06-16
ORD-1517,CUST-280,61.0,Beauty & Care,Perfume 50ml,$34.13,3,South,Bank Transfer,Store Affiliate,4.9,146.61,2023-04-16
ORD-1372,CUST-208,58.0,HOME & KITCHEN,Robot Vacuum,$55.09,5,International,Bank Transfer,Store Affiliate,4.6,63.24,2023/07/12
ORD-1045,CUST-171,63.0,Electronics,Bluetooth Speaker,1107.09,3,North,COD (Cash on Delivery),Store Affiliate,4.8,92.73,07/02/2023
ORD-1476,CUST-166,41.0,Electronics,Smart Watch,"$1,061.44",1,Central,Credit Card,Mobile App,-1.0,68.15,invalid_date
ORD-1157,CUST-290,47.0,Beauty & Care,Perfume 50ml,21.6,2,Central,Credit Card,Mobile App,4.6,58.17,2023-10-11
ORD-2087,CUST-275,29.0,Books,Python Cookbook,12.1,3,Central,Bank Transfer,Website,4.9,14.52,07-23-2023
ORD-1171,CUST-226,65.0,HOME & KITCHEN,Blender 500W,167.87,3,North,COD (Cash on Delivery),Website,4.8,68.53,"May 06, 2023"
ORD-1016,CUST-208,34.0,Fashion,Running Shoes,151.76,2,International,Bank Transfer,Store Affiliate,4.9,107.77,23/07/2023
ORD-1511,CUST-194,18.0,Home & Kitchen,Robot Vacuum,143.05 USD,3,North,Bank Transfer,Store Affiliate,3.1,42.5,2023-10-22
ORD-1048,CUST-345,35.0,Home & Kitchen,Air Fryer,$31.86,4,Central,Credit Card,Mobile App,4.0,126.09,2023-09-09
ORD-1191,CUST-348,35.0,Sports & Outdoors,Bicycle Helmet,143.51 USD,5,North,COD (Cash on Delivery),Mobile App,4.2,133.23,10-27-2023
ORD-1546,CUST-187,20.0,Home & Kitchen,Robot Vacuum,$249.26,5,North,COD (Cash on Delivery),Website,3.8,82.02,07-12-2023
ORD-1515,CUST-313,47.0,Books,Business Strategy,14.55,3,Central,COD (Cash on Delivery),Social Media,4.7,56.54,2023-04-07
ORD-1658,CUST-151,59.0,Sports & Outdoors,Camping Tent,149.29 USD,1,Central,Credit Card,Social Media,3.4,83.08,2023/01/24
ORD-2048,CUST-296,26.0,Beauty & Care,Moisturizer Cream,39.41,3,Central,E-Wallet,Store Affiliate,3.4,71.17,"Nov 12, 2023"
ORD-1828,CUST-198,45.0,FASHION,Running Shoes,100.7,4,,E-Wallet,Social Media,3.9,92.37,2023-07-11
ORD-2043,CUST-342,37.0,Home & Kitchen,Coffee Maker,131.22 USD,2,South,Bank Transfer,Mobile App,4.1,44.13,2023-03-30
ORD-1480,CUST-180,36.0,Books,Python Cookbook,$29.64,3,International,COD (Cash on Delivery),Store Affiliate,3.7,31.26,04-04-2023
ORD-1959,CUST-329,47.0,Sports & Outdoors,Bicycle Helmet,57.64,1,Unknown,E-Wallet,Mobile App,4.0,46.21,2023/02/21
ORD-2171,CUST-170,48.0,Beauty & Care,Moisturizer Cream, 67.32 ,5,central,E-Wallet,Mobile App,4.4,130.88,19/02/2023
ORD-1283,CUST-346,22.0,Sports & Outdoors,Camping Tent,124.99,2,Central,Bank Transfer,Mobile App,4.0,39.5,2023-08-30
ORD-2069,CUST-332,26.0,Beauty & Care,Moisturizer Cream,$47.42,4,International,COD (Cash on Delivery),Mobile App,4.1,50.3,"Aug 13, 2023"
ORD-1797,CUST-269,44.0,Books,Python Cookbook,11.96,1,North,Bank Transfer,Store Affiliate,4.8,58.84,2023/06/27
ORD-2150,CUST-245,50.0,Electronics,Smart Watch,237.41,2,CENTRAL,COD (Cash on Delivery),Website,4.5,101.43,2023/07/18
ORD-1225,CUST-322,52.0,Fashion,Leather Jacket,152.90 USD,2,International,COD (Cash on Delivery),Store Affiliate,4.3,27.7,2023/11/11
ORD-1026,CUST-150,29.0,Sports & Outdoors,Water Bottle,68.72,2,South,Bank Transfer,Store Affiliate,4.7,49.07,2023/02/23
ORD-1282,CUST-208,26.0,Books,Psychology of Money,$39.77,5,South,Bank Transfer,Social Media,3.8,148.49,
ORD-2192,CUST-104,44.0,Sports & Outdoors,Dumbbell Set,26.04 USD,4,North,E-Wallet,Website,4.4,56.38,2023-09-12
ORD-1437,CUST-114,54.0,Sports & Outdoors,Dumbbell Set,104.07,1,Central,Credit Card,Store Affiliate,4.0,137.71,2023-09-07
ORD-1820,CUST-216,,Beauty & Care,Lipstick Matte,40.7,2,North,COD (Cash on Delivery),Mobile App,3.6,14.4,2023/01/25
ORD-1364,CUST-320,58.0,Beauty & Care,Perfume 50ml,$19.07,3,International,Credit Card,Social Media,3.8,114.92,"Jul 19, 2023"
ORD-1229,CUST-263,30.0,Home & Kitchen,Coffee Maker, 55.08 ,1,,Bank Transfer,Mobile App,3.8,148.59,2023-07-28
ORD-1037,CUST-322,24.0,Electronics,Laptop Pro,$829.75,3,Central,Credit Card,Store Affiliate,4.4,85.82,05/05/2023
ORD-1669,CUST-106,22.0,Books,Data Science Handbook,$13.50,2,North,Credit Card,Social Media,,120.46,2023-02-17
ORD-1749,CUST-183,31.0,Books,Python Cookbook,$11.63,1,International,COD (Cash on Delivery),Website,5.0,72.08,2023/09/04
ORD-1344,CUST-124,,Home & Kitchen,Non-stick Pan,206.28,4,North,Credit Card,Social Media,3.4,54.45,2023-07-15
ORD-1374,CUST-171,24.0,Fashion,Women Dress,55.48,1,Central,COD (Cash on Delivery),Website,3.7,99.28,2023-02-21
ORD-1469,CUST-207,58.0,Sports & Outdoors,Dumbbell Set,129.92,1,International,E-Wallet,Mobile App,3.3,28.37,2023-04-08
ORD-1882,CUST-290,36.0,Electronics,Smart Watch,$864.64,3,International,Credit Card,Mobile App,4.9,30.65,26/04/2023
ORD-2163,CUST-304,27.0,Books,Psychology of Money,40.11 USD,2,International,E-Wallet,Store Affiliate,4.2,89.7,12-21-2023
ORD-1109,CUST-255,,Fashion,Denim Jeans,$40.47,2,North,COD (Cash on Delivery),Website,4.9,16.94,2023-03-21
ORD-1687,CUST-184,47.0,Sports & Outdoors,Yoga Mat,$41.79,4,International,E-Wallet,Website,3.5,71.89,2023-06-15
ORD-1032,CUST-156,64.0,Books,Psychology of Money,23.53,4,,Bank Transfer,Website,4.6,38.8,07/07/2023
ORD-1639,CUST-338,25.0,Fashion,Women Dress,$115.46,5,International,Credit Card,Website,3.4,22.79,N/A
ORD-2078,CUST-276,20.0,Beauty & Care,Perfume 50ml,78.7,1,North,Bank Transfer,Website,3.1,57.68,2023/06/08
ORD-1194,CUST-341,45.0,Beauty & Care,Lipstick Matte,32.13,3,North,Bank Transfer,Mobile App,3.5,80.79,2023-08-26
ORD-2147,CUST-162,44.0,Beauty & Care,Face Sunscreen,16.98,2,South,Credit Card,Social Media,4.5,34.12,"Jul 24, 2023"
ORD-2155,CUST-107,41.0,Books,Psychology of Money,$20.83,4,South,Bank Transfer,Website,3.9,29.4,2023/08/09
ORD-1895,CUST-224,33.0,Home & Kitchen,Blender 500W,$175.04,3,South,Credit Card,Store Affiliate,3.8,75.91,2023/06/17
ORD-1503,CUST-167,61.0,Fashion,Denim Jeans,$116.54,3,North,E-Wallet,Social Media,4.2,79.58,2023/10/27
ORD-1915,CUST-139,40.0,Books,Data Science Handbook, 12.8 ,5,International,E-Wallet,Website,3.3,113.66,2023/02/06
ORD-2040,CUST-271,56.0,Beauty & Care,Face Sunscreen,$28.11,3,Central,Bank Transfer,Mobile App,4.4,52.45,2023-06-14
ORD-1677,CUST-347,,Home & Kitchen,Coffee Maker,154.42,5,International,E-Wallet,Website,4.3,103.81,2023/08/14
ORD-2185,CUST-276,25.0,Electronics,Smart Watch,422.8,5,Central,Credit Card,Store Affiliate,3.5,94.45,27/08/2023
ORD-1800,CUST-185,28.0,Electronics,Smartphone X,1156.15,3,Central,Bank Transfer,Mobile App,,98.34,2023-08-12
ORD-1579,CUST-102,33.0,Home & Kitchen,Blender 500W,$200.19,3,INTERNATIONAL,E-Wallet,Store Affiliate,4.1,95.96,"Sep 02, 2023"
ORD-1160,CUST-167,62.0,Sports & Outdoors,Bicycle Helmet,75.42 USD,3,International,Bank Transfer,Mobile App,3.6,14.56,2023-02-10
ORD-2179,CUST-284,27.0,  Books   ,Business Strategy,$20.84,4,South,Bank Transfer,Store Affiliate,3.5,55.18,2023-04-27
ORD-1680,CUST-189,53.0,Books,Psychology of Money,24.99 USD,1,Central,E-Wallet,Mobile App,4.9,88.37,23/11/2023
ORD-1956,CUST-239,50.0,Home & Kitchen,Blender 500W,$72.80,5,Central,E-Wallet,Social Media,3.6,66.24,"Jul 02, 2023"
ORD-1821,CUST-206,46.0,Beauty & Care,Moisturizer Cream,49.01 USD,1,International,E-Wallet,Social Media,4.6,26.14,09-30-2023
ORD-2057,CUST-299,45.0,Electronics,Smart Watch,$371.06,2,International,COD (Cash on Delivery),Mobile App,4.6,67.01,invalid_date
ORD-1877,CUST-332,54.0,Beauty & Care,Hair Dryer,$34.02,5,International,Bank Transfer,Store Affiliate,3.9,117.22,2023-10-30
ORD-1913,CUST-198,50.0,Electronics,Smart Watch,217.28,1,International,Bank Transfer,Mobile App,3.1,20.03,2023-08-21
ORD-1152,CUST-217,65.0,Electronics,Wireless Headphones,949.25,3,South,E-Wallet,Website,4.6,123.12,02-20-2023
ORD-2138,CUST-182,46.0,Home & Kitchen,Coffee Maker, 175.64 ,4,International,Credit Card,Website,4.7,74.95,01/08/2023
ORD-1509,CUST-325,23.0,Electronics,Bluetooth Speaker,$346.33,3,Central,Bank Transfer,Store Affiliate,3.1,146.53,07/12/2023
ORD-1038,CUST-101,30.0,Home & Kitchen,Air Fryer,$999.99,2,North,Bank Transfer,Store Affiliate,3.6,58.69,"Sep 05, 2023"
ORD-1103,CUST-168,65.0,Electronics,Laptop Pro, 682.68 ,2,Central,Bank Transfer,Mobile App,3.7,48.66,2023-07-27
ORD-1586,CUST-138,40.0,Books,Atomic Habits,37.13,2,South,COD (Cash on Delivery),Mobile App,4.9,110.82,"Jul 14, 2023"
ORD-2101,CUST-229,36.0,Fashion,Men T-Shirt,$51.83,1,International,COD (Cash on Delivery),Social Media,,33.34,09-30-2023
ORD-1053,CUST-197,62.0,Home & Kitchen,Robot Vacuum,171.4,1,Central,COD (Cash on Delivery),Website,4.1,18.0,2023-12-19
ORD-1151,CUST-264,56.0,Fashion,Men T-Shirt,63.76 USD,5,South,E-Wallet,Website,4.0,95.27,2023-11-17
ORD-1403,CUST-202,55.0,Fashion,Men T-Shirt,41.54,5,International,Bank Transfer,Store Affiliate,3.9,78.48,2023-05-14
ORD-1207,CUST-128,44.0,Home & Kitchen,Air Fryer,248.83 USD,1,,Bank Transfer,Social Media,4.8,29.34,"Apr 12, 2023"
ORD-2177,CUST-121,34.0,Fashion,Denim Jeans,103.75,4,South,Bank Transfer,Store Affiliate,3.7,141.2,2023-02-23
ORD-1008,CUST-288,65.0,Home & Kitchen,Air Fryer,72.41,2,North,Bank Transfer,Mobile App,3.3,146.63,2023-11-07
ORD-2014,CUST-220,59.0,Electronics,Laptop Pro,1116.2,0,South,E-Wallet,Mobile App,4.7,126.89,invalid_date
ORD-1452,CUST-117,49.0,Sports & Outdoors,Yoga Mat,$96.33,5,North,Bank Transfer,Website,3.0,112.67,22/10/2023
ORD-1253,CUST-306,53.0,BEAUTY & CARE,Perfume 50ml,$34.19,5,North,Credit Card,Social Media,4.5,28.84,2023-02-27
ORD-1896,CUST-260,45.0,Fashion,Running Shoes, 139.65 ,1,North,E-Wallet,Store Affiliate,3.0,106.15,N/A
ORD-2089,CUST-306,57.0,Sports & Outdoors,Yoga Mat,84.57,1,South,Bank Transfer,Mobile App,3.5,145.48,"Dec 23, 2023"
ORD-1880,CUST-329,58.0,Sports & Outdoors,Dumbbell Set,70.71,1,South,E-Wallet,Mobile App,3.1,33.15,06-29-2023
ORD-2175,CUST-342,23.0,Beauty & Care,Hair Dryer,62.69,4,International,Credit Card,Social Media,3.4,132.45,2023-10-02
ORD-1623,CUST-338,60.0,Beauty & Care,Hair Dryer,$25.23,5,South,Credit Card,Social Media,3.9,46.81,2023-04-18
ORD-1345,CUST-124,39.0,Books,Data Science Handbook,25.68,1,North,Bank Transfer,Website,3.9,127.8,"Jun 16, 2023"
ORD-2070,CUST-345,27.0,Home & Kitchen,Coffee Maker,$113.79,5,North,COD (Cash on Delivery),Website,3.9,109.68,2023/07/05
ORD-1262,CUST-121,59.0,Fashion,Leather Jacket,148.26,4,Central,COD (Cash on Delivery),Mobile App,-1.0,100.92,"Apr 02, 2023"
ORD-1150,CUST-334,37.0,Electronics,Smartphone X,$154.95,4,North,COD (Cash on Delivery),Mobile App,4.3,13.57,24/07/2023
ORD-1472,CUST-244,37.0,Electronics,Smartphone X,$941.27,5,South,COD (Cash on Delivery),Store Affiliate,3.4,21.89,2023-08-09
ORD-1640,CUST-205,65.0,Beauty & Care,Moisturizer Cream,55.29,5,International,COD (Cash on Delivery),Social Media,,122.47,16/01/2023
ORD-1362,CUST-186,-999.0,Electronics,Bluetooth Speaker,1147.87,5,North,E-Wallet,Store Affiliate,4.7,143.12,2023-01-24
ORD-2172,CUST-242,0.0,Books,Data Science Handbook,$16.20,4,International,Bank Transfer,Mobile App,4.6,129.04,09-17-2023
ORD-1550,CUST-318,24.0,Fashion,Women Dress,127.03,5,International,COD (Cash on Delivery),Store Affiliate,3.4,24.71,2023-07-14
ORD-1928,CUST-207,59.0,Beauty & Care,Hair Dryer,$64.27,5,International,COD (Cash on Delivery),Social Media,3.0,36.32,2023-12-21
ORD-1488,CUST-217,41.0,Sports & Outdoors,Water Bottle,144.59,1,,COD (Cash on Delivery),Social Media,3.3,13.28,2023-01-11
ORD-2122,CUST-233,56.0,Electronics,Smart Watch,320.10 USD,5,International,E-Wallet,Social Media,4.5,66.16,2023/04/25
ORD-1146,CUST-267,27.0,Fashion,Men T-Shirt,$98.01,2,North,Credit Card,Website,3.4,32.44,2023/04/14
ORD-1402,CUST-321,49.0,BEAUTY & CARE,Face Sunscreen,$86.71,5,Unknown,E-Wallet,Social Media,3.2,122.66,05/12/2023
ORD-1954,CUST-291,21.0,Fashion,Denim Jeans,$64.24,3,South,COD (Cash on Delivery),Website,4.1,78.06,08/12/2023
ORD-2167,CUST-325,48.0,Fashion,Running Shoes,106.49,1,North,Bank Transfer,Social Media,4.6,114.02,2023/05/07
ORD-1659,CUST-309,19.0,Sports & Outdoors,Yoga Mat,82.66,5,Central,COD (Cash on Delivery),Store Affiliate,3.7,84.3,10-04-2023
ORD-1463,CUST-163,64.0,Home & Kitchen,Non-stick Pan,177.46 USD,4,North,E-Wallet,Website,4.5,118.14,2023/09/20
ORD-1186,CUST-197,29.0,Home & Kitchen,Air Fryer,$249.0,5,International,Bank Transfer,Store Affiliate,4.4,73.81,2023-06-05
ORD-1608,CUST-274,31.0,Electronics,Laptop Pro,$943.76,4,South,Credit Card,Website,4.9,139.9,"Jan 24, 2023"
ORD-1143,CUST-283,59.0,Books,Atomic Habits,21.07 USD,1,Central,Bank Transfer,Website,4.8,75.9,01-07-2023
ORD-1751,CUST-278,60.0,Electronics,Smart Watch,490.27,1,Central,Credit Card,Mobile App,4.1,37.82,26/06/2023
ORD-1981,CUST-106,38.0,Books,Psychology of Money,12.36,1,International,Bank Transfer,Store Affiliate,3.7,73.7,2023-11-05
ORD-1197,CUST-284,23.0,Fashion,Men T-Shirt,$137.45,3,South,COD (Cash on Delivery),Website,4.7,94.73,2023/01/27
ORD-1883,CUST-320,25.0,Fashion,Denim Jeans,140.8,1,VN-Central,E-Wallet,Website,3.8,133.61,2023-05-22
ORD-1279,CUST-235,56.0,Electronics,Laptop Pro,"$1,160.43",4,Central,COD (Cash on Delivery),Social Media,4.7,30.05,2023/09/14
ORD-1293,CUST-202,55.0,Fashion,Leather Jacket,$148.36,4,North,E-Wallet,Mobile App,3.8,50.39,2023/03/22
ORD-1003,CUST-289,48.0,Sports & Outdoors,Bicycle Helmet,$999.99,2,North,COD (Cash on Delivery),Mobile App,3.7,108.77,06/02/2023
ORD-1400,CUST-223,61.0,Electronics,Smart Watch,623.03,5,Central,E-Wallet,Store Affiliate,4.9,118.32,2023-10-21
ORD-1122,CUST-242,48.0,Beauty & Care,Lipstick Matte,34.54,1,North,COD (Cash on Delivery),Mobile App,3.3,130.05,05/09/2023
ORD-1202,CUST-292,38.0,Beauty & Care,Hair Dryer,17.80 USD,1,South,Credit Card,Mobile App,3.8,27.54,02/09/2023
ORD-1835,CUST-101,51.0,Unknown,Bicycle Helmet,122.98,1,South,Credit Card,Mobile App,4.3,56.86,13/11/2023
ORD-1246,CUST-225,19.0,Beauty & Care,Lipstick Matte,77.64,2,North,COD (Cash on Delivery),Website,4.0,59.69,"May 21, 2023"
ORD-2182,CUST-242,56.0,Books,Data Science Handbook,$38.16,2,  North ,Bank Transfer,Mobile App,4.0,38.98,11-27-2023
ORD-2170,CUST-325,63.0,Sports & Outdoors,Water Bottle,$146.19,4,Central,COD (Cash on Delivery),Social Media,3.0,87.29,03-07-2023
ORD-1384,CUST-240,40.0,Sports & Outdoors,Bicycle Helmet,114.61,5,Central,Credit Card,Social Media,3.3,60.0,"Aug 30, 2023"
ORD-1854,CUST-334,65.0,Home & Kitchen,Blender 500W,193.11 USD,2,International,Bank Transfer,Website,3.6,145.91,01-01-2023
ORD-1219,CUST-228,38.0,Fashion,Running Shoes,68.18 USD,1,Central,Bank Transfer,Store Affiliate,4.4,12.17,2023/02/27
ORD-1641,CUST-305,22.0,Fashion,Men T-Shirt, 171.52 ,4,,Bank Transfer,Social Media,4.9,30.51,"Sep 12, 2023"
ORD-1001,CUST-128,55.0,Electronics,Smart Watch,$316.92,5,North,E-Wallet,Store Affiliate,4.8,17.56,08-29-2023
ORD-1112,CUST-236,33.0,Home & Kitchen,Coffee Maker,$197.84,8888,International,Bank Transfer,Website,3.8,105.82,"Jun 10, 2023"
ORD-1698,CUST-109,31.0,Electronics,Bluetooth Speaker,$297.00,1,,E-Wallet,Store Affiliate,,77.02,2023/03/06
ORD-1951,CUST-313,37.0,Electronics,Smartphone X,"$1,110.76",3,South,E-Wallet,Mobile App,4.3,90.46,2023/09/18
ORD-2120,CUST-145,,Books,Python Cookbook,$39.71,5,Central,Bank Transfer,Store Affiliate,4.8,118.85,2023/01/14
ORD-1441,CUST-228,19.0,ELECTRONICS,Smart Watch,512.56,2,South,Credit Card,Website,4.0,82.61,2023-09-20
ORD-1663,CUST-178,45.0,Beauty & Care,Hair Dryer,22.37,1,North,Bank Transfer,Website,4.6,142.37,2023/03/28
ORD-2137,CUST-168,35.0,Books,Atomic Habits,$35.47,2,Central,Bank Transfer,Social Media,3.6,79.28,2023-08-13
ORD-1317,CUST-158,65.0,Electronics,Wireless Headphones,699.26,4,Central,Bank Transfer,Store Affiliate,3.9,51.29,06-11-2023
ORD-1648,CUST-140,46.0,Electronics,Smart Watch,688.18,3,North,Bank Transfer,Store Affiliate,3.4,71.56,2023-11-15
ORD-1709,CUST-129,38.0,Electronics,Laptop Pro,769.54,3,South,COD (Cash on Delivery),Social Media,4.4,78.64,2023/11/11
ORD-1972,CUST-203,47.0,Home & Kitchen,Blender 500W,153.9,3,South,COD (Cash on Delivery),Store Affiliate,4.8,63.69,"Oct 15, 2023"
ORD-1627,CUST-349,40.0,Home & Kitchen,Robot Vacuum,$241.23,5,South,E-Wallet,Mobile App,4.3,117.25,11-13-2023
ORD-1632,CUST-205,29.0,Books,Data Science Handbook,$35.53,1,North,COD (Cash on Delivery),Mobile App,3.5,123.02,31/03/2023
ORD-1240,CUST-336,,Beauty & Care,Hair Dryer,$30.58,3,Central,COD (Cash on Delivery),Social Media,3.2,135.77,2023-11-27
ORD-2148,CUST-292,21.0,Home & Kitchen,Robot Vacuum,$117.34,-10,International,Bank Transfer,Social Media,4.1,137.02,"Nov 18, 2023"
ORD-1795,CUST-172,31.0,Home & Kitchen,Air Fryer,38.62 USD,5,Central,COD (Cash on Delivery),Website,3.5,78.58,01/06/2023
ORD-1645,CUST-307,50.0,Fashion,Denim Jeans,$75.02,5,South,Bank Transfer,Store Affiliate,4.6,135.43,11-17-2023
ORD-2012,CUST-313,21.0,Books,Atomic Habits,$15.46,1,South,Bank Transfer,Social Media,3.8,44.17,03/04/2023
ORD-1556,CUST-332,41.0,Home & Kitchen,Robot Vacuum,$180.16,3,Central,Credit Card,Store Affiliate,3.3,33.27,2023/04/16
ORD-1681,CUST-264,63.0,Fashion,Women Dress,$20.77,3,North,Bank Transfer,Store Affiliate,3.2,149.71,01/01/2023
ORD-1577,CUST-209,46.0,Home & Kitchen,Non-stick Pan,$44.4,5,North,Bank Transfer,Mobile App,4.5,83.26,17/09/2023
ORD-2109,CUST-127,30.0,Electronics,Laptop Pro,923.35 USD,5,intl,E-Wallet,Website,3.7,42.86,10-19-2023
ORD-1524,CUST-270,41.0,Books,Python Cookbook, 42.63 ,3,North,E-Wallet,Mobile App,3.1,96.31,2023-01-21
ORD-2059,CUST-141,41.0,Beauty & Care,Lipstick Matte,42.92,2,North,Credit Card,Store Affiliate,3.7,68.01,09-12-2023
ORD-1540,CUST-139,37.0,Home & Kitchen,Non-stick Pan,$76.94,4,Central,Credit Card,Website,3.6,121.26,2023/04/22
ORD-1748,CUST-204,50.0,Fashion,Denim Jeans,92.74,3,Central,COD (Cash on Delivery),Mobile App,4.1,21.76,2023-10-20
ORD-2151,CUST-256,41.0,Books,Atomic Habits,19.19,2,South,Credit Card,Social Media,4.4,146.39,2023-05-14
ORD-1484,CUST-133,29.0,Sports & Outdoors,Yoga Mat,$60.95,8888,South,Bank Transfer,Website,4.0,94.8,2023/08/21
ORD-1095,CUST-262,37.0,Home & Kitchen,Blender 500W,$155.85,5,South,E-Wallet,Website,5.0,18.2,06-05-2023
ORD-2020,CUST-189,61.0,Beauty & Care,Moisturizer Cream,$18.17,2,Central,E-Wallet,Social Media,4.5,30.55,2023-08-22
ORD-1563,CUST-170,65.0,Beauty & Care,Perfume 50ml,83.35 USD,2,Unknown,Credit Card,Social Media,5.0,78.21,2023-10-24
ORD-1742,CUST-284,36.0,Books,Psychology of Money,22.93,5,Central,COD (Cash on Delivery),Store Affiliate,4.9,127.28,2023/01/18
ORD-1863,CUST-243,53.0,Fashion,Leather Jacket,$160.28,4,International,Credit Card,Social Media,3.6,14.0,"Nov 01, 2023"
ORD-1891,CUST-170,41.0,   ,Dumbbell Set,68.04 USD,2,Central,COD (Cash on Delivery),Website,4.1,128.39,08-16-2023
ORD-2038,CUST-132,43.0,Unknown,Psychology of Money,23.78,2,South,Bank Transfer,Mobile App,4.8,36.83,2023/10/08
ORD-1206,CUST-187,39.0,Books,Business Strategy,11.7,2,Central,Credit Card,Mobile App,4.3,91.87,2023-09-01
ORD-1392,CUST-123,61.0,Home & Kitchen,Air Fryer,$201.91,4,International,E-Wallet,Social Media,4.6,55.56,"Jun 03, 2023"
ORD-1794,CUST-121,51.0,Beauty & Care,Face Sunscreen, 62.22 ,1,,Credit Card,Website,4.1,47.04,2023/12/31
ORD-1870,CUST-256,45.0,Sports & Outdoors,Dumbbell Set,$25.90,3,International,Credit Card,Mobile App,3.9,146.14,2023/03/24
ORD-1397,CUST-142,57.0,Beauty & Care,Hair Dryer,77.81,2,Central,E-Wallet,Store Affiliate,4.3,25.9,08-13-2023
ORD-1766,CUST-177,61.0,Fashion,Running Shoes,$102.62,5,North,Bank Transfer,Mobile App,4.8,112.14,2023-09-21
ORD-2141,CUST-312,45.0,Sports & Outdoors,Dumbbell Set, 35.01 ,3,North,Credit Card,Mobile App,3.1,139.35,2023-10-18
ORD-2028,CUST-293,39.0,Fashion,Leather Jacket,177.50 USD,3,North,E-Wallet,Website,4.5,114.9,08-17-2023
ORD-1642,CUST-271,48.0,Electronics,Bluetooth Speaker,469.93 USD,1,North,Credit Card,Store Affiliate,3.1,33.07,04-15-2023
ORD-1612,CUST-190,39.0,Books,Business Strategy,$42.48,1,International,Bank Transfer,Mobile App,4.6,91.83,2023-10-17
ORD-1960,CUST-156,46.0,sports & outdoors,Dumbbell Set,75.89,3,North,COD (Cash on Delivery),Website,4.3,98.78,09-06-2023
ORD-1725,CUST-340,65.0,Home & Kitchen,Non-stick Pan,175.79,5,Central,E-Wallet,Social Media,3.6,18.73,2023-05-17
ORD-1683,CUST-202,42.0,Sports & Outdoors,Dumbbell Set,52.69,2,South,Credit Card,Website,3.3,63.54,2023-09-01
ORD-1098,CUST-141,37.0,Books,Atomic Habits,$17.78,4,South,E-Wallet,Mobile App,4.6,95.45,2023/01/07
ORD-1804,CUST-292,38.0,Books,Psychology of Money,35.18,3,North,Credit Card,Website,3.7,64.0,04-04-2023
ORD-1406,CUST-142,47.0,Home & Kitchen,Air Fryer,40.69 USD,2,International,E-Wallet,Store Affiliate,3.1,50.73,05-30-2023
ORD-1502,CUST-229,32.0,Books,Psychology of Money,29.13 USD,5,North,Credit Card,Store Affiliate,4.6,12.41,"Apr 25, 2023"
ORD-2071,CUST-196,22.0,Electronics,Smartphone X,303.14,3,North,E-Wallet,Store Affiliate,3.7,125.78,03-23-2023
ORD-2056,CUST-129,60.0,Books,Data Science Handbook,27.46,4,International,Credit Card,Mobile App,3.4,48.18,27/07/2023
ORD-1929,CUST-199,22.0,  Fashion   ,Denim Jeans,148.63 USD,2,International,Bank Transfer,Store Affiliate,4.2,39.57,2023-09-07
ORD-1779,CUST-182,39.0,Beauty & Care,Lipstick Matte,42.17,5,North,COD (Cash on Delivery),Store Affiliate,4.0,136.21,23/09/2023
ORD-1200,CUST-326,44.0,Fashion,Denim Jeans,78.65,5,north,E-Wallet,Social Media,3.8,89.71,"Feb 07, 2023"
ORD-1134,CUST-180,34.0,,Psychology of Money,$20.44,1,South,Credit Card,Mobile App,4.5,68.24,2023-11-08
ORD-2051,CUST-255,65.0,Books,Python Cookbook,29.2,3,Central,COD (Cash on Delivery),Store Affiliate,4.6,48.76,2023-06-12
ORD-1040,CUST-306,32.0,Home & Kitchen,Air Fryer,$120.09,1,South,COD (Cash on Delivery),Website,3.7,95.22,2023/05/16
ORD-2017,CUST-238,39.0,Sports & Outdoors,Dumbbell Set,$101.73,4,International,Bank Transfer,Website,3.2,74.18,05-30-2023
ORD-1230,CUST-229,51.0,Sports & Outdoors,Bicycle Helmet,38.28,3,  North ,E-Wallet,Mobile App,4.9,28.53,"Nov 04, 2023"
ORD-1378,CUST-336,37.0,Beauty & Care,Moisturizer Cream,$36.90,4,South,E-Wallet,Website,4.9,52.01,2023-05-22
ORD-1288,CUST-286,35.0,Sports & Outdoors,Water Bottle,$32.33,5,North,Bank Transfer,Store Affiliate,3.9,49.87,2023-04-18
ORD-1418,CUST-345,22.0,Electronics,Bluetooth Speaker,"1,076.83 USD",2,International,Bank Transfer,Website,3.6,47.56,"Jun 14, 2023"
ORD-1391,CUST-348,54.0,electronics,Laptop Pro,629.9,5,North,COD (Cash on Delivery),Website,3.2,145.71,29/10/2023
ORD-1592,CUST-241,47.0,Sports & Outdoors,Yoga Mat,66.46,5,North,Credit Card,Website,3.0,68.28,06-08-2023
ORD-2086,CUST-317,28.0,Sports & Outdoors,Camping Tent,111.32,2,North,E-Wallet,Mobile App,3.4,45.8,02/04/2023
ORD-1647,CUST-168,24.0,Home & Kitchen,Coffee Maker, 172.1 ,2,South,COD (Cash on Delivery),Social Media,3.2,81.64,2023-05-16
ORD-2152,CUST-271,33.0,Home & Kitchen,Non-stick Pan, 64.16 ,5,North,E-Wallet,Store Affiliate,3.9,67.44,2023-12-28
ORD-1520,CUST-306,34.0,Beauty & Care,Moisturizer Cream,26.61,5,International,Bank Transfer,Social Media,3.4,131.08,21/02/2023
ORD-1064,CUST-237,39.0,Books,Psychology of Money,33.18,1,Central,COD (Cash on Delivery),Website,3.4,32.76,03-17-2023
ORD-1014,CUST-122,35.0,Sports & Outdoors,Water Bottle,113.08 USD,1,South,COD (Cash on Delivery),Website,3.1,29.87,2023/01/31
ORD-2064,CUST-106,31.0,Books,Psychology of Money,$30.16,1,North,E-Wallet,Mobile App,4.5,54.54,2023-05-16
ORD-1492,CUST-339,28.0,Electronics,Bluetooth Speaker,$163.61,5,International,COD (Cash on Delivery),Social Media,3.8,101.85,2023-01-04
ORD-1379,CUST-119,19.0,Home & Kitchen,Blender 500W,$144.84,2,Central,Credit Card,Store Affiliate,3.4,42.47,03/10/2023
ORD-1187,CUST-252,48.0,Home & Kitchen,Blender 500W,$105.40,4,International,COD (Cash on Delivery),Website,4.0,114.75,2023/02/01
ORD-1763,CUST-144,53.0,Fashion,Men T-Shirt,$102.67,5,North,Bank Transfer,Social Media,3.0,74.82,2023-03-02
ORD-1216,CUST-284,23.0,Books,Psychology of Money,15.36,5,North,Credit Card,Store Affiliate,3.6,118.17,05/01/2023
ORD-1791,CUST-288,19.0,HOME & KITCHEN,Robot Vacuum,$39.49,2,South,COD (Cash on Delivery),Mobile App,4.8,34.8,26/02/2023
ORD-2076,CUST-119,65.0,Beauty & Care,Moisturizer Cream, 52.47 ,5,International,COD (Cash on Delivery),Mobile App,3.9,140.18,2023/04/08
ORD-1878,CUST-240,43.0,Beauty & Care,Moisturizer Cream,$79.12,3,North,E-Wallet,Website,3.8,122.21,2023/04/10
ORD-1337,CUST-221,64.0,Beauty & Care,Lipstick Matte,87.76 USD,4,South,Bank Transfer,Website,4.9,118.79,2023-12-05
ORD-1719,CUST-233,23.0,Home & Kitchen,Robot Vacuum,$191.31,1,South,Credit Card,Store Affiliate,4.2,131.93,08-25-2023
ORD-1295,CUST-266,60.0,Sports & Outdoors,Water Bottle,47.66 USD,1,North,COD (Cash on Delivery),Social Media,3.3,148.43,2023-07-22
ORD-2016,CUST-291,22.0,-,Bicycle Helmet,107.93,3,International,E-Wallet,Website,3.2,83.3,2023/02/20
ORD-1455,CUST-272,56.0,  Sports & Outdoors   ,Yoga Mat,$118.48,5,South,COD (Cash on Delivery),Mobile App,4.2,12.8,02-04-2023
ORD-1815,CUST-221,35.0,Books,Business Strategy,38.72,4,Central,Credit Card,Social Media,3.3,121.2,11-04-2023
ORD-1269,CUST-236,35.0,Fashion,Men T-Shirt,126.14 USD,3,North,Credit Card,Website,4.2,51.63,2023/06/25
ORD-1995,CUST-112,20.0,Home & Kitchen,Coffee Maker,$46.73,1,South,Bank Transfer,Website,4.5,59.96,"Aug 04, 2023"
ORD-1201,CUST-237,39.0,Books,Data Science Handbook,$32.77,-3,South,Bank Transfer,Mobile App,3.1,125.75,2023-04-11
ORD-1161,CUST-291,43.0,Fashion,Men T-Shirt,174.45 USD,4,North,COD (Cash on Delivery),Website,4.9,111.68,01-29-2023
ORD-1729,CUST-150,21.0,Home & Kitchen,Non-stick Pan,66.49,5,International,Credit Card,Mobile App,,37.19,2023/07/11
ORD-1401,CUST-154,33.0,Electronics,Bluetooth Speaker,841.38,2,Central,Credit Card,Website,3.4,77.72,07/10/2023
ORD-1702,CUST-188,44.0,Beauty & Care,Face Sunscreen,$20.73,2,Central,Bank Transfer,Website,3.1,97.54,03-15-2023
ORD-2129,CUST-237,-5.0,Electronics,Bluetooth Speaker,617.14,5,North,COD (Cash on Delivery),Website,4.1,24.79,2023-04-21
ORD-1565,CUST-100,27.0,Sports & Outdoors,Water Bottle,$71.87,3,South,Credit Card,Social Media,3.6,86.59,2023/03/04
ORD-2021,CUST-157,42.0,Home & Kitchen,Air Fryer,136.1,2,North,COD (Cash on Delivery),Website,99.0,146.76,"May 10, 2023"
ORD-2025,CUST-345,60.0,Fashion,Women Dress, 163.52 ,4,International,COD (Cash on Delivery),Social Media,4.8,147.24,30/06/2023
ORD-2104,CUST-103,32.0,Sports & Outdoors,Camping Tent,46.82 USD,4,International,COD (Cash on Delivery),Mobile App,4.8,149.42,"Mar 10, 2023"
ORD-1205,CUST-264,28.0,Home & Kitchen,Air Fryer,$147.64,1,South,Bank Transfer,Mobile App,3.9,67.07,invalid_date
ORD-1034,CUST-250,51.0,Home & Kitchen,Robot Vacuum,155.9,5,South,COD (Cash on Delivery),Website,3.4,70.35,2023/12/03
ORD-1775,CUST-301,29.0,  Sports & Outdoors   ,Camping Tent,$34.64,3,International,E-Wallet,Store Affiliate,5.0,111.4,2023-12-06
ORD-1508,CUST-117,41.0,Fashion,Women Dress,129.23,1,North,Credit Card,Store Affiliate,4.3,41.37,2023/12/01
ORD-1570,CUST-350,,Sports & Outdoors,Dumbbell Set,49.06,3,South,Bank Transfer,Website,3.1,139.08,06/11/2023
ORD-1091,CUST-125,51.0,Beauty & Care,Lipstick Matte,46.39,3,North,E-Wallet,Mobile App,4.1,145.22,2023-04-27
ORD-1897,CUST-161,55.0,Books,Data Science Handbook,$25.63,3,North,Credit Card,Social Media,4.6,107.83,11-23-2023
ORD-1564,CUST-111,64.0,Home & Kitchen,Blender 500W,210.86,1,South,COD (Cash on Delivery),Store Affiliate,4.8,114.86,"Sep 22, 2023"
ORD-1776,CUST-248,35.0,Beauty & Care,Perfume 50ml,63.26,4,North,COD (Cash on Delivery),Mobile App,,44.54,2023-02-19
ORD-1241,CUST-235,36.0,Books,Business Strategy, 42.66 ,1,Central,COD (Cash on Delivery),Mobile App,3.1,92.81,2023-06-03
ORD-1013,CUST-239,47.0,Fashion,Men T-Shirt,166.88,3,North,E-Wallet,Website,4.7,124.29,04/09/2023
ORD-1315,CUST-261,20.0,Sports & Outdoors,Yoga Mat,108.73 USD,1,International,Credit Card,Store Affiliate,3.2,82.93,20/06/2023
ORD-1600,CUST-338,21.0,Fashion,Denim Jeans,$82.09,2,Central,Credit Card,Website,3.7,56.34,N/A
ORD-1387,CUST-266,27.0,Fashion,Leather Jacket,$117.74,4,  North ,Credit Card,Store Affiliate,3.3,25.73,"Jun 16, 2023"
ORD-1166,CUST-202,46.0,Beauty & Care,Perfume 50ml,$16.06,1,International,Credit Card,Social Media,3.4,140.97,
ORD-1840,CUST-326,43.0,Electronics,Wireless Headphones,$783.65,3,International,E-Wallet,Store Affiliate,5.0,75.36,06/08/2023
ORD-1020,CUST-155,30.0,Sports & Outdoors,Water Bottle,28.82,3,International,E-Wallet,Mobile App,4.9,79.85,"Sep 19, 2023"
ORD-1646,CUST-163,55.0,Books,Python Cookbook,24.44,1,International,COD (Cash on Delivery),Website,3.4,17.31,11/07/2023
ORD-2154,CUST-186,23.0,Sports & Outdoors,Water Bottle,$135.68,3,Overseas,Bank Transfer,Social Media,3.3,96.64,"May 15, 2023"
ORD-1831,CUST-162,61.0,Electronics,Laptop Pro,251.11,3,North,Credit Card,Store Affiliate,3.5,98.13,15/12/2023
ORD-1562,CUST-312,55.0,Home & Kitchen,Robot Vacuum,92.22,3,Central,Credit Card,Store Affiliate,4.7,122.44,2023-09-17
ORD-1849,CUST-232,,Fashion,Leather Jacket,56.72 USD,4,International,Credit Card,Website,,45.36,09-01-2023
ORD-1686,CUST-237,36.0,Beauty & Care,Lipstick Matte,$78.01,1,South,COD (Cash on Delivery),Store Affiliate,3.1,11.49,"Mar 07, 2023"
ORD-1957,CUST-304,22.0,Beauty & Care,Perfume 50ml,84.73,3,central,E-Wallet,Store Affiliate,4.3,117.99,12/02/2023
ORD-1189,CUST-235,59.0,Beauty & Care,Hair Dryer, 41.94 ,5,  North ,Credit Card,Website,,43.75,27/04/2023
ORD-1975,CUST-315,65.0,Fashion,Denim Jeans,173.80 USD,3,North,Credit Card,Social Media,4.8,57.2,2023/07/12
ORD-1699,CUST-127,45.0,Home & Kitchen,Blender 500W, 148.5 ,2,International,Credit Card,Store Affiliate,4.3,16.15,2023-04-23
ORD-1510,CUST-162,43.0,,Perfume 50ml,$28.03,3,VN-South,E-Wallet,Social Media,3.3,65.63,2023/04/13
ORD-2082,CUST-126,26.0,Sports & Outdoors,Yoga Mat,62.50 USD,3,North,E-Wallet,Website,3.2,113.96,2023-10-14
ORD-1474,CUST-180,20.0,Home & Kitchen,Non-stick Pan,$209.09,1,North,COD (Cash on Delivery),Store Affiliate,3.4,111.1,27/08/2023
ORD-1856,CUST-131,29.0,Books,Business Strategy,34.38,3,North,Credit Card,Website,4.4,116.84,09/05/2023
ORD-1747,CUST-270,54.0,Fashion,Leather Jacket,95.15,1,South,Credit Card,Social Media,,112.05,06/01/2023
ORD-1252,CUST-312,37.0,Electronics,Laptop Pro,256.36 USD,2,Central,Credit Card,Store Affiliate,3.7,76.79,2023-08-14
ORD-1021,CUST-159,38.0,Home & Kitchen,Air Fryer,$111.94,5,South,E-Wallet,Website,3.7,14.73,19/11/2023
ORD-1459,CUST-130,30.0,Sports & Outdoors,Camping Tent,126.04 USD,-3,South,Credit Card,Social Media,4.0,77.89,10-13-2023
ORD-2184,CUST-161,45.0,Electronics,Wireless Headphones,$534.07,4,South,Bank Transfer,Store Affiliate,3.2,44.31,"Apr 25, 2023"
ORD-1276,CUST-240,27.0,Home & Kitchen,Robot Vacuum,209.29 USD,5,North,Bank Transfer,Social Media,3.3,55.19,"Apr 29, 2023"
ORD-1955,CUST-288,40.0,Electronics,Bluetooth Speaker, 786.68 ,3,North,E-Wallet,Social Media,4.0,144.39,2023-05-09
ORD-1170,CUST-230,,Sports & Outdoors,Camping Tent,109.59,3,North,Bank Transfer,Social Media,3.5,86.75,2023/11/30
ORD-1385,CUST-125,41.0,Beauty & Care,Lipstick Matte,69.12,1,South,Credit Card,Mobile App,4.3,77.33,10/03/2023
ORD-1805,CUST-160,54.0,Electrnics,Smartphone X,844.83,5,Central,E-Wallet,Mobile App,4.2,85.31,2023/07/23
ORD-1343,CUST-148,48.0,Books,Business Strategy,$26.07,5,North,COD (Cash on Delivery),Website,3.8,121.19,2023-08-07
ORD-1769,CUST-313,19.0,Sports & Outdoors,Water Bottle,85.86,5,International,E-Wallet,Social Media,4.8,145.21,"Apr 06, 2023"
ORD-1130,CUST-158,47.0,Home & Kitchen,Non-stick Pan,225.67 USD,1,International,Credit Card,Social Media,4.5,43.18,"Apr 16, 2023"
ORD-1871,CUST-308,19.0,Books,Business Strategy,32.91 USD,5,South,E-Wallet,Social Media,3.3,115.26,05-05-2023
ORD-2123,CUST-347,26.0,Electronics,Smart Watch, 389.63 ,5,South,Bank Transfer,Social Media,3.1,67.19,2023/12/22
ORD-1087,CUST-120,56.0,Home & Kitchen,Non-stick Pan,$188.68,2,South,Bank Transfer,Mobile App,3.1,35.03,2023-05-30
ORD-1330,CUST-238,39.0,Electronics,Bluetooth Speaker,314.77 USD,4,International,Bank Transfer,Mobile App,4.6,121.06,13/03/2023
ORD-1466,CUST-110,26.0,Sports & Outdoors,Dumbbell Set, 45.12 ,1,North,Credit Card,Store Affiliate,3.1,27.31,2023-08-28
ORD-1121,CUST-276,56.0,Books,Data Science Handbook,21.6,3,North,E-Wallet,Website,3.6,104.97,2023-03-31
ORD-2044,CUST-155,53.0,Fashion,Men T-Shirt,$130.27,5,Central,COD (Cash on Delivery),Store Affiliate,,121.85,2023/09/13
ORD-2095,CUST-188,41.0,Beauty & Care,Perfume 50ml, 84.89 ,4,CENTRAL,Bank Transfer,Mobile App,4.2,61.69,"Nov 03, 2023"
ORD-2130,CUST-298,24.0,Books,Business Strategy,40.2,1,International,Bank Transfer,Mobile App,4.9,133.87,"Mar 16, 2023"
ORD-1860,CUST-218,63.0,Beauty & Care,Hair Dryer,32.44,2,Central,Bank Transfer,Store Affiliate,3.4,118.37,06-09-2023
ORD-2126,CUST-257,59.0,Beauty & Care,Lipstick Matte,$35.06,3,Central,E-Wallet,Website,4.2,93.89,2023-04-26
